url,source,http_status,canonical,indexable,in_sitemap,page_type,country,primary_keyword,content_hash
https://courtiark.fr/,disque+sitemap,200,https://courtiark.fr/,oui,oui,FR,courtiark cockpit pour,02b96e2fb957ba38ed83cc50f1caefc7,89e6b774551499c4
https://courtiark.fr/a-propos,disque+sitemap,200,https://courtiark.fr/a-propos,oui,oui,FR,propos courtiark cockpit,aa42bde93f30178d3d09e2fca426a32f,52fbda76e13b11b8
https://courtiark.fr/assurances,disque+sitemap,200,https://courtiark.fr/assurances,oui,oui,FR,branches assurance courtiark,7cd86da799baf17db2fb578f7671301a,eb4e51e95e878641
https://courtiark.fr/assurances/assurance-auto,disque+sitemap,200,https://courtiark.fr/assurances/assurance-auto,oui,oui,FR,suivi dossiers assurance,85051313e9f31b937abb0d06e2469280,569366e33a358d99
https://courtiark.fr/assurances/multirisque-professionnelle,disque+sitemap,200,https://courtiark.fr/assurances/multirisque-professionnelle,oui,oui,FR,suivi dossiers multirisque,5f5fdf8d4269da8ec3cfea56c543303c,790cebc5cc430ce0
https://courtiark.fr/assurances/mutuelle-sante,disque+sitemap,200,https://courtiark.fr/assurances/mutuelle-sante,oui,oui,FR,suivi dossiers mutuelle,cbbd52d6bb6d84dfa673a8b36a39ba9e,0774e975c20a3fd2
https://courtiark.fr/assurances/prevoyance,disque+sitemap,200,https://courtiark.fr/assurances/prevoyance,oui,oui,FR,suivi dossiers voyance,c1d9b3ab30905c5d2706ea06ea63763e,c90435f64224a7ef
https://courtiark.fr/assurances/rc-pro,disque+sitemap,200,https://courtiark.fr/assurances/rc-pro,oui,oui,FR,suivi dossiers responsabilite,a007db194ded9f9dad103ac56f1d64e2,548617e65e68ba30
https://courtiark.fr/automatisation-courtier-assurance,disque+sitemap,200,https://courtiark.fr/automatisation-courtier-assurance,oui,oui,,,"Automatisation courtier assurance : ce qui est possible, ce ",accececeb478aeb8
https://courtiark.fr/ch,disque,200,https://courtiark.fr/ch,oui,non,,,Logiciel et CRM pour courtiers d'assurance en Suisse — COURT,eda613cf4cca7582
https://courtiark.fr/ch/automatisation-courtier-assurance-suisse,disque,200,https://courtiark.fr/ch/automatisation-courtier-assurance-suisse,oui,non,,,"Automatisation pour courtiers suisses : échéances, pièces, c",bfeb8079408c9a05
https://courtiark.fr/ch/conformite-intermediaire-assurance-lsa-finma,disque,200,https://courtiark.fr/ch/conformite-intermediaire-assurance-lsa-finma,oui,non,,,Conformité courtier d'assurance en Suisse : obligations LSA ,9c299585c188a53f
https://courtiark.fr/ch/crm-courtier-assurance-suisse,disque,200,https://courtiark.fr/ch/crm-courtier-assurance-suisse,oui,non,,,CRM pour courtier d'assurance en Suisse : le dossier client ,02bf0a5c9e87d0e0
https://courtiark.fr/ch/gestion-cabinet-courtage-suisse,disque,200,https://courtiark.fr/ch/gestion-cabinet-courtage-suisse,oui,non,,,Gestion d&#x27;un cabinet de courtage en Suisse — COURTIA,9fadd68262df1146
https://courtiark.fr/ch/gestion-commissions-courtier-assurance-suisse,disque,200,https://courtiark.fr/ch/gestion-commissions-courtier-assurance-suisse,oui,non,,,Gestion des commissions d'un courtier d'assurance en Suisse ,32525aba39047610
https://courtiark.fr/ch/gestion-documentaire-courtier-assurance-suisse,disque,200,https://courtiark.fr/ch/gestion-documentaire-courtier-assurance-suisse,oui,non,,,Gestion documentaire d&#x27;un courtier suisse : pièces et t,5453d38908682708
https://courtiark.fr/ch/gestion-portefeuille-assurance-suisse,disque,200,https://courtiark.fr/ch/gestion-portefeuille-assurance-suisse,oui,non,,,Gestion de portefeuille d'assurance en Suisse — contrats et ,d2dfccbbf778e8af
https://courtiark.fr/ch/glossaire,disque,200,https://courtiark.fr/ch/glossaire,oui,non,,,Glossaire suisse du courtage d&#x27;assurance — COURTIA,b12d631124dc6937
https://courtiark.fr/ch/ia-courtier-assurance-suisse,disque,200,https://courtiark.fr/ch/ia-courtier-assurance-suisse,oui,non,,,"IA pour courtier d'assurance en Suisse — ARK, l'assistance d",4be265f7e2f853f8
https://courtiark.fr/ch/import-portefeuille-courtier-assurance-suisse,disque,200,https://courtiark.fr/ch/import-portefeuille-courtier-assurance-suisse,oui,non,,,Changer de logiciel de courtage en Suisse : reprendre son po,56c77966879a3c7c
https://courtiark.fr/ch/logiciel-courtier-assurance-suisse,disque,200,https://courtiark.fr/ch/logiciel-courtier-assurance-suisse,oui,non,,,"Logiciel courtier assurance Suisse : dossier client, LSA, CH",56910eb7d1fe0679
https://courtiark.fr/ch/logiciel-devis-courtier-assurance-suisse,disque,200,https://courtiark.fr/ch/logiciel-devis-courtier-assurance-suisse,oui,non,,,Devis d'assurance en Suisse : produire et suivre ses proposi,c6012f3b2927f0d6
https://courtiark.fr/ch/logiciel-intermediaire-assurance-suisse,disque,200,https://courtiark.fr/ch/logiciel-intermediaire-assurance-suisse,oui,non,,,Logiciel pour intermédiaire d&#x27;assurance en Suisse — COU,5fcd4c6afb91c1d4
https://courtiark.fr/ch/logiciel-prospection-courtier-assurance-suisse,disque,200,https://courtiark.fr/ch/logiciel-prospection-courtier-assurance-suisse,oui,non,,,Logiciel de prospection pour courtier d'assurance en Suisse ,813b5362e8a27368
https://courtiark.fr/ch/nlpd-courtier-assurance,disque,200,https://courtiark.fr/ch/nlpd-courtier-assurance,oui,non,,,Données personnelles d&#x27;un courtier suisse : ce que la n,92c13da0f4549d64
https://courtiark.fr/ch/outils/calculateur-temps-administratif-suisse,disque,200,https://courtiark.fr/ch/outils/calculateur-temps-administratif-suisse,oui,non,,,Calculateur du temps administratif en Suisse (CHF) — COURTIA,95ab74a01460736c
https://courtiark.fr/ch/partenaires-apporteurs-courtier-assurance-suisse,disque,200,https://courtiark.fr/ch/partenaires-apporteurs-courtier-assurance-suisse,oui,non,,,Partenaires et apporteurs d&#x27;un cabinet suisse — COURTIA,c4620d9c83718919
https://courtiark.fr/ch/portail-client-assurance-suisse,disque,200,https://courtiark.fr/ch/portail-client-assurance-suisse,oui,non,,,Dépôt de pièces par le preneur d&#x27;assurance en Suisse — ,dcc873a2825e7a38
https://courtiark.fr/ch/relances-courtier-assurance-suisse,disque,200,https://courtiark.fr/ch/relances-courtier-assurance-suisse,oui,non,,,Relances et tâches pour courtier d'assurance en Suisse — COU,da56935426dca24b
https://courtiark.fr/ch/reporting-pilotage-courtier-assurance-suisse,disque,200,https://courtiark.fr/ch/reporting-pilotage-courtier-assurance-suisse,oui,non,,,Pilotage d&#x27;un cabinet de courtage suisse : indicateurs ,68ac5041e2da858a
https://courtiark.fr/ch/sinistres-courtier-assurance-suisse,disque,200,https://courtiark.fr/ch/sinistres-courtier-assurance-suisse,oui,non,,,Suivre un sinistre en Suisse — COURTIA,6f7ed666408e6dbc
https://courtiark.fr/ch/tarifs-logiciel-courtier-chf,disque,200,https://courtiark.fr/ch/tarifs-logiciel-courtier-chf,oui,non,,,Tarifs en CHF d'un logiciel de courtage d'assurance en Suiss,70ab6701bc7f7e5c
https://courtiark.fr/ch/workflows-courtier-assurance-suisse,disque,200,https://courtiark.fr/ch/workflows-courtier-assurance-suisse,oui,non,,,Processus pour courtiers en Suisse — COURTIA,065c3e4ff5447fa8
https://courtiark.fr/changelog,disque+sitemap,200,https://courtiark.fr/changelog,oui,oui,FR,journal modifications courtiark,fb4abb5628fd5873b53e51d0ae79392d,eb727e04e8116825
https://courtiark.fr/comparatifs,disque+sitemap,200,https://courtiark.fr/comparatifs,oui,oui,FR,comparatifs choisir outil,fd0bb140ca2e571a25f5ee753d636fd5,ea1c7998311ca580
https://courtiark.fr/comparatifs/crm-assurance-vs-crm-generaliste,disque+sitemap,200,https://courtiark.fr/comparatifs/crm-assurance-vs-crm-generaliste,oui,oui,FR,assurance raliste change,537a3a3b58644891d5f78af142707a50,ec4e27dbb5e2441c
https://courtiark.fr/comparatifs/excel-vs-crm-courtier-assurance,disque+sitemap,200,https://courtiark.fr/comparatifs/excel-vs-crm-courtier-assurance,oui,oui,FR,tableur courtier assurance,21aff6b710d35a8c21608d7119e598d1,ed2654dc6947af8e
https://courtiark.fr/comparatifs/logiciel-metier-vs-crm-generaliste,disque+sitemap,200,https://courtiark.fr/comparatifs/logiciel-metier-vs-crm-generaliste,oui,oui,FR,logiciel tier rique,f20f119957c9aba96494d0fe61a40de4,61248c82fdb41ef9
https://courtiark.fr/confidentialite,disque+sitemap,200,https://courtiark.fr/confidentialite,oui,oui,FR,confidentialite traitement donne,664767c3a2db8b8a2f9d7bb85418bc5a,d2a8e5d5aff58aa4
https://courtiark.fr/contact,disque+sitemap,200,https://courtiark.fr/contact,oui,oui,FR,contacter courtiark cockpit,b53e2a877239b66ee5ef0a1415590a4f,1da0f76ea60ce649
https://courtiark.fr/crm-courtier-assurance,disque+sitemap,200,https://courtiark.fr/crm-courtier-assurance,oui,oui,FR,courtier assurance centraliser,0b1704533cfad228ea819a15f6fa51ca,4d5dc1dde8f4a77d
https://courtiark.fr/demo,disque+sitemap,200,https://courtiark.fr/demo,oui,oui,FR,demander monstration courtiark,f495216e595fd5d33ddd3fedea41c11d,5deb0dc569b01ddb
https://courtiark.fr/fonctionnalites,disque+sitemap,200,https://courtiark.fr/fonctionnalites,oui,oui,FR,fonctionnalite courtier assurance,7156a4b6cab5f3610d676c844e52d4f0,2873cb54797c055d
https://courtiark.fr/fonctionnalites/assistant-ark,disque+sitemap,200,https://courtiark.fr/fonctionnalites/assistant-ark,oui,oui,FR,assistant documents pare,19ec395d71be0e2de37b294b1c4d2fff,2df4a86f569ff190
https://courtiark.fr/fonctionnalites/automatisation-relances,disque+sitemap,200,https://courtiark.fr/fonctionnalites/automatisation-relances,oui,oui,FR,automatisation relances courtier,1b1a861946db7ded16169016b674da95,feba1a96b8766cbf
https://courtiark.fr/fonctionnalites/compte-rendu-clients,disque+sitemap,200,https://courtiark.fr/fonctionnalites/compte-rendu-clients,oui,oui,FR,suivi changes clients,fcf6b718c8ddb181de7d5d4b754addd3,7772adcfa76adcf3
https://courtiark.fr/fonctionnalites/gestion-clients,disque+sitemap,200,https://courtiark.fr/fonctionnalites/gestion-clients,oui,oui,FR,gestion clients assurance,d01fcf023e5b15d6fd1873ab955456ed,f46b33c73e878e59
https://courtiark.fr/fonctionnalites/gestion-contrats,disque+sitemap,200,https://courtiark.fr/fonctionnalites/gestion-contrats,oui,oui,FR,gestion contrats assurance,66e9ee365e5cb245dbb0f25aac2f118c,fdfa8ed1fec6194c
https://courtiark.fr/fonctionnalites/gestion-documents-assurance,disque+sitemap,200,https://courtiark.fr/fonctionnalites/gestion-documents-assurance,oui,oui,FR,gestion documents assurance,82dbc1a7e67993a2ecc29e1080aabc9c,f908efeae6ce44a2
https://courtiark.fr/fonctionnalites/gestion-portefeuille-assurance,disque+sitemap,200,https://courtiark.fr/fonctionnalites/gestion-portefeuille-assurance,oui,oui,FR,gestion portefeuille assurance,a5c1812e3b73444a5f2f31633119a874,aa2619b75cbfe1e4
https://courtiark.fr/fonctionnalites/prospection-assurance,disque+sitemap,200,https://courtiark.fr/fonctionnalites/prospection-assurance,oui,oui,FR,prospection assurance rechercher,cab9df7d29ec96618c33af67f25743e5,8fef85bff1a8fb8c
https://courtiark.fr/fonctionnalites/relance-devis-assurance,disque+sitemap,200,https://courtiark.fr/fonctionnalites/relance-devis-assurance,oui,oui,FR,relance devis assurance,3ddc7653e5c05816929654951d7be33e,c2e8349a43525fc1
https://courtiark.fr/fonctionnalites/renouvellements-assurance,disque+sitemap,200,https://courtiark.fr/fonctionnalites/renouvellements-assurance,oui,oui,FR,renouvellements assurance anticiper,de6508655a147243ddfac95a06879137,458fb58e7f8159e6
https://courtiark.fr/fonctionnalites/reporting-courtier,disque+sitemap,200,https://courtiark.fr/fonctionnalites/reporting-courtier,oui,oui,FR,reporting courtier assurance,c7d7b0d678321f00657c72447ea57c9b,3102ee3f7078ae90
https://courtiark.fr/fr,disque,200,https://courtiark.fr/fr,oui,non,,,Logiciel et CRM pour courtiers d'assurance en France — COURT,ae0e497862a6f949
https://courtiark.fr/fr/alternative-courtigo,disque,200,https://courtiark.fr/fr/alternative-courtigo,oui,non,,,Alternative à CourtiGo : pourquoi les courtiers passent à CO,7bc375c16f3f519a
https://courtiark.fr/fr/alternative-kase,disque,200,https://courtiark.fr/fr/alternative-kase,oui,non,,,Alternative à Kase : pourquoi les courtiers passent à COURTI,2893af0952573ccc
https://courtiark.fr/fr/alternative-lya,disque,200,https://courtiark.fr/fr/alternative-lya,oui,non,,,Alternative à Lya : pourquoi les courtiers passent à COURTIA,758b2a4a53365798
https://courtiark.fr/fr/alternative-oggo-data,disque,200,https://courtiark.fr/fr/alternative-oggo-data,oui,non,,,Alternative à Oggo Data : pourquoi les courtiers passent à C,cf3f8335343ad2a0
https://courtiark.fr/fr/automatisation-courtier-assurance,disque,200,https://courtiark.fr/fr/automatisation-courtier-assurance,oui,non,,,"Automatisation courtier assurance : relances, tâches et docu",795e20fcee5d7864
https://courtiark.fr/fr/cartographie-courtiers-assurance-france,disque,200,https://courtiark.fr/fr/cartographie-courtiers-assurance-france,oui,non,,,Cartographie des courtiers d&#x27;assurance en France : les ,f7058b06bbaaf165
https://courtiark.fr/fr/checklists,disque,200,https://courtiark.fr/fr/checklists,oui,non,,,Checklists pour cabinet de courtage — COURTIA,abba3baa34e19079
https://courtiark.fr/fr/checklists/collecte-documentaire,disque,200,https://courtiark.fr/fr/checklists/collecte-documentaire,oui,non,,,Checklist : collecte documentaire — COURTIA,077540003a6cd75d
https://courtiark.fr/fr/checklists/onboarding-client,disque,200,https://courtiark.fr/fr/checklists/onboarding-client,oui,non,,,Checklist : onboarding d&#x27;un client signé — COURTIA,074feb53fa792009
https://courtiark.fr/fr/checklists/organisation-cabinet,disque,200,https://courtiark.fr/fr/checklists/organisation-cabinet,oui,non,,,Checklist : organisation du cabinet — COURTIA,4e2f7f6d3d332449
https://courtiark.fr/fr/checklists/preparation-audit,disque,200,https://courtiark.fr/fr/checklists/preparation-audit,oui,non,,,Checklist : préparer un contrôle dans un cabinet de courtage,c284704603a80e72
https://courtiark.fr/fr/checklists/renouvellement,disque,200,https://courtiark.fr/fr/checklists/renouvellement,oui,non,,,Checklist : renouvellement d&#x27;un contrat — COURTIA,c156f0bc54fa179b
https://courtiark.fr/fr/checklists/suivi-sinistre,disque,200,https://courtiark.fr/fr/checklists/suivi-sinistre,oui,non,,,Checklist : suivi d&#x27;un sinistre — COURTIA,1304c32b98b6ff12
https://courtiark.fr/fr/comparateur-assurance-courtier,disque,200,https://courtiark.fr/fr/comparateur-assurance-courtier,oui,non,,,Comparateur pour courtier d&#x27;assurance : comparer des pr,84f590e3fd2425b9
https://courtiark.fr/fr/comparatif/automatisation-vs-gestion-manuelle,disque,200,https://courtiark.fr/fr/comparatif/automatisation-vs-gestion-manuelle,oui,non,,,Automatiser ou continuer à la main : la frontière utile — CO,2fcb1d2d329e3c18
https://courtiark.fr/fr/comparatif/crm-courtier-vs-excel,disque,200,https://courtiark.fr/fr/comparatif/crm-courtier-vs-excel,oui,non,,,CRM courtier ou Excel : ce que le tableur ne peut pas tenir ,d8ea4ae7475136c1
https://courtiark.fr/fr/comparatif/crm-specialise-vs-crm-generaliste,disque,200,https://courtiark.fr/fr/comparatif/crm-specialise-vs-crm-generaliste,oui,non,,,CRM spécialisé courtage ou CRM généraliste : ce qui change —,bcff6fc897bad37e
https://courtiark.fr/fr/conformite-courtier-assurance,disque,200,https://courtiark.fr/fr/conformite-courtier-assurance,oui,non,,,"Conformité du cabinet de courtage : DDA, KYC, mandats — COUR",f34c1b1a8316ecb7
https://courtiark.fr/fr/courtia-logiciel-courtage-assurance,disque,200,https://courtiark.fr/fr/courtia-logiciel-courtage-assurance,oui,non,,,COURTIA : le logiciel de gestion pour courtiers en assurance,427c559411f4d0ab
https://courtiark.fr/fr/crm-courtier-assurance,disque,200,https://courtiark.fr/fr/crm-courtier-assurance,oui,non,,,"CRM courtier assurance : centraliser clients, contrats et re",451a4460f7461825
https://courtiark.fr/fr/demo-et-essai-gratuit,disque,200,https://courtiark.fr/fr/demo-et-essai-gratuit,oui,non,,,Voir COURTIA : démonstration publique et essai gratuit — COU,ebca77a08dd7adbf
https://courtiark.fr/fr/densite-courtage-grandes-villes-france,disque,200,https://courtiark.fr/fr/densite-courtage-grandes-villes-france,oui,non,,,Densité du courtage dans les grandes villes de France (donné,dc471be003d2fa7a
https://courtiark.fr/fr/dicter-compte-rendu-appel-assurance,disque,200,https://courtiark.fr/fr/dicter-compte-rendu-appel-assurance,oui,non,,,Dicter un compte rendu d&#x27;appel et préremplir la fiche —,523d865b6ca0543d
https://courtiark.fr/fr/evaluer-crm-courtier-assurance,disque,200,https://courtiark.fr/fr/evaluer-crm-courtier-assurance,oui,non,,,Comment évaluer un CRM pour courtier en assurance — COURTIA,eba49469fe08888b
https://courtiark.fr/fr/formation-equipe-courtier-assurance,disque,200,https://courtiark.fr/fr/formation-equipe-courtier-assurance,oui,non,,,Former son équipe de courtage dans l&#x27;outil — COURTIA,425145f0b50d2e4d
https://courtiark.fr/fr/gagner-du-temps-courtier-assurance,disque,200,https://courtiark.fr/fr/gagner-du-temps-courtier-assurance,oui,non,,,Gagner du temps en cabinet de courtage : où le temps se perd,a273f91b54535a84
https://courtiark.fr/fr/gain-de-temps/commissions-et-pilotage,disque,200,https://courtiark.fr/fr/gain-de-temps/commissions-et-pilotage,oui,non,,,Commissions et pilotage — gagner du temps au cabinet,6dd012446ff9afb6
https://courtiark.fr/fr/gain-de-temps/documents-et-pieces,disque,200,https://courtiark.fr/fr/gain-de-temps/documents-et-pieces,oui,non,,,"Documents et pièces : collecter, classer, exploiter — gagner",1bd8d523771dfd8c
https://courtiark.fr/fr/gain-de-temps/relances-et-suivi-client,disque,200,https://courtiark.fr/fr/gain-de-temps/relances-et-suivi-client,oui,non,,,Relances et suivi client — gagner du temps au cabinet,f88b9a9c4d17e292
https://courtiark.fr/fr/gain-de-temps/renouvellements-et-echeances,disque,200,https://courtiark.fr/fr/gain-de-temps/renouvellements-et-echeances,oui,non,,,Renouvellements et échéances — gagner du temps au cabinet,9c56e32474dc9bcd
https://courtiark.fr/fr/gain-de-temps/sinistres-et-conformite,disque,200,https://courtiark.fr/fr/gain-de-temps/sinistres-et-conformite,oui,non,,,Sinistres et conformité — gagner du temps au cabinet,728020fa3812ab1b
https://courtiark.fr/fr/gain-de-temps/temps-administratif-et-double-saisie,disque,200,https://courtiark.fr/fr/gain-de-temps/temps-administratif-et-double-saisie,oui,non,,,Temps administratif et double saisie — gagner du temps au ca,557966156632120a
https://courtiark.fr/fr/gestion-commissions-courtier-assurance,disque,200,https://courtiark.fr/fr/gestion-commissions-courtier-assurance,oui,non,,,Gestion des commissions d&#x27;un cabinet de courtage — COUR,6f759d9a543c837f
https://courtiark.fr/fr/gestion-documentaire-courtier-assurance,disque,200,https://courtiark.fr/fr/gestion-documentaire-courtier-assurance,oui,non,,,"Gestion documentaire du courtier : pièces, documents, traçab",8d42728733cf1fe5
https://courtiark.fr/fr/gestion-portefeuille-courtier,disque,200,https://courtiark.fr/fr/gestion-portefeuille-courtier,oui,non,,,"Gestion de portefeuille courtier : contrats, échéances, reno",cd372e2cc45f9308
https://courtiark.fr/fr/gestion-prospects-clients-courtier-assurance,disque,200,https://courtiark.fr/fr/gestion-prospects-clients-courtier-assurance,oui,non,,,Gérer prospects et clients dans un cabinet de courtage — COU,190bdb9ba436f893
https://courtiark.fr/fr/gestion-taches-cabinet-courtage,disque,200,https://courtiark.fr/fr/gestion-taches-cabinet-courtage,oui,non,,,Gestion des tâches d&#x27;un cabinet de courtage — COURTIA,72d99d571aad5ef6
https://courtiark.fr/fr/glossaire,disque,200,https://courtiark.fr/fr/glossaire,oui,non,,,Glossaire du courtage d&#x27;assurance — COURTIA,d6fe95af70adc1d8
https://courtiark.fr/fr/glossaire/commissions,disque,200,https://courtiark.fr/fr/glossaire/commissions,oui,non,,,Commission de courtage : définition et usage en cabinet — CO,6e6b64ab1174d428
https://courtiark.fr/fr/glossaire/courtier-assurance,disque,200,https://courtiark.fr/fr/glossaire/courtier-assurance,oui,non,,,Courtier d&#x27;assurance : définition et usage en cabinet —,b0236cf8cb8418f2
https://courtiark.fr/fr/glossaire/dda,disque,200,https://courtiark.fr/fr/glossaire/dda,oui,non,,,DDA (directive sur la distribution d&#x27;assurances) : défi,87e1276bc937d89e
https://courtiark.fr/fr/glossaire/devoir-de-conseil,disque,200,https://courtiark.fr/fr/glossaire/devoir-de-conseil,oui,non,,,Devoir de conseil : définition et usage en cabinet — COURTIA,4461b1f0e5e0d4dd
https://courtiark.fr/fr/glossaire/echeance-contrat,disque,200,https://courtiark.fr/fr/glossaire/echeance-contrat,oui,non,,,Échéance de contrat : définition et usage en cabinet — COURT,3ba30d48793bcdb4
https://courtiark.fr/fr/glossaire/finma,disque,200,https://courtiark.fr/fr/glossaire/finma,oui,non,,,FINMA (Suisse) : définition et usage en cabinet — COURTIA,8766915eeab1d7ab
https://courtiark.fr/fr/glossaire/intermediaire-assurance,disque,200,https://courtiark.fr/fr/glossaire/intermediaire-assurance,oui,non,,,Intermédiaire d&#x27;assurance (Suisse) : définition et usag,7ab9bd5d2a4971e0
https://courtiark.fr/fr/glossaire/logiciel-courtier,disque,200,https://courtiark.fr/fr/glossaire/logiciel-courtier,oui,non,,,Logiciel de courtier (CRM de courtage) : définition et usage,31781367eb68266f
https://courtiark.fr/fr/glossaire/nlpd,disque,200,https://courtiark.fr/fr/glossaire/nlpd,oui,non,,,nLPD (Suisse) : définition et usage en cabinet — COURTIA,171f16f9d83ff14a
https://courtiark.fr/fr/glossaire/onboarding-client,disque,200,https://courtiark.fr/fr/glossaire/onboarding-client,oui,non,,,Onboarding client : définition et usage en cabinet — COURTIA,e73f4b5f24f6096d
https://courtiark.fr/fr/glossaire/pipeline,disque,200,https://courtiark.fr/fr/glossaire/pipeline,oui,non,,,Pipeline commercial : définition et usage en cabinet — COURT,3d2b07ac4e02098b
https://courtiark.fr/fr/glossaire/portefeuille,disque,200,https://courtiark.fr/fr/glossaire/portefeuille,oui,non,,,Portefeuille de contrats : définition et usage en cabinet — ,39c5a1f71967b365
https://courtiark.fr/fr/glossaire/prospect,disque,200,https://courtiark.fr/fr/glossaire/prospect,oui,non,,,Prospect : définition et usage en cabinet — COURTIA,e6f8059ea3e67ee3
https://courtiark.fr/fr/glossaire/relance,disque,200,https://courtiark.fr/fr/glossaire/relance,oui,non,,,Relance : définition et usage en cabinet — COURTIA,9f01674482769cb0
https://courtiark.fr/fr/glossaire/sinistre,disque,200,https://courtiark.fr/fr/glossaire/sinistre,oui,non,,,Sinistre : définition et usage en cabinet — COURTIA,ce2b3d0a42795c3e
https://courtiark.fr/fr/guide/audit-acpr,disque,200,https://courtiark.fr/fr/guide/audit-acpr,oui,non,,,Audit ACPR : la check-list — Guide COURTIA · courtiark.fr,1c6a2538aba88337
https://courtiark.fr/fr/guide/automatiser-relances-courtier,disque,200,https://courtiark.fr/fr/guide/automatiser-relances-courtier,oui,non,,,Automatiser les relances d&#x27;un cabinet de courtage — COU,30eba0b17748d3d4
https://courtiark.fr/fr/guide/centraliser-dossiers-clients,disque,200,https://courtiark.fr/fr/guide/centraliser-dossiers-clients,oui,non,,,Centraliser ses dossiers clients : méthode pour un cabinet —,003819e05adb0362
https://courtiark.fr/fr/guide/choisir-crm-cabinet-courtage,disque,200,https://courtiark.fr/fr/guide/choisir-crm-cabinet-courtage,oui,non,,,Comment choisir un CRM pour un cabinet de courtage : la gril,ef3fb20d3888ca85
https://courtiark.fr/fr/guide/conformite-2026,disque,200,https://courtiark.fr/fr/guide/conformite-2026,oui,non,,,Conformité courtage 2026 : le calendrier — Guide COURTIA · c,49d249fd273069b6
https://courtiark.fr/fr/guide/dda-15h,disque,200,https://courtiark.fr/fr/guide/dda-15h,oui,non,,,DDA : prouver ses 15h de formation — Guide COURTIA · courtia,f16a273683f8927a
https://courtiark.fr/fr/guide/devoir-de-conseil,disque,200,https://courtiark.fr/fr/guide/devoir-de-conseil,oui,non,,,Devoir de conseil du courtier — Guide COURTIA · courtiark.fr,813fd436ba010eb0
https://courtiark.fr/fr/guide/integrer-ia-cabinet-courtage,disque,200,https://courtiark.fr/fr/guide/integrer-ia-cabinet-courtage,oui,non,,,Intégrer l&#x27;IA dans un cabinet de courtage : méthode — C,862ac54754d76c6d
https://courtiark.fr/fr/guide/ipid,disque,200,https://courtiark.fr/fr/guide/ipid,oui,non,,,IPID : le document d&#x27;information produit — Guide COURTI,650de93c737dfa48
https://courtiark.fr/fr/guide/lcb-ft,disque,200,https://courtiark.fr/fr/guide/lcb-ft,oui,non,,,LCB-FT : conformité du courtier — Guide COURTIA · courtiark.,03302c2bd228530a
https://courtiark.fr/fr/guide/onboarding-client-courtier,disque,200,https://courtiark.fr/fr/guide/onboarding-client-courtier,oui,non,,,Onboarding client dans un cabinet de courtage : la méthode —,731c6fdf0f41c9c1
https://courtiark.fr/fr/guide/organiser-renouvellements-courtier,disque,200,https://courtiark.fr/fr/guide/organiser-renouvellements-courtier,oui,non,,,Organiser les renouvellements d&#x27;assurance : méthode cab,856e13f0cbd4be26
https://courtiark.fr/fr/guide/reforme-courtage,disque,200,https://courtiark.fr/fr/guide/reforme-courtage,oui,non,,,Réforme du courtage : adhésion association — Guide COURTIA ·,f976d0a14b42ea04
https://courtiark.fr/fr/guide/rgpd-courtier,disque,200,https://courtiark.fr/fr/guide/rgpd-courtier,oui,non,,,RGPD pour courtiers : registre Art.30 — Guide COURTIA · cour,2bf96a82a34c6f14
https://courtiark.fr/fr/guide/sanctions-acpr,disque,200,https://courtiark.fr/fr/guide/sanctions-acpr,oui,non,,,Sanctions ACPR : ce qu&#x27;il faut retenir — Guide COURTIA ,60c0c18b0aa5dd9b
https://courtiark.fr/fr/guide/structurer-pipeline-courtier,disque,200,https://courtiark.fr/fr/guide/structurer-pipeline-courtier,oui,non,,,Structurer un pipeline commercial de courtage : méthode — CO,948c70b1fb6c84e2
https://courtiark.fr/fr/guide/suivre-prospects-courtier,disque,200,https://courtiark.fr/fr/guide/suivre-prospects-courtier,oui,non,,,Suivre ses prospects dans un cabinet de courtage : méthode —,5a780689a38d114f
https://courtiark.fr/fr/guide/verification-orias,disque,200,https://courtiark.fr/fr/guide/verification-orias,oui,non,,,Vérifier un numéro ORIAS — Guide COURTIA · courtiark.fr,b2b539028f46fa2d
https://courtiark.fr/fr/historique-corrections-courtia,disque,200,https://courtiark.fr/fr/historique-corrections-courtia,oui,non,,,Historique des corrections — COURTIA,fe8b0d8c4e1d3d23
https://courtiark.fr/fr/ia-courtier-assurance,disque,200,https://courtiark.fr/fr/ia-courtier-assurance,oui,non,,,IA pour courtier d&#x27;assurance : à quoi ça sert vraiment ,413a86b983591f60
https://courtiark.fr/fr/ia-gestion-documentaire-assurance,disque,200,https://courtiark.fr/fr/ia-gestion-documentaire-assurance,oui,non,,,IA documentaire pour courtier : lire les pièces sans les rec,01dcfc2232fa2158
https://courtiark.fr/fr/import-portefeuille-courtier-assurance,disque,200,https://courtiark.fr/fr/import-portefeuille-courtier-assurance,oui,non,,,Changer de logiciel de courtage : reprendre son portefeuille,da7f0db0fe1d4214
https://courtiark.fr/fr/logiciel-courtier-assurance,disque,200,https://courtiark.fr/fr/logiciel-courtier-assurance,oui,non,,,"Logiciel courtier assurance : dossier, relances, commissions",3c5ff577ec57851d
https://courtiark.fr/fr/logiciel-courtier-assurance-agen,disque,200,https://courtiark.fr/fr/logiciel-courtier-assurance-agen,non,non,,,Logiciel pour courtier d&#x27;assurance à Agen — COURTIA · c,727e56cdd18ebbe1
https://courtiark.fr/fr/logiciel-courtier-assurance-aix-en-provence,disque,200,https://courtiark.fr/fr/logiciel-courtier-assurance-aix-en-provence,non,non,,,Logiciel pour courtier d&#x27;assurance à Aix-en-Provence — ,6340e59c4a1ef8b4
https://courtiark.fr/fr/logiciel-courtier-assurance-ajaccio,disque,200,https://courtiark.fr/fr/logiciel-courtier-assurance-ajaccio,non,non,,,Logiciel pour courtier d&#x27;assurance à Ajaccio — COURTIA ,5848087c186ae7e5
https://courtiark.fr/fr/logiciel-courtier-assurance-albi,disque,200,https://courtiark.fr/fr/logiciel-courtier-assurance-albi,non,non,,,Logiciel pour courtier d&#x27;assurance à Albi — COURTIA · c,47688fc07d79c147
https://courtiark.fr/fr/logiciel-courtier-assurance-alencon,disque,200,https://courtiark.fr/fr/logiciel-courtier-assurance-alencon,non,non,,,Logiciel pour courtier d&#x27;assurance à Alençon — COURTIA ,1e4bb46b330bb849
https://courtiark.fr/fr/logiciel-courtier-assurance-amiens,disque,200,https://courtiark.fr/fr/logiciel-courtier-assurance-amiens,non,non,,,Logiciel pour courtier d&#x27;assurance à Amiens — COURTIA ·,9d8b1681935995c4
https://courtiark.fr/fr/logiciel-courtier-assurance-angers,disque,200,https://courtiark.fr/fr/logiciel-courtier-assurance-angers,non,non,,,Logiciel pour courtier d&#x27;assurance à Angers — COURTIA ·,efe0c8a2d81b98c7
https://courtiark.fr/fr/logiciel-courtier-assurance-anglet,disque,200,https://courtiark.fr/fr/logiciel-courtier-assurance-anglet,non,non,,,Logiciel pour courtier d&#x27;assurance à Anglet — COURTIA ·,3668f665cc3e9ef6
https://courtiark.fr/fr/logiciel-courtier-assurance-angouleme,disque,200,https://courtiark.fr/fr/logiciel-courtier-assurance-angouleme,non,non,,,Logiciel pour courtier d&#x27;assurance à Angoulême — COURTI,7842e0ad8c254326
https://courtiark.fr/fr/logiciel-courtier-assurance-annecy,disque,200,https://courtiark.fr/fr/logiciel-courtier-assurance-annecy,non,non,,,Logiciel pour courtier d&#x27;assurance à Annecy — COURTIA ·,36e00534166cd418
https://courtiark.fr/fr/logiciel-courtier-assurance-antibes,disque,200,https://courtiark.fr/fr/logiciel-courtier-assurance-antibes,non,non,,,Logiciel pour courtier d&#x27;assurance à Antibes — COURTIA ,e13dd7209771c700
https://courtiark.fr/fr/logiciel-courtier-assurance-antony,disque,200,https://courtiark.fr/fr/logiciel-courtier-assurance-antony,non,non,,,Logiciel pour courtier d&#x27;assurance à Antony — COURTIA ·,e32e5dd87e069aeb
https://courtiark.fr/fr/logiciel-courtier-assurance-arles,disque,200,https://courtiark.fr/fr/logiciel-courtier-assurance-arles,non,non,,,Logiciel pour courtier d&#x27;assurance à Arles — COURTIA · ,7bee0300ebf12ac0
https://courtiark.fr/fr/logiciel-courtier-assurance-arras,disque,200,https://courtiark.fr/fr/logiciel-courtier-assurance-arras,non,non,,,Logiciel pour courtier d&#x27;assurance à Arras — COURTIA · ,12284dd02a8383bf
https://courtiark.fr/fr/logiciel-courtier-assurance-aubagne,disque,200,https://courtiark.fr/fr/logiciel-courtier-assurance-aubagne,non,non,,,Logiciel pour courtier d&#x27;assurance à Aubagne — COURTIA ,94b5dd45be54b93b
https://courtiark.fr/fr/logiciel-courtier-assurance-aubervilliers,disque,200,https://courtiark.fr/fr/logiciel-courtier-assurance-aubervilliers,non,non,,,Logiciel pour courtier d&#x27;assurance à Aubervilliers — CO,f3613e6672cd4a24
https://courtiark.fr/fr/logiciel-courtier-assurance-auch,disque,200,https://courtiark.fr/fr/logiciel-courtier-assurance-auch,non,non,,,Logiciel pour courtier d&#x27;assurance à Auch — COURTIA · c,5f8b47d9d340638c
https://courtiark.fr/fr/logiciel-courtier-assurance-aulnay-sous-bois,disque,200,https://courtiark.fr/fr/logiciel-courtier-assurance-aulnay-sous-bois,non,non,,,Logiciel pour courtier d&#x27;assurance à Aulnay-sous-Bois —,40be52d47bb3331f
https://courtiark.fr/fr/logiciel-courtier-assurance-avignon,disque,200,https://courtiark.fr/fr/logiciel-courtier-assurance-avignon,non,non,,,Logiciel pour courtier d&#x27;assurance à Avignon — COURTIA ,6eaaf63d95f791a4
https://courtiark.fr/fr/logiciel-courtier-assurance-bagnolet,disque,200,https://courtiark.fr/fr/logiciel-courtier-assurance-bagnolet,non,non,,,Logiciel pour courtier d&#x27;assurance à Bagnolet — COURTIA,30c25fcc96562452
https://courtiark.fr/fr/logiciel-courtier-assurance-bastia,disque,200,https://courtiark.fr/fr/logiciel-courtier-assurance-bastia,non,non,,,Logiciel pour courtier d&#x27;assurance à Bastia — COURTIA ·,afd2559c793dfe30
https://courtiark.fr/fr/logiciel-courtier-assurance-bayeux,disque,200,https://courtiark.fr/fr/logiciel-courtier-assurance-bayeux,non,non,,,Logiciel pour courtier d&#x27;assurance à Bayeux — COURTIA ·,e40a6c989f044738
https://courtiark.fr/fr/logiciel-courtier-assurance-bayonne,disque,200,https://courtiark.fr/fr/logiciel-courtier-assurance-bayonne,non,non,,,Logiciel pour courtier d&#x27;assurance à Bayonne — COURTIA ,a19654071ed1bb67
https://courtiark.fr/fr/logiciel-courtier-assurance-beauvais,disque,200,https://courtiark.fr/fr/logiciel-courtier-assurance-beauvais,non,non,,,Logiciel pour courtier d&#x27;assurance à Beauvais — COURTIA,bb8ad15f4a0edc58
https://courtiark.fr/fr/logiciel-courtier-assurance-belfort,disque,200,https://courtiark.fr/fr/logiciel-courtier-assurance-belfort,non,non,,,Logiciel pour courtier d&#x27;assurance à Belfort — COURTIA ,62c622cb1899f469
https://courtiark.fr/fr/logiciel-courtier-assurance-bergerac,disque,200,https://courtiark.fr/fr/logiciel-courtier-assurance-bergerac,non,non,,,Logiciel pour courtier d&#x27;assurance à Bergerac — COURTIA,87d7b072d5c38669
https://courtiark.fr/fr/logiciel-courtier-assurance-besancon,disque,200,https://courtiark.fr/fr/logiciel-courtier-assurance-besancon,non,non,,,Logiciel pour courtier d&#x27;assurance à Besançon — COURTIA,d42022622ba2114e
https://courtiark.fr/fr/logiciel-courtier-assurance-beziers,disque,200,https://courtiark.fr/fr/logiciel-courtier-assurance-beziers,non,non,,,Logiciel pour courtier d&#x27;assurance à Béziers — COURTIA ,8d24ab7b889c1329
https://courtiark.fr/fr/logiciel-courtier-assurance-biarritz,disque,200,https://courtiark.fr/fr/logiciel-courtier-assurance-biarritz,non,non,,,Logiciel pour courtier d&#x27;assurance à Biarritz — COURTIA,b3007c2a1f6cf9fe
https://courtiark.fr/fr/logiciel-courtier-assurance-blois,disque,200,https://courtiark.fr/fr/logiciel-courtier-assurance-blois,non,non,,,Logiciel pour courtier d&#x27;assurance à Blois — COURTIA · ,8d4ad2183eb5de8d
https://courtiark.fr/fr/logiciel-courtier-assurance-bobigny,disque,200,https://courtiark.fr/fr/logiciel-courtier-assurance-bobigny,non,non,,,Logiciel pour courtier d&#x27;assurance à Bobigny — COURTIA ,ba7c906b81d65cfd
https://courtiark.fr/fr/logiciel-courtier-assurance-bondy,disque,200,https://courtiark.fr/fr/logiciel-courtier-assurance-bondy,non,non,,,Logiciel pour courtier d&#x27;assurance à Bondy — COURTIA · ,32020c4d4344c566
https://courtiark.fr/fr/logiciel-courtier-assurance-bordeaux,disque,200,https://courtiark.fr/fr/logiciel-courtier-assurance-bordeaux,oui,non,,,Logiciel courtier assurance à Bordeaux — CRM et automatisati,da57a25132cb5c91
https://courtiark.fr/fr/logiciel-courtier-assurance-boulogne-sur-mer,disque,200,https://courtiark.fr/fr/logiciel-courtier-assurance-boulogne-sur-mer,non,non,,,Logiciel pour courtier d&#x27;assurance à Boulogne-sur-Mer —,18a012efa55ab409
https://courtiark.fr/fr/logiciel-courtier-assurance-bourg-en-bresse,disque,200,https://courtiark.fr/fr/logiciel-courtier-assurance-bourg-en-bresse,non,non,,,Logiciel pour courtier d&#x27;assurance à Bourg-en-Bresse — ,d12cd019f39faade
https://courtiark.fr/fr/logiciel-courtier-assurance-bourges,disque,200,https://courtiark.fr/fr/logiciel-courtier-assurance-bourges,non,non,,,Logiciel pour courtier d&#x27;assurance à Bourges — COURTIA ,7a3bf59595e77a42
https://courtiark.fr/fr/logiciel-courtier-assurance-brest,disque,200,https://courtiark.fr/fr/logiciel-courtier-assurance-brest,non,non,,,Logiciel pour courtier d&#x27;assurance à Brest — COURTIA · ,01d2c534b97e11d2
https://courtiark.fr/fr/logiciel-courtier-assurance-caen,disque,200,https://courtiark.fr/fr/logiciel-courtier-assurance-caen,non,non,,,Logiciel pour courtier d&#x27;assurance à Caen — COURTIA · c,fb5d7bd5105bd31f
https://courtiark.fr/fr/logiciel-courtier-assurance-cagnes-sur-mer,disque,200,https://courtiark.fr/fr/logiciel-courtier-assurance-cagnes-sur-mer,non,non,,,Logiciel pour courtier d&#x27;assurance à Cagnes-sur-Mer — C,b968aae2458f7902
https://courtiark.fr/fr/logiciel-courtier-assurance-cahors,disque,200,https://courtiark.fr/fr/logiciel-courtier-assurance-cahors,non,non,,,Logiciel pour courtier d&#x27;assurance à Cahors — COURTIA ·,2e003c61e9934114
https://courtiark.fr/fr/logiciel-courtier-assurance-calais,disque,200,https://courtiark.fr/fr/logiciel-courtier-assurance-calais,non,non,,,Logiciel pour courtier d&#x27;assurance à Calais — COURTIA ·,5fddd3b2112e3522
https://courtiark.fr/fr/logiciel-courtier-assurance-cambrai,disque,200,https://courtiark.fr/fr/logiciel-courtier-assurance-cambrai,non,non,,,Logiciel pour courtier d&#x27;assurance à Cambrai — COURTIA ,fceca9fffdf80d73
https://courtiark.fr/fr/logiciel-courtier-assurance-cannes,disque,200,https://courtiark.fr/fr/logiciel-courtier-assurance-cannes,non,non,,,Logiciel pour courtier d&#x27;assurance à Cannes — COURTIA ·,1e53c39603771c4f
https://courtiark.fr/fr/logiciel-courtier-assurance-carcassonne,disque,200,https://courtiark.fr/fr/logiciel-courtier-assurance-carcassonne,non,non,,,Logiciel pour courtier d&#x27;assurance à Carcassonne — COUR,b68e3e26183e078f
https://courtiark.fr/fr/logiciel-courtier-assurance-carpentras,disque,200,https://courtiark.fr/fr/logiciel-courtier-assurance-carpentras,non,non,,,Logiciel pour courtier d&#x27;assurance à Carpentras — COURT,e3b5b8ada3234435
https://courtiark.fr/fr/logiciel-courtier-assurance-cergy,disque,200,https://courtiark.fr/fr/logiciel-courtier-assurance-cergy,non,non,,,Logiciel pour courtier d&#x27;assurance à Cergy — COURTIA · ,f4d4a1984617dced
https://courtiark.fr/fr/logiciel-courtier-assurance-chalon-sur-saone,disque,200,https://courtiark.fr/fr/logiciel-courtier-assurance-chalon-sur-saone,non,non,,,Logiciel pour courtier d&#x27;assurance à Chalon-sur-Saône —,9488f433ca64f606
https://courtiark.fr/fr/logiciel-courtier-assurance-chambery,disque,200,https://courtiark.fr/fr/logiciel-courtier-assurance-chambery,non,non,,,Logiciel pour courtier d&#x27;assurance à Chambéry — COURTIA,06ead92eeba181e7
https://courtiark.fr/fr/logiciel-courtier-assurance-charenton,disque,200,https://courtiark.fr/fr/logiciel-courtier-assurance-charenton,non,non,,,Logiciel pour courtier d&#x27;assurance à Charenton — COURTI,9a9eb8b6c55c28db
https://courtiark.fr/fr/logiciel-courtier-assurance-charleville-mezieres,disque,200,https://courtiark.fr/fr/logiciel-courtier-assurance-charleville-mezieres,non,non,,,Logiciel pour courtier d&#x27;assurance à Charleville-Mézièr,ddfa9d4a3a3bc691
https://courtiark.fr/fr/logiciel-courtier-assurance-chartres,disque,200,https://courtiark.fr/fr/logiciel-courtier-assurance-chartres,non,non,,,Logiciel pour courtier d&#x27;assurance à Chartres — COURTIA,f0ab20187312fafc
https://courtiark.fr/fr/logiciel-courtier-assurance-chateauroux,disque,200,https://courtiark.fr/fr/logiciel-courtier-assurance-chateauroux,non,non,,,Logiciel pour courtier d&#x27;assurance à Châteauroux — COUR,babd509e0250f1d9
https://courtiark.fr/fr/logiciel-courtier-assurance-chelles,disque,200,https://courtiark.fr/fr/logiciel-courtier-assurance-chelles,non,non,,,Logiciel pour courtier d&#x27;assurance à Chelles — COURTIA ,e1e1410bd353b046
https://courtiark.fr/fr/logiciel-courtier-assurance-cherbourg,disque,200,https://courtiark.fr/fr/logiciel-courtier-assurance-cherbourg,non,non,,,Logiciel pour courtier d&#x27;assurance à Cherbourg — COURTI,48fe3a300130a0f9
https://courtiark.fr/fr/logiciel-courtier-assurance-cholet,disque,200,https://courtiark.fr/fr/logiciel-courtier-assurance-cholet,non,non,,,Logiciel pour courtier d&#x27;assurance à Cholet — COURTIA ·,5d78a68fd48d8800
https://courtiark.fr/fr/logiciel-courtier-assurance-clermont-ferrand,disque,200,https://courtiark.fr/fr/logiciel-courtier-assurance-clermont-ferrand,non,non,,,Logiciel pour courtier d&#x27;assurance à Clermont-Ferrand —,5f72ca9ad9ee3e18
https://courtiark.fr/fr/logiciel-courtier-assurance-clichy,disque,200,https://courtiark.fr/fr/logiciel-courtier-assurance-clichy,non,non,,,Logiciel pour courtier d&#x27;assurance à Clichy — COURTIA ·,dde915b716be2804
https://courtiark.fr/fr/logiciel-courtier-assurance-colmar,disque,200,https://courtiark.fr/fr/logiciel-courtier-assurance-colmar,non,non,,,Logiciel pour courtier d&#x27;assurance à Colmar — COURTIA ·,4487cbc4a5d031e7
https://courtiark.fr/fr/logiciel-courtier-assurance-compiegne,disque,200,https://courtiark.fr/fr/logiciel-courtier-assurance-compiegne,non,non,,,Logiciel pour courtier d&#x27;assurance à Compiègne — COURTI,9d95484ac9df4188
https://courtiark.fr/fr/logiciel-courtier-assurance-courbevoie,disque,200,https://courtiark.fr/fr/logiciel-courtier-assurance-courbevoie,non,non,,,Logiciel pour courtier d&#x27;assurance à Courbevoie — COURT,030a132e872e7aa9
https://courtiark.fr/fr/logiciel-courtier-assurance-creteil,disque,200,https://courtiark.fr/fr/logiciel-courtier-assurance-creteil,non,non,,,Logiciel pour courtier d&#x27;assurance à Créteil — COURTIA ,20d513af1aa0d00c
https://courtiark.fr/fr/logiciel-courtier-assurance-dax,disque,200,https://courtiark.fr/fr/logiciel-courtier-assurance-dax,non,non,,,Logiciel pour courtier d&#x27;assurance à Dax — COURTIA · co,2cb1750d3e693280
https://courtiark.fr/fr/logiciel-courtier-assurance-dijon,disque,200,https://courtiark.fr/fr/logiciel-courtier-assurance-dijon,non,non,,,Logiciel pour courtier d&#x27;assurance à Dijon — COURTIA · ,bfc3b4d960ac6881
https://courtiark.fr/fr/logiciel-courtier-assurance-dole,disque,200,https://courtiark.fr/fr/logiciel-courtier-assurance-dole,non,non,,,Logiciel pour courtier d&#x27;assurance à Dole — COURTIA · c,7bfe7605a078e7fe
https://courtiark.fr/fr/logiciel-courtier-assurance-douai,disque,200,https://courtiark.fr/fr/logiciel-courtier-assurance-douai,non,non,,,Logiciel pour courtier d&#x27;assurance à Douai — COURTIA · ,c2d033d26436b60a
https://courtiark.fr/fr/logiciel-courtier-assurance-draguignan,disque,200,https://courtiark.fr/fr/logiciel-courtier-assurance-draguignan,non,non,,,Logiciel pour courtier d&#x27;assurance à Draguignan — COURT,0d910c6e8b0ad8da
https://courtiark.fr/fr/logiciel-courtier-assurance-drancy,disque,200,https://courtiark.fr/fr/logiciel-courtier-assurance-drancy,non,non,,,Logiciel pour courtier d&#x27;assurance à Drancy — COURTIA ·,dc6f9e7b1fa0eae0
https://courtiark.fr/fr/logiciel-courtier-assurance-dreux,disque,200,https://courtiark.fr/fr/logiciel-courtier-assurance-dreux,non,non,,,Logiciel pour courtier d&#x27;assurance à Dreux — COURTIA · ,98e0ff5401ef8f7e
https://courtiark.fr/fr/logiciel-courtier-assurance-dunkerque,disque,200,https://courtiark.fr/fr/logiciel-courtier-assurance-dunkerque,non,non,,,Logiciel pour courtier d&#x27;assurance à Dunkerque — COURTI,861596a5c2df03cf
https://courtiark.fr/fr/logiciel-courtier-assurance-epinal,disque,200,https://courtiark.fr/fr/logiciel-courtier-assurance-epinal,non,non,,,Logiciel pour courtier d&#x27;assurance à Épinal — COURTIA ·,645d85c6954d5429
https://courtiark.fr/fr/logiciel-courtier-assurance-evreux,disque,200,https://courtiark.fr/fr/logiciel-courtier-assurance-evreux,non,non,,,Logiciel pour courtier d&#x27;assurance à Évreux — COURTIA ·,f29faf853f4e5637
https://courtiark.fr/fr/logiciel-courtier-assurance-evry,disque,200,https://courtiark.fr/fr/logiciel-courtier-assurance-evry,non,non,,,Logiciel pour courtier d&#x27;assurance à Évry — COURTIA · c,d0ff172ec53cf79a
https://courtiark.fr/fr/logiciel-courtier-assurance-fontainebleau,disque,200,https://courtiark.fr/fr/logiciel-courtier-assurance-fontainebleau,non,non,,,Logiciel pour courtier d&#x27;assurance à Fontainebleau — CO,e30f0688d26d350f
https://courtiark.fr/fr/logiciel-courtier-assurance-forbach,disque,200,https://courtiark.fr/fr/logiciel-courtier-assurance-forbach,non,non,,,Logiciel pour courtier d&#x27;assurance à Forbach — COURTIA ,843c2dd18ebc426e
https://courtiark.fr/fr/logiciel-courtier-assurance-frejus,disque,200,https://courtiark.fr/fr/logiciel-courtier-assurance-frejus,non,non,,,Logiciel pour courtier d&#x27;assurance à Fréjus — COURTIA ·,913478c9c6bf9946
https://courtiark.fr/fr/logiciel-courtier-assurance-gap,disque,200,https://courtiark.fr/fr/logiciel-courtier-assurance-gap,non,non,,,Logiciel pour courtier d&#x27;assurance à Gap — COURTIA · co,68de83b469dda868
https://courtiark.fr/fr/logiciel-courtier-assurance-grasse,disque,200,https://courtiark.fr/fr/logiciel-courtier-assurance-grasse,non,non,,,Logiciel pour courtier d&#x27;assurance à Grasse — COURTIA ·,4b1a0b7db9e6fa34
https://courtiark.fr/fr/logiciel-courtier-assurance-grenoble,disque,200,https://courtiark.fr/fr/logiciel-courtier-assurance-grenoble,non,non,,,Logiciel pour courtier d&#x27;assurance à Grenoble — COURTIA,18f7dbd9d848d101
https://courtiark.fr/fr/logiciel-courtier-assurance-haguenau,disque,200,https://courtiark.fr/fr/logiciel-courtier-assurance-haguenau,non,non,,,Logiciel pour courtier d&#x27;assurance à Haguenau — COURTIA,d01ac1e8253843b3
https://courtiark.fr/fr/logiciel-courtier-assurance-hyeres,disque,200,https://courtiark.fr/fr/logiciel-courtier-assurance-hyeres,non,non,,,Logiciel pour courtier d&#x27;assurance à Hyères — COURTIA ·,38be52eeba6ceca8
https://courtiark.fr/fr/logiciel-courtier-assurance-issy-les-moulineaux,disque,200,https://courtiark.fr/fr/logiciel-courtier-assurance-issy-les-moulineaux,non,non,,,Logiciel pour courtier d&#x27;assurance à Issy-les-Moulineau,a09b292081c183c8
https://courtiark.fr/fr/logiciel-courtier-assurance-istres,disque,200,https://courtiark.fr/fr/logiciel-courtier-assurance-istres,non,non,,,Logiciel pour courtier d&#x27;assurance à Istres — COURTIA ·,ca57cf2976d8bb29
https://courtiark.fr/fr/logiciel-courtier-assurance-ivry-sur-seine,disque,200,https://courtiark.fr/fr/logiciel-courtier-assurance-ivry-sur-seine,non,non,,,Logiciel pour courtier d&#x27;assurance à Ivry-sur-Seine — C,23b64c608e84916c
https://courtiark.fr/fr/logiciel-courtier-assurance-la-defense,disque,200,https://courtiark.fr/fr/logiciel-courtier-assurance-la-defense,non,non,,,Logiciel pour courtier d&#x27;assurance à La Défense — COURT,8bdd457643b3ba62
https://courtiark.fr/fr/logiciel-courtier-assurance-la-roche-sur-yon,disque,200,https://courtiark.fr/fr/logiciel-courtier-assurance-la-roche-sur-yon,non,non,,,Logiciel pour courtier d&#x27;assurance à La Roche-sur-Yon —,2ba795552361ebfd
https://courtiark.fr/fr/logiciel-courtier-assurance-la-rochelle,disque,200,https://courtiark.fr/fr/logiciel-courtier-assurance-la-rochelle,non,non,,,Logiciel pour courtier d&#x27;assurance à La Rochelle — COUR,72ec5f4fab090beb
https://courtiark.fr/fr/logiciel-courtier-assurance-lannion,disque,200,https://courtiark.fr/fr/logiciel-courtier-assurance-lannion,non,non,,,Logiciel pour courtier d&#x27;assurance à Lannion — COURTIA ,a1e50a982dc7df6f
https://courtiark.fr/fr/logiciel-courtier-assurance-laon,disque,200,https://courtiark.fr/fr/logiciel-courtier-assurance-laon,non,non,,,Logiciel pour courtier d&#x27;assurance à Laon — COURTIA · c,d4555c43f5589a0d
https://courtiark.fr/fr/logiciel-courtier-assurance-laval,disque,200,https://courtiark.fr/fr/logiciel-courtier-assurance-laval,non,non,,,Logiciel pour courtier d&#x27;assurance à Laval — COURTIA · ,ebf85eefee3f6d8f
https://courtiark.fr/fr/logiciel-courtier-assurance-le-havre,disque,200,https://courtiark.fr/fr/logiciel-courtier-assurance-le-havre,non,non,,,Logiciel pour courtier d&#x27;assurance à Le Havre — COURTIA,47c14f61c3d89dc7
https://courtiark.fr/fr/logiciel-courtier-assurance-le-mans,disque,200,https://courtiark.fr/fr/logiciel-courtier-assurance-le-mans,non,non,,,Logiciel pour courtier d&#x27;assurance à Le Mans — COURTIA ,9dc437bab3d27833
https://courtiark.fr/fr/logiciel-courtier-assurance-lens,disque,200,https://courtiark.fr/fr/logiciel-courtier-assurance-lens,non,non,,,Logiciel pour courtier d&#x27;assurance à Lens — COURTIA · c,bf3eeddbd7c6f018
https://courtiark.fr/fr/logiciel-courtier-assurance-levallois-perret,disque,200,https://courtiark.fr/fr/logiciel-courtier-assurance-levallois-perret,non,non,,,Logiciel pour courtier d&#x27;assurance à Levallois-Perret —,c8f5128057ace667
https://courtiark.fr/fr/logiciel-courtier-assurance-libourne,disque,200,https://courtiark.fr/fr/logiciel-courtier-assurance-libourne,non,non,,,Logiciel pour courtier d&#x27;assurance à Libourne — COURTIA,132c51c7bf125e3b
https://courtiark.fr/fr/logiciel-courtier-assurance-lille,disque,200,https://courtiark.fr/fr/logiciel-courtier-assurance-lille,oui,non,,,Logiciel courtier assurance à Lille — CRM et gestion,5f2c704372ec815f
https://courtiark.fr/fr/logiciel-courtier-assurance-limoges,disque,200,https://courtiark.fr/fr/logiciel-courtier-assurance-limoges,non,non,,,Logiciel pour courtier d&#x27;assurance à Limoges — COURTIA ,25e54859e750f3a0
https://courtiark.fr/fr/logiciel-courtier-assurance-lisieux,disque,200,https://courtiark.fr/fr/logiciel-courtier-assurance-lisieux,non,non,,,Logiciel pour courtier d&#x27;assurance à Lisieux — COURTIA ,747a9166e58632e9
https://courtiark.fr/fr/logiciel-courtier-assurance-lorient,disque,200,https://courtiark.fr/fr/logiciel-courtier-assurance-lorient,non,non,,,Logiciel pour courtier d&#x27;assurance à Lorient — COURTIA ,858eabdb5074bd94
https://courtiark.fr/fr/logiciel-courtier-assurance-lyon,disque,200,https://courtiark.fr/fr/logiciel-courtier-assurance-lyon,oui,non,,,Logiciel courtier assurance à Lyon — CRM et automatisation,c8888df93d683d97
https://courtiark.fr/fr/logiciel-courtier-assurance-macon,disque,200,https://courtiark.fr/fr/logiciel-courtier-assurance-macon,non,non,,,Logiciel pour courtier d&#x27;assurance à Mâcon — COURTIA · ,7f04328f99e40d8a
https://courtiark.fr/fr/logiciel-courtier-assurance-maisons-alfort,disque,200,https://courtiark.fr/fr/logiciel-courtier-assurance-maisons-alfort,non,non,,,Logiciel pour courtier d&#x27;assurance à Maisons-Alfort — C,33a6ac8bfe35e6a6
https://courtiark.fr/fr/logiciel-courtier-assurance-manosque,disque,200,https://courtiark.fr/fr/logiciel-courtier-assurance-manosque,non,non,,,Logiciel pour courtier d&#x27;assurance à Manosque — COURTIA,e19f0e4291e118cc
https://courtiark.fr/fr/logiciel-courtier-assurance-mantes-la-jolie,disque,200,https://courtiark.fr/fr/logiciel-courtier-assurance-mantes-la-jolie,non,non,,,Logiciel pour courtier d&#x27;assurance à Mantes-la-Jolie — ,c41f99cd91369d15
https://courtiark.fr/fr/logiciel-courtier-assurance-marseille,disque,200,https://courtiark.fr/fr/logiciel-courtier-assurance-marseille,oui,non,,,Logiciel courtier assurance à Marseille — CRM et gestion,408fa814150cf416
https://courtiark.fr/fr/logiciel-courtier-assurance-martigues,disque,200,https://courtiark.fr/fr/logiciel-courtier-assurance-martigues,non,non,,,Logiciel pour courtier d&#x27;assurance à Martigues — COURTI,8b75768d934aff68
https://courtiark.fr/fr/logiciel-courtier-assurance-massy,disque,200,https://courtiark.fr/fr/logiciel-courtier-assurance-massy,non,non,,,Logiciel pour courtier d&#x27;assurance à Massy — COURTIA · ,6c1cbf5908be1a9d
https://courtiark.fr/fr/logiciel-courtier-assurance-meaux,disque,200,https://courtiark.fr/fr/logiciel-courtier-assurance-meaux,non,non,,,Logiciel pour courtier d&#x27;assurance à Meaux — COURTIA · ,99cf6733bbc42457
https://courtiark.fr/fr/logiciel-courtier-assurance-melun,disque,200,https://courtiark.fr/fr/logiciel-courtier-assurance-melun,non,non,,,Logiciel pour courtier d&#x27;assurance à Melun — COURTIA · ,ad14a1567a453e2c
https://courtiark.fr/fr/logiciel-courtier-assurance-menton,disque,200,https://courtiark.fr/fr/logiciel-courtier-assurance-menton,non,non,,,Logiciel pour courtier d&#x27;assurance à Menton — COURTIA ·,f366e39b84f6251a
https://courtiark.fr/fr/logiciel-courtier-assurance-merignac,disque,200,https://courtiark.fr/fr/logiciel-courtier-assurance-merignac,non,non,,,Logiciel pour courtier d&#x27;assurance à Mérignac — COURTIA,2a9497b17cf350d0
https://courtiark.fr/fr/logiciel-courtier-assurance-metz,disque,200,https://courtiark.fr/fr/logiciel-courtier-assurance-metz,non,non,,,Logiciel pour courtier d&#x27;assurance à Metz — COURTIA · c,aa3cd33bba748fb8
https://courtiark.fr/fr/logiciel-courtier-assurance-mont-de-marsan,disque,200,https://courtiark.fr/fr/logiciel-courtier-assurance-mont-de-marsan,non,non,,,Logiciel pour courtier d&#x27;assurance à Mont-de-Marsan — C,386c2d3e6d3fa210
https://courtiark.fr/fr/logiciel-courtier-assurance-montauban,disque,200,https://courtiark.fr/fr/logiciel-courtier-assurance-montauban,non,non,,,Logiciel pour courtier d&#x27;assurance à Montauban — COURTI,4d56a4d4fc6921f5
https://courtiark.fr/fr/logiciel-courtier-assurance-montbeliard,disque,200,https://courtiark.fr/fr/logiciel-courtier-assurance-montbeliard,non,non,,,Logiciel pour courtier d&#x27;assurance à Montbéliard — COUR,961ce2818533521b
https://courtiark.fr/fr/logiciel-courtier-assurance-montlucon,disque,200,https://courtiark.fr/fr/logiciel-courtier-assurance-montlucon,non,non,,,Logiciel pour courtier d&#x27;assurance à Montluçon — COURTI,2417a7480c1a8080
https://courtiark.fr/fr/logiciel-courtier-assurance-montpellier,disque,200,https://courtiark.fr/fr/logiciel-courtier-assurance-montpellier,oui,non,,,Logiciel courtier assurance à Montpellier — CRM et gestion,c29b933dea82eb80
https://courtiark.fr/fr/logiciel-courtier-assurance-morlaix,disque,200,https://courtiark.fr/fr/logiciel-courtier-assurance-morlaix,non,non,,,Logiciel pour courtier d&#x27;assurance à Morlaix — COURTIA ,3f3a690403db83ef
https://courtiark.fr/fr/logiciel-courtier-assurance-moulins,disque,200,https://courtiark.fr/fr/logiciel-courtier-assurance-moulins,non,non,,,Logiciel pour courtier d&#x27;assurance à Moulins — COURTIA ,ea0795fff66fe07d
https://courtiark.fr/fr/logiciel-courtier-assurance-mulhouse,disque,200,https://courtiark.fr/fr/logiciel-courtier-assurance-mulhouse,non,non,,,Logiciel pour courtier d&#x27;assurance à Mulhouse — COURTIA,f57b70afe1247357
https://courtiark.fr/fr/logiciel-courtier-assurance-nancy,disque,200,https://courtiark.fr/fr/logiciel-courtier-assurance-nancy,non,non,,,Logiciel pour courtier d&#x27;assurance à Nancy — COURTIA · ,e1dc822e82eb1b1a
https://courtiark.fr/fr/logiciel-courtier-assurance-nanterre,disque,200,https://courtiark.fr/fr/logiciel-courtier-assurance-nanterre,non,non,,,Logiciel pour courtier d&#x27;assurance à Nanterre — COURTIA,72e43412e7d7f628
https://courtiark.fr/fr/logiciel-courtier-assurance-nantes,disque,200,https://courtiark.fr/fr/logiciel-courtier-assurance-nantes,oui,non,,,Logiciel courtier assurance à Nantes — CRM et automatisation,080321f224ba5cea
https://courtiark.fr/fr/logiciel-courtier-assurance-narbonne,disque,200,https://courtiark.fr/fr/logiciel-courtier-assurance-narbonne,non,non,,,Logiciel pour courtier d&#x27;assurance à Narbonne — COURTIA,fdb827bbac58b5b2
https://courtiark.fr/fr/logiciel-courtier-assurance-nevers,disque,200,https://courtiark.fr/fr/logiciel-courtier-assurance-nevers,non,non,,,Logiciel pour courtier d&#x27;assurance à Nevers — COURTIA ·,8eb7822575e93d88
https://courtiark.fr/fr/logiciel-courtier-assurance-nice,disque,200,https://courtiark.fr/fr/logiciel-courtier-assurance-nice,oui,non,,,Logiciel courtier assurance à Nice — CRM et automatisation,fef0bf593f0ca3e7
https://courtiark.fr/fr/logiciel-courtier-assurance-nimes,disque,200,https://courtiark.fr/fr/logiciel-courtier-assurance-nimes,non,non,,,Logiciel pour courtier d&#x27;assurance à Nîmes — COURTIA · ,b4d2e2125fce5a47
https://courtiark.fr/fr/logiciel-courtier-assurance-niort,disque,200,https://courtiark.fr/fr/logiciel-courtier-assurance-niort,non,non,,,Logiciel pour courtier d&#x27;assurance à Niort — COURTIA · ,5f961521187c6c5c
https://courtiark.fr/fr/logiciel-courtier-assurance-noisy-le-grand,disque,200,https://courtiark.fr/fr/logiciel-courtier-assurance-noisy-le-grand,non,non,,,Logiciel pour courtier d&#x27;assurance à Noisy-le-Grand — C,a60f7fe8f1d4513d
https://courtiark.fr/fr/logiciel-courtier-assurance-orleans,disque,200,https://courtiark.fr/fr/logiciel-courtier-assurance-orleans,non,non,,,Logiciel pour courtier d&#x27;assurance à Orléans — COURTIA ,7ca5999761b72d6d
https://courtiark.fr/fr/logiciel-courtier-assurance-pantin,disque,200,https://courtiark.fr/fr/logiciel-courtier-assurance-pantin,non,non,,,Logiciel pour courtier d&#x27;assurance à Pantin — COURTIA ·,2fe39a288c0d534b
https://courtiark.fr/fr/logiciel-courtier-assurance-paris,disque,200,https://courtiark.fr/fr/logiciel-courtier-assurance-paris,oui,non,,,"Logiciel courtier assurance à Paris — CRM, automatisation, d",5bf70a239c8d96d1
https://courtiark.fr/fr/logiciel-courtier-assurance-pau,disque,200,https://courtiark.fr/fr/logiciel-courtier-assurance-pau,non,non,,,Logiciel pour courtier d&#x27;assurance à Pau — COURTIA · co,3199987aa60e3b14
https://courtiark.fr/fr/logiciel-courtier-assurance-perigueux,disque,200,https://courtiark.fr/fr/logiciel-courtier-assurance-perigueux,non,non,,,Logiciel pour courtier d&#x27;assurance à Périgueux — COURTI,baaa1dda105db6e7
https://courtiark.fr/fr/logiciel-courtier-assurance-perpignan,disque,200,https://courtiark.fr/fr/logiciel-courtier-assurance-perpignan,non,non,,,Logiciel pour courtier d&#x27;assurance à Perpignan — COURTI,231893670662d69b
https://courtiark.fr/fr/logiciel-courtier-assurance-pessac,disque,200,https://courtiark.fr/fr/logiciel-courtier-assurance-pessac,non,non,,,Logiciel pour courtier d&#x27;assurance à Pessac — COURTIA ·,b911d3786afb6c05
https://courtiark.fr/fr/logiciel-courtier-assurance-poissy,disque,200,https://courtiark.fr/fr/logiciel-courtier-assurance-poissy,non,non,,,Logiciel pour courtier d&#x27;assurance à Poissy — COURTIA ·,349a5a59e7bbfa99
https://courtiark.fr/fr/logiciel-courtier-assurance-poitiers,disque,200,https://courtiark.fr/fr/logiciel-courtier-assurance-poitiers,non,non,,,Logiciel pour courtier d&#x27;assurance à Poitiers — COURTIA,a35e21398b6ed7b2
https://courtiark.fr/fr/logiciel-courtier-assurance-pontault-combault,disque,200,https://courtiark.fr/fr/logiciel-courtier-assurance-pontault-combault,non,non,,,Logiciel pour courtier d&#x27;assurance à Pontault-Combault ,b648d003e706619d
https://courtiark.fr/fr/logiciel-courtier-assurance-quimper,disque,200,https://courtiark.fr/fr/logiciel-courtier-assurance-quimper,non,non,,,Logiciel pour courtier d&#x27;assurance à Quimper — COURTIA ,6f2b982e7669aea5
https://courtiark.fr/fr/logiciel-courtier-assurance-reims,disque,200,https://courtiark.fr/fr/logiciel-courtier-assurance-reims,non,non,,,Logiciel pour courtier d&#x27;assurance à Reims — COURTIA · ,7bdca89f83955497
https://courtiark.fr/fr/logiciel-courtier-assurance-rennes,disque,200,https://courtiark.fr/fr/logiciel-courtier-assurance-rennes,non,non,,,Logiciel pour courtier d&#x27;assurance à Rennes — COURTIA ·,2b93005bb080b1e4
https://courtiark.fr/fr/logiciel-courtier-assurance-roanne,disque,200,https://courtiark.fr/fr/logiciel-courtier-assurance-roanne,non,non,,,Logiciel pour courtier d&#x27;assurance à Roanne — COURTIA ·,970b7aebaf82f6a7
https://courtiark.fr/fr/logiciel-courtier-assurance-rochefort,disque,200,https://courtiark.fr/fr/logiciel-courtier-assurance-rochefort,non,non,,,Logiciel pour courtier d&#x27;assurance à Rochefort — COURTI,4a775cbfaf87c5cc
https://courtiark.fr/fr/logiciel-courtier-assurance-rodez,disque,200,https://courtiark.fr/fr/logiciel-courtier-assurance-rodez,non,non,,,Logiciel pour courtier d&#x27;assurance à Rodez — COURTIA · ,672f9612ae730746
https://courtiark.fr/fr/logiciel-courtier-assurance-romans-sur-isere,disque,200,https://courtiark.fr/fr/logiciel-courtier-assurance-romans-sur-isere,non,non,,,Logiciel pour courtier d&#x27;assurance à Romans-sur-Isère —,a8642dc4b6f1133b
https://courtiark.fr/fr/logiciel-courtier-assurance-rosny-sous-bois,disque,200,https://courtiark.fr/fr/logiciel-courtier-assurance-rosny-sous-bois,non,non,,,Logiciel pour courtier d&#x27;assurance à Rosny-sous-Bois — ,9529c17f5a70bcd0
https://courtiark.fr/fr/logiciel-courtier-assurance-roubaix,disque,200,https://courtiark.fr/fr/logiciel-courtier-assurance-roubaix,non,non,,,Logiciel pour courtier d&#x27;assurance à Roubaix — COURTIA ,0ee3c009256c09f2
https://courtiark.fr/fr/logiciel-courtier-assurance-rouen,disque,200,https://courtiark.fr/fr/logiciel-courtier-assurance-rouen,non,non,,,Logiciel pour courtier d&#x27;assurance à Rouen — COURTIA · ,7fbbbc87bf8c5543
https://courtiark.fr/fr/logiciel-courtier-assurance-saint-brieuc,disque,200,https://courtiark.fr/fr/logiciel-courtier-assurance-saint-brieuc,non,non,,,Logiciel pour courtier d&#x27;assurance à Saint-Brieuc — COU,87ac8973130240b8
https://courtiark.fr/fr/logiciel-courtier-assurance-saint-chamond,disque,200,https://courtiark.fr/fr/logiciel-courtier-assurance-saint-chamond,non,non,,,Logiciel pour courtier d&#x27;assurance à Saint-Chamond — CO,f17f293affd33073
https://courtiark.fr/fr/logiciel-courtier-assurance-saint-etienne,disque,200,https://courtiark.fr/fr/logiciel-courtier-assurance-saint-etienne,non,non,,,Logiciel pour courtier d&#x27;assurance à Saint-Étienne — CO,10d0db10ee87b89f
https://courtiark.fr/fr/logiciel-courtier-assurance-saint-germain-en-laye,disque,200,https://courtiark.fr/fr/logiciel-courtier-assurance-saint-germain-en-laye,non,non,,,Logiciel pour courtier d&#x27;assurance à Saint-Germain-en-L,3ad2209d236a8b2b
https://courtiark.fr/fr/logiciel-courtier-assurance-saint-lo,disque,200,https://courtiark.fr/fr/logiciel-courtier-assurance-saint-lo,non,non,,,Logiciel pour courtier d&#x27;assurance à Saint-Lô — COURTIA,4b7676a113f3c0fe
https://courtiark.fr/fr/logiciel-courtier-assurance-saint-malo,disque,200,https://courtiark.fr/fr/logiciel-courtier-assurance-saint-malo,non,non,,,Logiciel pour courtier d&#x27;assurance à Saint-Malo — COURT,1147327c01b5ba27
https://courtiark.fr/fr/logiciel-courtier-assurance-saint-nazaire,disque,200,https://courtiark.fr/fr/logiciel-courtier-assurance-saint-nazaire,non,non,,,Logiciel pour courtier d&#x27;assurance à Saint-Nazaire — CO,4122cb2a5959893b
https://courtiark.fr/fr/logiciel-courtier-assurance-saintes,disque,200,https://courtiark.fr/fr/logiciel-courtier-assurance-saintes,non,non,,,Logiciel pour courtier d&#x27;assurance à Saintes — COURTIA ,510de7f213b12ed0
https://courtiark.fr/fr/logiciel-courtier-assurance-salon-de-provence,disque,200,https://courtiark.fr/fr/logiciel-courtier-assurance-salon-de-provence,non,non,,,Logiciel pour courtier d&#x27;assurance à Salon-de-Provence ,544eb4c66315aebd
https://courtiark.fr/fr/logiciel-courtier-assurance-sarcelles,disque,200,https://courtiark.fr/fr/logiciel-courtier-assurance-sarcelles,non,non,,,Logiciel pour courtier d&#x27;assurance à Sarcelles — COURTI,2947287fb25be3ff
https://courtiark.fr/fr/logiciel-courtier-assurance-selestat,disque,200,https://courtiark.fr/fr/logiciel-courtier-assurance-selestat,non,non,,,Logiciel pour courtier d&#x27;assurance à Sélestat — COURTIA,8dea87a3a25a3233
https://courtiark.fr/fr/logiciel-courtier-assurance-senart,disque,200,https://courtiark.fr/fr/logiciel-courtier-assurance-senart,non,non,,,Logiciel pour courtier d&#x27;assurance à Sénart — COURTIA ·,862dca5bbc0151fc
https://courtiark.fr/fr/logiciel-courtier-assurance-sete,disque,200,https://courtiark.fr/fr/logiciel-courtier-assurance-sete,non,non,,,Logiciel pour courtier d&#x27;assurance à Sète — COURTIA · c,b8136baf7551a776
https://courtiark.fr/fr/logiciel-courtier-assurance-soissons,disque,200,https://courtiark.fr/fr/logiciel-courtier-assurance-soissons,non,non,,,Logiciel pour courtier d&#x27;assurance à Soissons — COURTIA,2fdcf72c9be4a4dc
https://courtiark.fr/fr/logiciel-courtier-assurance-strasbourg,disque,200,https://courtiark.fr/fr/logiciel-courtier-assurance-strasbourg,oui,non,,,Logiciel courtier assurance à Strasbourg — CRM et automatisa,20af49a2d66485ee
https://courtiark.fr/fr/logiciel-courtier-assurance-tarbes,disque,200,https://courtiark.fr/fr/logiciel-courtier-assurance-tarbes,non,non,,,Logiciel pour courtier d&#x27;assurance à Tarbes — COURTIA ·,d2c6a11ae05bf432
https://courtiark.fr/fr/logiciel-courtier-assurance-thionville,disque,200,https://courtiark.fr/fr/logiciel-courtier-assurance-thionville,non,non,,,Logiciel pour courtier d&#x27;assurance à Thionville — COURT,9d88cf06e729e3fb
https://courtiark.fr/fr/logiciel-courtier-assurance-toulon,disque,200,https://courtiark.fr/fr/logiciel-courtier-assurance-toulon,non,non,,,Logiciel pour courtier d&#x27;assurance à Toulon — COURTIA ·,193b3f27eaee6be7
https://courtiark.fr/fr/logiciel-courtier-assurance-toulouse,disque,200,https://courtiark.fr/fr/logiciel-courtier-assurance-toulouse,oui,non,,,Logiciel courtier assurance à Toulouse — CRM et gestion,ad1d588e6f693c7a
https://courtiark.fr/fr/logiciel-courtier-assurance-tourcoing,disque,200,https://courtiark.fr/fr/logiciel-courtier-assurance-tourcoing,non,non,,,Logiciel pour courtier d&#x27;assurance à Tourcoing — COURTI,263c41c1542457d8
https://courtiark.fr/fr/logiciel-courtier-assurance-tours,disque,200,https://courtiark.fr/fr/logiciel-courtier-assurance-tours,non,non,,,Logiciel pour courtier d&#x27;assurance à Tours — COURTIA · ,73f55f42fb1b3742
https://courtiark.fr/fr/logiciel-courtier-assurance-troyes,disque,200,https://courtiark.fr/fr/logiciel-courtier-assurance-troyes,non,non,,,Logiciel pour courtier d&#x27;assurance à Troyes — COURTIA ·,6960338db51ffad3
https://courtiark.fr/fr/logiciel-courtier-assurance-valence,disque,200,https://courtiark.fr/fr/logiciel-courtier-assurance-valence,non,non,,,Logiciel pour courtier d&#x27;assurance à Valence — COURTIA ,a44e740c599c812a
https://courtiark.fr/fr/logiciel-courtier-assurance-valenciennes,disque,200,https://courtiark.fr/fr/logiciel-courtier-assurance-valenciennes,non,non,,,Logiciel pour courtier d&#x27;assurance à Valenciennes — COU,8cc5c229a2090ce6
https://courtiark.fr/fr/logiciel-courtier-assurance-vannes,disque,200,https://courtiark.fr/fr/logiciel-courtier-assurance-vannes,non,non,,,Logiciel pour courtier d&#x27;assurance à Vannes — COURTIA ·,a9c87522f723b9cf
https://courtiark.fr/fr/logiciel-courtier-assurance-venissieux,disque,200,https://courtiark.fr/fr/logiciel-courtier-assurance-venissieux,non,non,,,Logiciel pour courtier d&#x27;assurance à Vénissieux — COURT,208cb0965953d988
https://courtiark.fr/fr/logiciel-courtier-assurance-versailles,disque,200,https://courtiark.fr/fr/logiciel-courtier-assurance-versailles,non,non,,,Logiciel pour courtier d&#x27;assurance à Versailles — COURT,edd9dc18d5c7c96c
https://courtiark.fr/fr/logiciel-courtier-assurance-vichy,disque,200,https://courtiark.fr/fr/logiciel-courtier-assurance-vichy,non,non,,,Logiciel pour courtier d&#x27;assurance à Vichy — COURTIA · ,7995b41949773495
https://courtiark.fr/fr/logiciel-courtier-assurance-vierzon,disque,200,https://courtiark.fr/fr/logiciel-courtier-assurance-vierzon,non,non,,,Logiciel pour courtier d&#x27;assurance à Vierzon — COURTIA ,63054b09c5d409d0
https://courtiark.fr/fr/logiciel-courtier-assurance-villeurbanne,disque,200,https://courtiark.fr/fr/logiciel-courtier-assurance-villeurbanne,non,non,,,Logiciel pour courtier d&#x27;assurance à Villeurbanne — COU,dd03b76f5ba095c0
https://courtiark.fr/fr/logiciel-courtier-assurance-vincennes,disque,200,https://courtiark.fr/fr/logiciel-courtier-assurance-vincennes,non,non,,,Logiciel pour courtier d&#x27;assurance à Vincennes — COURTI,fe9c9f6fe7112cf5
https://courtiark.fr/fr/logiciel-courtier-auto,disque,200,https://courtiark.fr/fr/logiciel-courtier-auto,oui,non,,,"Logiciel pour courtier auto : contrats, flottes, échéances —",a89ff0ab1563cce6
https://courtiark.fr/fr/logiciel-courtier-decennale,disque,200,https://courtiark.fr/fr/logiciel-courtier-decennale,oui,non,,,Logiciel courtier décennale et construction : suivi des doss,b9bb2e0c36edff40
https://courtiark.fr/fr/logiciel-courtier-emprunteur,disque,200,https://courtiark.fr/fr/logiciel-courtier-emprunteur,oui,non,,,Logiciel pour courtier assurance emprunteur — COURTIA · cour,0dd25be6d757df2b
https://courtiark.fr/fr/logiciel-courtier-emprunteur-agen,disque,200,https://courtiark.fr/fr/logiciel-courtier-emprunteur-agen,non,non,,,Logiciel pour courtier emprunteur à Agen — COURTIA · courtia,c8f47a61f610d476
https://courtiark.fr/fr/logiciel-courtier-emprunteur-aix-en-provence,disque,200,https://courtiark.fr/fr/logiciel-courtier-emprunteur-aix-en-provence,non,non,,,Logiciel pour courtier emprunteur à Aix-en-Provence — COURTI,e3f8b441da7bcdb6
https://courtiark.fr/fr/logiciel-courtier-emprunteur-ajaccio,disque,200,https://courtiark.fr/fr/logiciel-courtier-emprunteur-ajaccio,non,non,,,Logiciel pour courtier emprunteur à Ajaccio — COURTIA · cour,1ef6cc5386683d33
https://courtiark.fr/fr/logiciel-courtier-emprunteur-albi,disque,200,https://courtiark.fr/fr/logiciel-courtier-emprunteur-albi,non,non,,,Logiciel pour courtier emprunteur à Albi — COURTIA · courtia,73c96e5e62bb13fb
https://courtiark.fr/fr/logiciel-courtier-emprunteur-alencon,disque,200,https://courtiark.fr/fr/logiciel-courtier-emprunteur-alencon,non,non,,,Logiciel pour courtier emprunteur à Alençon — COURTIA · cour,f34b19e5402c6a31
https://courtiark.fr/fr/logiciel-courtier-emprunteur-amiens,disque,200,https://courtiark.fr/fr/logiciel-courtier-emprunteur-amiens,non,non,,,Logiciel pour courtier emprunteur à Amiens — COURTIA · court,c966c410efe6ee52
https://courtiark.fr/fr/logiciel-courtier-emprunteur-angers,disque,200,https://courtiark.fr/fr/logiciel-courtier-emprunteur-angers,non,non,,,Logiciel pour courtier emprunteur à Angers — COURTIA · court,2824ec828598bd94
https://courtiark.fr/fr/logiciel-courtier-emprunteur-anglet,disque,200,https://courtiark.fr/fr/logiciel-courtier-emprunteur-anglet,non,non,,,Logiciel pour courtier emprunteur à Anglet — COURTIA · court,877aa9bb2495821d
https://courtiark.fr/fr/logiciel-courtier-emprunteur-angouleme,disque,200,https://courtiark.fr/fr/logiciel-courtier-emprunteur-angouleme,non,non,,,Logiciel pour courtier emprunteur à Angoulême — COURTIA · co,f6d89a90a115c746
https://courtiark.fr/fr/logiciel-courtier-emprunteur-annecy,disque,200,https://courtiark.fr/fr/logiciel-courtier-emprunteur-annecy,non,non,,,Logiciel pour courtier emprunteur à Annecy — COURTIA · court,3316db6c56cac816
https://courtiark.fr/fr/logiciel-courtier-emprunteur-antibes,disque,200,https://courtiark.fr/fr/logiciel-courtier-emprunteur-antibes,non,non,,,Logiciel pour courtier emprunteur à Antibes — COURTIA · cour,1a56e6edb58cace0
https://courtiark.fr/fr/logiciel-courtier-emprunteur-antony,disque,200,https://courtiark.fr/fr/logiciel-courtier-emprunteur-antony,non,non,,,Logiciel pour courtier emprunteur à Antony — COURTIA · court,2c8ff35792903591
https://courtiark.fr/fr/logiciel-courtier-emprunteur-arles,disque,200,https://courtiark.fr/fr/logiciel-courtier-emprunteur-arles,non,non,,,Logiciel pour courtier emprunteur à Arles — COURTIA · courti,1c9fe9b9055be12e
https://courtiark.fr/fr/logiciel-courtier-emprunteur-arras,disque,200,https://courtiark.fr/fr/logiciel-courtier-emprunteur-arras,non,non,,,Logiciel pour courtier emprunteur à Arras — COURTIA · courti,7300e73515374cd0
https://courtiark.fr/fr/logiciel-courtier-emprunteur-aubagne,disque,200,https://courtiark.fr/fr/logiciel-courtier-emprunteur-aubagne,non,non,,,Logiciel pour courtier emprunteur à Aubagne — COURTIA · cour,3c48597b69bddcc6
https://courtiark.fr/fr/logiciel-courtier-emprunteur-aubervilliers,disque,200,https://courtiark.fr/fr/logiciel-courtier-emprunteur-aubervilliers,non,non,,,Logiciel pour courtier emprunteur à Aubervilliers — COURTIA ,e414d57a55f456ea
https://courtiark.fr/fr/logiciel-courtier-emprunteur-auch,disque,200,https://courtiark.fr/fr/logiciel-courtier-emprunteur-auch,non,non,,,Logiciel pour courtier emprunteur à Auch — COURTIA · courtia,a889f63cbbbe9c8c
https://courtiark.fr/fr/logiciel-courtier-emprunteur-aulnay-sous-bois,disque,200,https://courtiark.fr/fr/logiciel-courtier-emprunteur-aulnay-sous-bois,non,non,,,Logiciel pour courtier emprunteur à Aulnay-sous-Bois — COURT,112726fd04b1070b
https://courtiark.fr/fr/logiciel-courtier-emprunteur-avignon,disque,200,https://courtiark.fr/fr/logiciel-courtier-emprunteur-avignon,non,non,,,Logiciel pour courtier emprunteur à Avignon — COURTIA · cour,ff88c404da5a7e0f
https://courtiark.fr/fr/logiciel-courtier-emprunteur-bagnolet,disque,200,https://courtiark.fr/fr/logiciel-courtier-emprunteur-bagnolet,non,non,,,Logiciel pour courtier emprunteur à Bagnolet — COURTIA · cou,ed9b8f2f0841cd57
https://courtiark.fr/fr/logiciel-courtier-emprunteur-bastia,disque,200,https://courtiark.fr/fr/logiciel-courtier-emprunteur-bastia,non,non,,,Logiciel pour courtier emprunteur à Bastia — COURTIA · court,2e6a6e67c298594b
https://courtiark.fr/fr/logiciel-courtier-emprunteur-bayeux,disque,200,https://courtiark.fr/fr/logiciel-courtier-emprunteur-bayeux,non,non,,,Logiciel pour courtier emprunteur à Bayeux — COURTIA · court,d6efa510e9190337
https://courtiark.fr/fr/logiciel-courtier-emprunteur-bayonne,disque,200,https://courtiark.fr/fr/logiciel-courtier-emprunteur-bayonne,non,non,,,Logiciel pour courtier emprunteur à Bayonne — COURTIA · cour,12cccc25c0110e00
https://courtiark.fr/fr/logiciel-courtier-emprunteur-beauvais,disque,200,https://courtiark.fr/fr/logiciel-courtier-emprunteur-beauvais,non,non,,,Logiciel pour courtier emprunteur à Beauvais — COURTIA · cou,31d1c7b4af816d8a
https://courtiark.fr/fr/logiciel-courtier-emprunteur-belfort,disque,200,https://courtiark.fr/fr/logiciel-courtier-emprunteur-belfort,non,non,,,Logiciel pour courtier emprunteur à Belfort — COURTIA · cour,236025869558bcc7
https://courtiark.fr/fr/logiciel-courtier-emprunteur-bergerac,disque,200,https://courtiark.fr/fr/logiciel-courtier-emprunteur-bergerac,non,non,,,Logiciel pour courtier emprunteur à Bergerac — COURTIA · cou,492ab8919c3f4531
https://courtiark.fr/fr/logiciel-courtier-emprunteur-besancon,disque,200,https://courtiark.fr/fr/logiciel-courtier-emprunteur-besancon,non,non,,,Logiciel pour courtier emprunteur à Besançon — COURTIA · cou,e04394277ba6c848
https://courtiark.fr/fr/logiciel-courtier-emprunteur-beziers,disque,200,https://courtiark.fr/fr/logiciel-courtier-emprunteur-beziers,non,non,,,Logiciel pour courtier emprunteur à Béziers — COURTIA · cour,d4ef2b85033cb09d
https://courtiark.fr/fr/logiciel-courtier-emprunteur-biarritz,disque,200,https://courtiark.fr/fr/logiciel-courtier-emprunteur-biarritz,non,non,,,Logiciel pour courtier emprunteur à Biarritz — COURTIA · cou,59384841d3040bd4
https://courtiark.fr/fr/logiciel-courtier-emprunteur-blois,disque,200,https://courtiark.fr/fr/logiciel-courtier-emprunteur-blois,non,non,,,Logiciel pour courtier emprunteur à Blois — COURTIA · courti,7de80a1f9d5ba066
https://courtiark.fr/fr/logiciel-courtier-emprunteur-bobigny,disque,200,https://courtiark.fr/fr/logiciel-courtier-emprunteur-bobigny,non,non,,,Logiciel pour courtier emprunteur à Bobigny — COURTIA · cour,371e550eedd62aaf
https://courtiark.fr/fr/logiciel-courtier-emprunteur-bondy,disque,200,https://courtiark.fr/fr/logiciel-courtier-emprunteur-bondy,non,non,,,Logiciel pour courtier emprunteur à Bondy — COURTIA · courti,d99d14f1a2ac7b47
https://courtiark.fr/fr/logiciel-courtier-emprunteur-bordeaux,disque,200,https://courtiark.fr/fr/logiciel-courtier-emprunteur-bordeaux,non,non,,,Logiciel pour courtier emprunteur à Bordeaux — COURTIA · cou,8a9f9be540495cff
https://courtiark.fr/fr/logiciel-courtier-emprunteur-boulogne-sur-mer,disque,200,https://courtiark.fr/fr/logiciel-courtier-emprunteur-boulogne-sur-mer,non,non,,,Logiciel pour courtier emprunteur à Boulogne-sur-Mer — COURT,909256870dc1768b
https://courtiark.fr/fr/logiciel-courtier-emprunteur-bourg-en-bresse,disque,200,https://courtiark.fr/fr/logiciel-courtier-emprunteur-bourg-en-bresse,non,non,,,Logiciel pour courtier emprunteur à Bourg-en-Bresse — COURTI,a93c545db82f9018
https://courtiark.fr/fr/logiciel-courtier-emprunteur-bourges,disque,200,https://courtiark.fr/fr/logiciel-courtier-emprunteur-bourges,non,non,,,Logiciel pour courtier emprunteur à Bourges — COURTIA · cour,d99071ada46b9589
https://courtiark.fr/fr/logiciel-courtier-emprunteur-brest,disque,200,https://courtiark.fr/fr/logiciel-courtier-emprunteur-brest,non,non,,,Logiciel pour courtier emprunteur à Brest — COURTIA · courti,d74189373c414b79
https://courtiark.fr/fr/logiciel-courtier-emprunteur-caen,disque,200,https://courtiark.fr/fr/logiciel-courtier-emprunteur-caen,non,non,,,Logiciel pour courtier emprunteur à Caen — COURTIA · courtia,855edba84324ba2d
https://courtiark.fr/fr/logiciel-courtier-emprunteur-cagnes-sur-mer,disque,200,https://courtiark.fr/fr/logiciel-courtier-emprunteur-cagnes-sur-mer,non,non,,,Logiciel pour courtier emprunteur à Cagnes-sur-Mer — COURTIA,0ad62123733360af
https://courtiark.fr/fr/logiciel-courtier-emprunteur-cahors,disque,200,https://courtiark.fr/fr/logiciel-courtier-emprunteur-cahors,non,non,,,Logiciel pour courtier emprunteur à Cahors — COURTIA · court,8082949c3ee9a4ea
https://courtiark.fr/fr/logiciel-courtier-emprunteur-calais,disque,200,https://courtiark.fr/fr/logiciel-courtier-emprunteur-calais,non,non,,,Logiciel pour courtier emprunteur à Calais — COURTIA · court,088fa1e3e1a3979c
https://courtiark.fr/fr/logiciel-courtier-emprunteur-cambrai,disque,200,https://courtiark.fr/fr/logiciel-courtier-emprunteur-cambrai,non,non,,,Logiciel pour courtier emprunteur à Cambrai — COURTIA · cour,c96f62e0dcea8746
https://courtiark.fr/fr/logiciel-courtier-emprunteur-cannes,disque,200,https://courtiark.fr/fr/logiciel-courtier-emprunteur-cannes,non,non,,,Logiciel pour courtier emprunteur à Cannes — COURTIA · court,e2a28381a2750291
https://courtiark.fr/fr/logiciel-courtier-emprunteur-carcassonne,disque,200,https://courtiark.fr/fr/logiciel-courtier-emprunteur-carcassonne,non,non,,,Logiciel pour courtier emprunteur à Carcassonne — COURTIA · ,5be36bb6e65b2738
https://courtiark.fr/fr/logiciel-courtier-emprunteur-carpentras,disque,200,https://courtiark.fr/fr/logiciel-courtier-emprunteur-carpentras,non,non,,,Logiciel pour courtier emprunteur à Carpentras — COURTIA · c,c6d906858c0c71aa
https://courtiark.fr/fr/logiciel-courtier-emprunteur-cergy,disque,200,https://courtiark.fr/fr/logiciel-courtier-emprunteur-cergy,non,non,,,Logiciel pour courtier emprunteur à Cergy — COURTIA · courti,1ea1a94fb2ef122d
https://courtiark.fr/fr/logiciel-courtier-emprunteur-chalon-sur-saone,disque,200,https://courtiark.fr/fr/logiciel-courtier-emprunteur-chalon-sur-saone,non,non,,,Logiciel pour courtier emprunteur à Chalon-sur-Saône — COURT,033ca690289a338b
https://courtiark.fr/fr/logiciel-courtier-emprunteur-chambery,disque,200,https://courtiark.fr/fr/logiciel-courtier-emprunteur-chambery,non,non,,,Logiciel pour courtier emprunteur à Chambéry — COURTIA · cou,0593fcd0edc7f91a
https://courtiark.fr/fr/logiciel-courtier-emprunteur-charenton,disque,200,https://courtiark.fr/fr/logiciel-courtier-emprunteur-charenton,non,non,,,Logiciel pour courtier emprunteur à Charenton — COURTIA · co,2c7dd9728fa05969
https://courtiark.fr/fr/logiciel-courtier-emprunteur-charleville-mezieres,disque,200,https://courtiark.fr/fr/logiciel-courtier-emprunteur-charleville-mezieres,non,non,,,Logiciel pour courtier emprunteur à Charleville-Mézières — C,de60e3e25d332354
https://courtiark.fr/fr/logiciel-courtier-emprunteur-chartres,disque,200,https://courtiark.fr/fr/logiciel-courtier-emprunteur-chartres,non,non,,,Logiciel pour courtier emprunteur à Chartres — COURTIA · cou,2b8fb6435a7398a1
https://courtiark.fr/fr/logiciel-courtier-emprunteur-chateauroux,disque,200,https://courtiark.fr/fr/logiciel-courtier-emprunteur-chateauroux,non,non,,,Logiciel pour courtier emprunteur à Châteauroux — COURTIA · ,79988c5e3c45e27d
https://courtiark.fr/fr/logiciel-courtier-emprunteur-chelles,disque,200,https://courtiark.fr/fr/logiciel-courtier-emprunteur-chelles,non,non,,,Logiciel pour courtier emprunteur à Chelles — COURTIA · cour,500df840c8951b59
https://courtiark.fr/fr/logiciel-courtier-emprunteur-cherbourg,disque,200,https://courtiark.fr/fr/logiciel-courtier-emprunteur-cherbourg,non,non,,,Logiciel pour courtier emprunteur à Cherbourg — COURTIA · co,65a609ec0b5e7412
https://courtiark.fr/fr/logiciel-courtier-emprunteur-cholet,disque,200,https://courtiark.fr/fr/logiciel-courtier-emprunteur-cholet,non,non,,,Logiciel pour courtier emprunteur à Cholet — COURTIA · court,0c638adb607c9527
https://courtiark.fr/fr/logiciel-courtier-emprunteur-clermont-ferrand,disque,200,https://courtiark.fr/fr/logiciel-courtier-emprunteur-clermont-ferrand,non,non,,,Logiciel pour courtier emprunteur à Clermont-Ferrand — COURT,40615529375ee75d
https://courtiark.fr/fr/logiciel-courtier-emprunteur-clichy,disque,200,https://courtiark.fr/fr/logiciel-courtier-emprunteur-clichy,non,non,,,Logiciel pour courtier emprunteur à Clichy — COURTIA · court,b9adcb2aa208c3a4
https://courtiark.fr/fr/logiciel-courtier-emprunteur-colmar,disque,200,https://courtiark.fr/fr/logiciel-courtier-emprunteur-colmar,non,non,,,Logiciel pour courtier emprunteur à Colmar — COURTIA · court,b2c86b8c6e350f87
https://courtiark.fr/fr/logiciel-courtier-emprunteur-compiegne,disque,200,https://courtiark.fr/fr/logiciel-courtier-emprunteur-compiegne,non,non,,,Logiciel pour courtier emprunteur à Compiègne — COURTIA · co,fa3e350dd932f33c
https://courtiark.fr/fr/logiciel-courtier-emprunteur-courbevoie,disque,200,https://courtiark.fr/fr/logiciel-courtier-emprunteur-courbevoie,non,non,,,Logiciel pour courtier emprunteur à Courbevoie — COURTIA · c,9f722307d7c47120
https://courtiark.fr/fr/logiciel-courtier-emprunteur-creteil,disque,200,https://courtiark.fr/fr/logiciel-courtier-emprunteur-creteil,non,non,,,Logiciel pour courtier emprunteur à Créteil — COURTIA · cour,d1782beff5515e79
https://courtiark.fr/fr/logiciel-courtier-emprunteur-dax,disque,200,https://courtiark.fr/fr/logiciel-courtier-emprunteur-dax,non,non,,,Logiciel pour courtier emprunteur à Dax — COURTIA · courtiar,2b653e476f2bd4bf
https://courtiark.fr/fr/logiciel-courtier-emprunteur-dijon,disque,200,https://courtiark.fr/fr/logiciel-courtier-emprunteur-dijon,non,non,,,Logiciel pour courtier emprunteur à Dijon — COURTIA · courti,9cd434a023a05f03
https://courtiark.fr/fr/logiciel-courtier-emprunteur-dole,disque,200,https://courtiark.fr/fr/logiciel-courtier-emprunteur-dole,non,non,,,Logiciel pour courtier emprunteur à Dole — COURTIA · courtia,8d80d8ef9ba8d25e
https://courtiark.fr/fr/logiciel-courtier-emprunteur-douai,disque,200,https://courtiark.fr/fr/logiciel-courtier-emprunteur-douai,non,non,,,Logiciel pour courtier emprunteur à Douai — COURTIA · courti,2ea8e3fc969b7833
https://courtiark.fr/fr/logiciel-courtier-emprunteur-draguignan,disque,200,https://courtiark.fr/fr/logiciel-courtier-emprunteur-draguignan,non,non,,,Logiciel pour courtier emprunteur à Draguignan — COURTIA · c,5bbfabf29140b751
https://courtiark.fr/fr/logiciel-courtier-emprunteur-drancy,disque,200,https://courtiark.fr/fr/logiciel-courtier-emprunteur-drancy,non,non,,,Logiciel pour courtier emprunteur à Drancy — COURTIA · court,0064fa10775fec6c
https://courtiark.fr/fr/logiciel-courtier-emprunteur-dreux,disque,200,https://courtiark.fr/fr/logiciel-courtier-emprunteur-dreux,non,non,,,Logiciel pour courtier emprunteur à Dreux — COURTIA · courti,2da6a52fdd7da059
https://courtiark.fr/fr/logiciel-courtier-emprunteur-dunkerque,disque,200,https://courtiark.fr/fr/logiciel-courtier-emprunteur-dunkerque,non,non,,,Logiciel pour courtier emprunteur à Dunkerque — COURTIA · co,8648d920f79d5cad
https://courtiark.fr/fr/logiciel-courtier-emprunteur-epinal,disque,200,https://courtiark.fr/fr/logiciel-courtier-emprunteur-epinal,non,non,,,Logiciel pour courtier emprunteur à Épinal — COURTIA · court,0300c48e5c8c1ed8
https://courtiark.fr/fr/logiciel-courtier-emprunteur-evreux,disque,200,https://courtiark.fr/fr/logiciel-courtier-emprunteur-evreux,non,non,,,Logiciel pour courtier emprunteur à Évreux — COURTIA · court,f888e56bca294b22
https://courtiark.fr/fr/logiciel-courtier-emprunteur-evry,disque,200,https://courtiark.fr/fr/logiciel-courtier-emprunteur-evry,non,non,,,Logiciel pour courtier emprunteur à Évry — COURTIA · courtia,44f55100a936b69c
https://courtiark.fr/fr/logiciel-courtier-emprunteur-fontainebleau,disque,200,https://courtiark.fr/fr/logiciel-courtier-emprunteur-fontainebleau,non,non,,,Logiciel pour courtier emprunteur à Fontainebleau — COURTIA ,330b595f08f82930
https://courtiark.fr/fr/logiciel-courtier-emprunteur-forbach,disque,200,https://courtiark.fr/fr/logiciel-courtier-emprunteur-forbach,non,non,,,Logiciel pour courtier emprunteur à Forbach — COURTIA · cour,b8f7174536339f1f
https://courtiark.fr/fr/logiciel-courtier-emprunteur-frejus,disque,200,https://courtiark.fr/fr/logiciel-courtier-emprunteur-frejus,non,non,,,Logiciel pour courtier emprunteur à Fréjus — COURTIA · court,800eb5bff5c23f6d
https://courtiark.fr/fr/logiciel-courtier-emprunteur-gap,disque,200,https://courtiark.fr/fr/logiciel-courtier-emprunteur-gap,non,non,,,Logiciel pour courtier emprunteur à Gap — COURTIA · courtiar,86e182f8783b41c1
https://courtiark.fr/fr/logiciel-courtier-emprunteur-grasse,disque,200,https://courtiark.fr/fr/logiciel-courtier-emprunteur-grasse,non,non,,,Logiciel pour courtier emprunteur à Grasse — COURTIA · court,8c5e476bc2025acd
https://courtiark.fr/fr/logiciel-courtier-emprunteur-grenoble,disque,200,https://courtiark.fr/fr/logiciel-courtier-emprunteur-grenoble,non,non,,,Logiciel pour courtier emprunteur à Grenoble — COURTIA · cou,335f99a7771b52b0
https://courtiark.fr/fr/logiciel-courtier-emprunteur-haguenau,disque,200,https://courtiark.fr/fr/logiciel-courtier-emprunteur-haguenau,non,non,,,Logiciel pour courtier emprunteur à Haguenau — COURTIA · cou,9deeb37ba967eac7
https://courtiark.fr/fr/logiciel-courtier-emprunteur-hyeres,disque,200,https://courtiark.fr/fr/logiciel-courtier-emprunteur-hyeres,non,non,,,Logiciel pour courtier emprunteur à Hyères — COURTIA · court,775ad82647b12357
https://courtiark.fr/fr/logiciel-courtier-emprunteur-issy-les-moulineaux,disque,200,https://courtiark.fr/fr/logiciel-courtier-emprunteur-issy-les-moulineaux,non,non,,,Logiciel pour courtier emprunteur à Issy-les-Moulineaux — CO,253ab1c9f2d658dd
https://courtiark.fr/fr/logiciel-courtier-emprunteur-istres,disque,200,https://courtiark.fr/fr/logiciel-courtier-emprunteur-istres,non,non,,,Logiciel pour courtier emprunteur à Istres — COURTIA · court,83c3b17dbd77a426
https://courtiark.fr/fr/logiciel-courtier-emprunteur-ivry-sur-seine,disque,200,https://courtiark.fr/fr/logiciel-courtier-emprunteur-ivry-sur-seine,non,non,,,Logiciel pour courtier emprunteur à Ivry-sur-Seine — COURTIA,e87a2cdeb9054909
https://courtiark.fr/fr/logiciel-courtier-emprunteur-la-defense,disque,200,https://courtiark.fr/fr/logiciel-courtier-emprunteur-la-defense,non,non,,,Logiciel pour courtier emprunteur à La Défense — COURTIA · c,12e7e52b99e82f08
https://courtiark.fr/fr/logiciel-courtier-emprunteur-la-roche-sur-yon,disque,200,https://courtiark.fr/fr/logiciel-courtier-emprunteur-la-roche-sur-yon,non,non,,,Logiciel pour courtier emprunteur à La Roche-sur-Yon — COURT,432c78de02b1607d
https://courtiark.fr/fr/logiciel-courtier-emprunteur-la-rochelle,disque,200,https://courtiark.fr/fr/logiciel-courtier-emprunteur-la-rochelle,non,non,,,Logiciel pour courtier emprunteur à La Rochelle — COURTIA · ,2e55ac6d78e7e6b8
https://courtiark.fr/fr/logiciel-courtier-emprunteur-lannion,disque,200,https://courtiark.fr/fr/logiciel-courtier-emprunteur-lannion,non,non,,,Logiciel pour courtier emprunteur à Lannion — COURTIA · cour,5e605dcd3ef88317
https://courtiark.fr/fr/logiciel-courtier-emprunteur-laon,disque,200,https://courtiark.fr/fr/logiciel-courtier-emprunteur-laon,non,non,,,Logiciel pour courtier emprunteur à Laon — COURTIA · courtia,8f70809ff89990d1
https://courtiark.fr/fr/logiciel-courtier-emprunteur-laval,disque,200,https://courtiark.fr/fr/logiciel-courtier-emprunteur-laval,non,non,,,Logiciel pour courtier emprunteur à Laval — COURTIA · courti,d5e3e32d8096be34
https://courtiark.fr/fr/logiciel-courtier-emprunteur-le-havre,disque,200,https://courtiark.fr/fr/logiciel-courtier-emprunteur-le-havre,non,non,,,Logiciel pour courtier emprunteur à Le Havre — COURTIA · cou,6283673fdd229004
https://courtiark.fr/fr/logiciel-courtier-emprunteur-le-mans,disque,200,https://courtiark.fr/fr/logiciel-courtier-emprunteur-le-mans,non,non,,,Logiciel pour courtier emprunteur à Le Mans — COURTIA · cour,b4c1f7f0d4c24515
https://courtiark.fr/fr/logiciel-courtier-emprunteur-lens,disque,200,https://courtiark.fr/fr/logiciel-courtier-emprunteur-lens,non,non,,,Logiciel pour courtier emprunteur à Lens — COURTIA · courtia,7808c054775fb4d3
https://courtiark.fr/fr/logiciel-courtier-emprunteur-levallois-perret,disque,200,https://courtiark.fr/fr/logiciel-courtier-emprunteur-levallois-perret,non,non,,,Logiciel pour courtier emprunteur à Levallois-Perret — COURT,4b7c516c39a835a9
https://courtiark.fr/fr/logiciel-courtier-emprunteur-libourne,disque,200,https://courtiark.fr/fr/logiciel-courtier-emprunteur-libourne,non,non,,,Logiciel pour courtier emprunteur à Libourne — COURTIA · cou,a761d9072afb1e9e
https://courtiark.fr/fr/logiciel-courtier-emprunteur-lille,disque,200,https://courtiark.fr/fr/logiciel-courtier-emprunteur-lille,non,non,,,Logiciel pour courtier emprunteur à Lille — COURTIA · courti,379f4c8c2250b61b
https://courtiark.fr/fr/logiciel-courtier-emprunteur-limoges,disque,200,https://courtiark.fr/fr/logiciel-courtier-emprunteur-limoges,non,non,,,Logiciel pour courtier emprunteur à Limoges — COURTIA · cour,d4aab4246dcd005c
https://courtiark.fr/fr/logiciel-courtier-emprunteur-lisieux,disque,200,https://courtiark.fr/fr/logiciel-courtier-emprunteur-lisieux,non,non,,,Logiciel pour courtier emprunteur à Lisieux — COURTIA · cour,94134528223bac08
https://courtiark.fr/fr/logiciel-courtier-emprunteur-lorient,disque,200,https://courtiark.fr/fr/logiciel-courtier-emprunteur-lorient,non,non,,,Logiciel pour courtier emprunteur à Lorient — COURTIA · cour,6d532b149a696c08
https://courtiark.fr/fr/logiciel-courtier-emprunteur-lyon,disque,200,https://courtiark.fr/fr/logiciel-courtier-emprunteur-lyon,non,non,,,Logiciel pour courtier emprunteur à Lyon — COURTIA · courtia,15e8fa86e0b7a093
https://courtiark.fr/fr/logiciel-courtier-emprunteur-macon,disque,200,https://courtiark.fr/fr/logiciel-courtier-emprunteur-macon,non,non,,,Logiciel pour courtier emprunteur à Mâcon — COURTIA · courti,41981a80957b1dbe
https://courtiark.fr/fr/logiciel-courtier-emprunteur-maisons-alfort,disque,200,https://courtiark.fr/fr/logiciel-courtier-emprunteur-maisons-alfort,non,non,,,Logiciel pour courtier emprunteur à Maisons-Alfort — COURTIA,687e02abc18c3b4c
https://courtiark.fr/fr/logiciel-courtier-emprunteur-manosque,disque,200,https://courtiark.fr/fr/logiciel-courtier-emprunteur-manosque,non,non,,,Logiciel pour courtier emprunteur à Manosque — COURTIA · cou,3e5da99c08b41227
https://courtiark.fr/fr/logiciel-courtier-emprunteur-mantes-la-jolie,disque,200,https://courtiark.fr/fr/logiciel-courtier-emprunteur-mantes-la-jolie,non,non,,,Logiciel pour courtier emprunteur à Mantes-la-Jolie — COURTI,188de66024b83d7e
https://courtiark.fr/fr/logiciel-courtier-emprunteur-marseille,disque,200,https://courtiark.fr/fr/logiciel-courtier-emprunteur-marseille,non,non,,,Logiciel pour courtier emprunteur à Marseille — COURTIA · co,c7dcb8f0baac5061
https://courtiark.fr/fr/logiciel-courtier-emprunteur-martigues,disque,200,https://courtiark.fr/fr/logiciel-courtier-emprunteur-martigues,non,non,,,Logiciel pour courtier emprunteur à Martigues — COURTIA · co,d8511b50655e6665
https://courtiark.fr/fr/logiciel-courtier-emprunteur-massy,disque,200,https://courtiark.fr/fr/logiciel-courtier-emprunteur-massy,non,non,,,Logiciel pour courtier emprunteur à Massy — COURTIA · courti,87b592dcebaa6a8d
https://courtiark.fr/fr/logiciel-courtier-emprunteur-meaux,disque,200,https://courtiark.fr/fr/logiciel-courtier-emprunteur-meaux,non,non,,,Logiciel pour courtier emprunteur à Meaux — COURTIA · courti,5c071342ba73d805
https://courtiark.fr/fr/logiciel-courtier-emprunteur-melun,disque,200,https://courtiark.fr/fr/logiciel-courtier-emprunteur-melun,non,non,,,Logiciel pour courtier emprunteur à Melun — COURTIA · courti,ca3cf9f754c88c88
https://courtiark.fr/fr/logiciel-courtier-emprunteur-menton,disque,200,https://courtiark.fr/fr/logiciel-courtier-emprunteur-menton,non,non,,,Logiciel pour courtier emprunteur à Menton — COURTIA · court,3aeca850b38863ed
https://courtiark.fr/fr/logiciel-courtier-emprunteur-merignac,disque,200,https://courtiark.fr/fr/logiciel-courtier-emprunteur-merignac,non,non,,,Logiciel pour courtier emprunteur à Mérignac — COURTIA · cou,b6649663b84b48eb
https://courtiark.fr/fr/logiciel-courtier-emprunteur-metz,disque,200,https://courtiark.fr/fr/logiciel-courtier-emprunteur-metz,non,non,,,Logiciel pour courtier emprunteur à Metz — COURTIA · courtia,345df0007505403b
https://courtiark.fr/fr/logiciel-courtier-emprunteur-mont-de-marsan,disque,200,https://courtiark.fr/fr/logiciel-courtier-emprunteur-mont-de-marsan,non,non,,,Logiciel pour courtier emprunteur à Mont-de-Marsan — COURTIA,44185a5be9ac1417
https://courtiark.fr/fr/logiciel-courtier-emprunteur-montauban,disque,200,https://courtiark.fr/fr/logiciel-courtier-emprunteur-montauban,non,non,,,Logiciel pour courtier emprunteur à Montauban — COURTIA · co,2937e9a1e05a56ae
https://courtiark.fr/fr/logiciel-courtier-emprunteur-montbeliard,disque,200,https://courtiark.fr/fr/logiciel-courtier-emprunteur-montbeliard,non,non,,,Logiciel pour courtier emprunteur à Montbéliard — COURTIA · ,efeec21ac987678d
https://courtiark.fr/fr/logiciel-courtier-emprunteur-montlucon,disque,200,https://courtiark.fr/fr/logiciel-courtier-emprunteur-montlucon,non,non,,,Logiciel pour courtier emprunteur à Montluçon — COURTIA · co,7aaef1e8c8e982c2
https://courtiark.fr/fr/logiciel-courtier-emprunteur-montpellier,disque,200,https://courtiark.fr/fr/logiciel-courtier-emprunteur-montpellier,non,non,,,Logiciel pour courtier emprunteur à Montpellier — COURTIA · ,0b046cac21bbbeeb
https://courtiark.fr/fr/logiciel-courtier-emprunteur-morlaix,disque,200,https://courtiark.fr/fr/logiciel-courtier-emprunteur-morlaix,non,non,,,Logiciel pour courtier emprunteur à Morlaix — COURTIA · cour,a0ff0f9b7aa5bd9e
https://courtiark.fr/fr/logiciel-courtier-emprunteur-moulins,disque,200,https://courtiark.fr/fr/logiciel-courtier-emprunteur-moulins,non,non,,,Logiciel pour courtier emprunteur à Moulins — COURTIA · cour,cd8e4edb3c8ffed2
https://courtiark.fr/fr/logiciel-courtier-emprunteur-mulhouse,disque,200,https://courtiark.fr/fr/logiciel-courtier-emprunteur-mulhouse,non,non,,,Logiciel pour courtier emprunteur à Mulhouse — COURTIA · cou,a0582785706d2859
https://courtiark.fr/fr/logiciel-courtier-emprunteur-nancy,disque,200,https://courtiark.fr/fr/logiciel-courtier-emprunteur-nancy,non,non,,,Logiciel pour courtier emprunteur à Nancy — COURTIA · courti,fe862f4fa6893443
https://courtiark.fr/fr/logiciel-courtier-emprunteur-nanterre,disque,200,https://courtiark.fr/fr/logiciel-courtier-emprunteur-nanterre,non,non,,,Logiciel pour courtier emprunteur à Nanterre — COURTIA · cou,c58d69c647215535
https://courtiark.fr/fr/logiciel-courtier-emprunteur-nantes,disque,200,https://courtiark.fr/fr/logiciel-courtier-emprunteur-nantes,non,non,,,Logiciel pour courtier emprunteur à Nantes — COURTIA · court,13faf744365fa663
https://courtiark.fr/fr/logiciel-courtier-emprunteur-narbonne,disque,200,https://courtiark.fr/fr/logiciel-courtier-emprunteur-narbonne,non,non,,,Logiciel pour courtier emprunteur à Narbonne — COURTIA · cou,ffff749da75c77ca
https://courtiark.fr/fr/logiciel-courtier-emprunteur-nevers,disque,200,https://courtiark.fr/fr/logiciel-courtier-emprunteur-nevers,non,non,,,Logiciel pour courtier emprunteur à Nevers — COURTIA · court,922a5d2a20cfd8a7
https://courtiark.fr/fr/logiciel-courtier-emprunteur-nice,disque,200,https://courtiark.fr/fr/logiciel-courtier-emprunteur-nice,non,non,,,Logiciel pour courtier emprunteur à Nice — COURTIA · courtia,486e74e2af531969
https://courtiark.fr/fr/logiciel-courtier-emprunteur-nimes,disque,200,https://courtiark.fr/fr/logiciel-courtier-emprunteur-nimes,non,non,,,Logiciel pour courtier emprunteur à Nîmes — COURTIA · courti,a59db0fc09d0d5e2
https://courtiark.fr/fr/logiciel-courtier-emprunteur-niort,disque,200,https://courtiark.fr/fr/logiciel-courtier-emprunteur-niort,non,non,,,Logiciel pour courtier emprunteur à Niort — COURTIA · courti,a040549fbe6a0a90
https://courtiark.fr/fr/logiciel-courtier-emprunteur-noisy-le-grand,disque,200,https://courtiark.fr/fr/logiciel-courtier-emprunteur-noisy-le-grand,non,non,,,Logiciel pour courtier emprunteur à Noisy-le-Grand — COURTIA,84fb8a4bbcd08fe2
https://courtiark.fr/fr/logiciel-courtier-emprunteur-orleans,disque,200,https://courtiark.fr/fr/logiciel-courtier-emprunteur-orleans,non,non,,,Logiciel pour courtier emprunteur à Orléans — COURTIA · cour,de306233015bb964
https://courtiark.fr/fr/logiciel-courtier-emprunteur-pantin,disque,200,https://courtiark.fr/fr/logiciel-courtier-emprunteur-pantin,non,non,,,Logiciel pour courtier emprunteur à Pantin — COURTIA · court,89cd3c087f045b79
https://courtiark.fr/fr/logiciel-courtier-emprunteur-paris,disque,200,https://courtiark.fr/fr/logiciel-courtier-emprunteur-paris,non,non,,,Logiciel pour courtier emprunteur à Paris — COURTIA · courti,c851827f7fcf62b8
https://courtiark.fr/fr/logiciel-courtier-emprunteur-pau,disque,200,https://courtiark.fr/fr/logiciel-courtier-emprunteur-pau,non,non,,,Logiciel pour courtier emprunteur à Pau — COURTIA · courtiar,93bd6817a4be718b
https://courtiark.fr/fr/logiciel-courtier-emprunteur-perigueux,disque,200,https://courtiark.fr/fr/logiciel-courtier-emprunteur-perigueux,non,non,,,Logiciel pour courtier emprunteur à Périgueux — COURTIA · co,b12fcf3686c876b5
https://courtiark.fr/fr/logiciel-courtier-emprunteur-perpignan,disque,200,https://courtiark.fr/fr/logiciel-courtier-emprunteur-perpignan,non,non,,,Logiciel pour courtier emprunteur à Perpignan — COURTIA · co,9b7e9cd5da61a1a7
https://courtiark.fr/fr/logiciel-courtier-emprunteur-pessac,disque,200,https://courtiark.fr/fr/logiciel-courtier-emprunteur-pessac,non,non,,,Logiciel pour courtier emprunteur à Pessac — COURTIA · court,2034771aadf01745
https://courtiark.fr/fr/logiciel-courtier-emprunteur-poissy,disque,200,https://courtiark.fr/fr/logiciel-courtier-emprunteur-poissy,non,non,,,Logiciel pour courtier emprunteur à Poissy — COURTIA · court,1d01329840554bbb
https://courtiark.fr/fr/logiciel-courtier-emprunteur-poitiers,disque,200,https://courtiark.fr/fr/logiciel-courtier-emprunteur-poitiers,non,non,,,Logiciel pour courtier emprunteur à Poitiers — COURTIA · cou,dcc4898fecb008a3
https://courtiark.fr/fr/logiciel-courtier-emprunteur-pontault-combault,disque,200,https://courtiark.fr/fr/logiciel-courtier-emprunteur-pontault-combault,non,non,,,Logiciel pour courtier emprunteur à Pontault-Combault — COUR,b488f22137245928
https://courtiark.fr/fr/logiciel-courtier-emprunteur-quimper,disque,200,https://courtiark.fr/fr/logiciel-courtier-emprunteur-quimper,non,non,,,Logiciel pour courtier emprunteur à Quimper — COURTIA · cour,5a4c8bd61fd22e01
https://courtiark.fr/fr/logiciel-courtier-emprunteur-reims,disque,200,https://courtiark.fr/fr/logiciel-courtier-emprunteur-reims,non,non,,,Logiciel pour courtier emprunteur à Reims — COURTIA · courti,619d485e441abf0f
https://courtiark.fr/fr/logiciel-courtier-emprunteur-rennes,disque,200,https://courtiark.fr/fr/logiciel-courtier-emprunteur-rennes,non,non,,,Logiciel pour courtier emprunteur à Rennes — COURTIA · court,2dd41f686445d625
https://courtiark.fr/fr/logiciel-courtier-emprunteur-roanne,disque,200,https://courtiark.fr/fr/logiciel-courtier-emprunteur-roanne,non,non,,,Logiciel pour courtier emprunteur à Roanne — COURTIA · court,4882263de635e94f
https://courtiark.fr/fr/logiciel-courtier-emprunteur-rochefort,disque,200,https://courtiark.fr/fr/logiciel-courtier-emprunteur-rochefort,non,non,,,Logiciel pour courtier emprunteur à Rochefort — COURTIA · co,1aba21b6b3d50db2
https://courtiark.fr/fr/logiciel-courtier-emprunteur-rodez,disque,200,https://courtiark.fr/fr/logiciel-courtier-emprunteur-rodez,non,non,,,Logiciel pour courtier emprunteur à Rodez — COURTIA · courti,5261f0720120086a
https://courtiark.fr/fr/logiciel-courtier-emprunteur-romans-sur-isere,disque,200,https://courtiark.fr/fr/logiciel-courtier-emprunteur-romans-sur-isere,non,non,,,Logiciel pour courtier emprunteur à Romans-sur-Isère — COURT,268f301a9a9703a6
https://courtiark.fr/fr/logiciel-courtier-emprunteur-rosny-sous-bois,disque,200,https://courtiark.fr/fr/logiciel-courtier-emprunteur-rosny-sous-bois,non,non,,,Logiciel pour courtier emprunteur à Rosny-sous-Bois — COURTI,01b910fcadbc67c8
https://courtiark.fr/fr/logiciel-courtier-emprunteur-roubaix,disque,200,https://courtiark.fr/fr/logiciel-courtier-emprunteur-roubaix,non,non,,,Logiciel pour courtier emprunteur à Roubaix — COURTIA · cour,fc18da130d2593b6
https://courtiark.fr/fr/logiciel-courtier-emprunteur-rouen,disque,200,https://courtiark.fr/fr/logiciel-courtier-emprunteur-rouen,non,non,,,Logiciel pour courtier emprunteur à Rouen — COURTIA · courti,efc5f5842492458d
https://courtiark.fr/fr/logiciel-courtier-emprunteur-saint-brieuc,disque,200,https://courtiark.fr/fr/logiciel-courtier-emprunteur-saint-brieuc,non,non,,,Logiciel pour courtier emprunteur à Saint-Brieuc — COURTIA ·,5ea8e09f4f6e23e9
https://courtiark.fr/fr/logiciel-courtier-emprunteur-saint-chamond,disque,200,https://courtiark.fr/fr/logiciel-courtier-emprunteur-saint-chamond,non,non,,,Logiciel pour courtier emprunteur à Saint-Chamond — COURTIA ,62784f24b44bf6b8
https://courtiark.fr/fr/logiciel-courtier-emprunteur-saint-etienne,disque,200,https://courtiark.fr/fr/logiciel-courtier-emprunteur-saint-etienne,non,non,,,Logiciel pour courtier emprunteur à Saint-Étienne — COURTIA ,23c8d0ced397216b
https://courtiark.fr/fr/logiciel-courtier-emprunteur-saint-germain-en-laye,disque,200,https://courtiark.fr/fr/logiciel-courtier-emprunteur-saint-germain-en-laye,non,non,,,Logiciel pour courtier emprunteur à Saint-Germain-en-Laye — ,800c5e68d07adf85
https://courtiark.fr/fr/logiciel-courtier-emprunteur-saint-lo,disque,200,https://courtiark.fr/fr/logiciel-courtier-emprunteur-saint-lo,non,non,,,Logiciel pour courtier emprunteur à Saint-Lô — COURTIA · cou,d0aa94019021d8b4
https://courtiark.fr/fr/logiciel-courtier-emprunteur-saint-malo,disque,200,https://courtiark.fr/fr/logiciel-courtier-emprunteur-saint-malo,non,non,,,Logiciel pour courtier emprunteur à Saint-Malo — COURTIA · c,2f5c358f25f5cf03
https://courtiark.fr/fr/logiciel-courtier-emprunteur-saint-nazaire,disque,200,https://courtiark.fr/fr/logiciel-courtier-emprunteur-saint-nazaire,non,non,,,Logiciel pour courtier emprunteur à Saint-Nazaire — COURTIA ,9184d979a2d1bfa9
https://courtiark.fr/fr/logiciel-courtier-emprunteur-saintes,disque,200,https://courtiark.fr/fr/logiciel-courtier-emprunteur-saintes,non,non,,,Logiciel pour courtier emprunteur à Saintes — COURTIA · cour,afc78336b5fb660b
https://courtiark.fr/fr/logiciel-courtier-emprunteur-salon-de-provence,disque,200,https://courtiark.fr/fr/logiciel-courtier-emprunteur-salon-de-provence,non,non,,,Logiciel pour courtier emprunteur à Salon-de-Provence — COUR,1a938f17c296e13c
https://courtiark.fr/fr/logiciel-courtier-emprunteur-sarcelles,disque,200,https://courtiark.fr/fr/logiciel-courtier-emprunteur-sarcelles,non,non,,,Logiciel pour courtier emprunteur à Sarcelles — COURTIA · co,518e34e9f2399fea
https://courtiark.fr/fr/logiciel-courtier-emprunteur-selestat,disque,200,https://courtiark.fr/fr/logiciel-courtier-emprunteur-selestat,non,non,,,Logiciel pour courtier emprunteur à Sélestat — COURTIA · cou,775f3b46be81fe49
https://courtiark.fr/fr/logiciel-courtier-emprunteur-senart,disque,200,https://courtiark.fr/fr/logiciel-courtier-emprunteur-senart,non,non,,,Logiciel pour courtier emprunteur à Sénart — COURTIA · court,743381ea9635b084
https://courtiark.fr/fr/logiciel-courtier-emprunteur-sete,disque,200,https://courtiark.fr/fr/logiciel-courtier-emprunteur-sete,non,non,,,Logiciel pour courtier emprunteur à Sète — COURTIA · courtia,74983ad8c92f1b28
https://courtiark.fr/fr/logiciel-courtier-emprunteur-soissons,disque,200,https://courtiark.fr/fr/logiciel-courtier-emprunteur-soissons,non,non,,,Logiciel pour courtier emprunteur à Soissons — COURTIA · cou,d4812a6714f8fd34
https://courtiark.fr/fr/logiciel-courtier-emprunteur-strasbourg,disque,200,https://courtiark.fr/fr/logiciel-courtier-emprunteur-strasbourg,non,non,,,Logiciel pour courtier emprunteur à Strasbourg — COURTIA · c,b75e71009913f29d
https://courtiark.fr/fr/logiciel-courtier-emprunteur-tarbes,disque,200,https://courtiark.fr/fr/logiciel-courtier-emprunteur-tarbes,non,non,,,Logiciel pour courtier emprunteur à Tarbes — COURTIA · court,570eeb05c5b0e8e6
https://courtiark.fr/fr/logiciel-courtier-emprunteur-thionville,disque,200,https://courtiark.fr/fr/logiciel-courtier-emprunteur-thionville,non,non,,,Logiciel pour courtier emprunteur à Thionville — COURTIA · c,1aa53c8fc759ddec
https://courtiark.fr/fr/logiciel-courtier-emprunteur-toulon,disque,200,https://courtiark.fr/fr/logiciel-courtier-emprunteur-toulon,non,non,,,Logiciel pour courtier emprunteur à Toulon — COURTIA · court,c2e15b9e09ec59d2
https://courtiark.fr/fr/logiciel-courtier-emprunteur-toulouse,disque,200,https://courtiark.fr/fr/logiciel-courtier-emprunteur-toulouse,non,non,,,Logiciel pour courtier emprunteur à Toulouse — COURTIA · cou,f864a0e0e89dd016
https://courtiark.fr/fr/logiciel-courtier-emprunteur-tourcoing,disque,200,https://courtiark.fr/fr/logiciel-courtier-emprunteur-tourcoing,non,non,,,Logiciel pour courtier emprunteur à Tourcoing — COURTIA · co,a58c77079f4db90e
https://courtiark.fr/fr/logiciel-courtier-emprunteur-tours,disque,200,https://courtiark.fr/fr/logiciel-courtier-emprunteur-tours,non,non,,,Logiciel pour courtier emprunteur à Tours — COURTIA · courti,381245e319501f81
https://courtiark.fr/fr/logiciel-courtier-emprunteur-troyes,disque,200,https://courtiark.fr/fr/logiciel-courtier-emprunteur-troyes,non,non,,,Logiciel pour courtier emprunteur à Troyes — COURTIA · court,e0a2d053363eea00
https://courtiark.fr/fr/logiciel-courtier-emprunteur-valence,disque,200,https://courtiark.fr/fr/logiciel-courtier-emprunteur-valence,non,non,,,Logiciel pour courtier emprunteur à Valence — COURTIA · cour,7e0eda0d1e6a4eb9
https://courtiark.fr/fr/logiciel-courtier-emprunteur-valenciennes,disque,200,https://courtiark.fr/fr/logiciel-courtier-emprunteur-valenciennes,non,non,,,Logiciel pour courtier emprunteur à Valenciennes — COURTIA ·,6ef4bb3f48110785
https://courtiark.fr/fr/logiciel-courtier-emprunteur-vannes,disque,200,https://courtiark.fr/fr/logiciel-courtier-emprunteur-vannes,non,non,,,Logiciel pour courtier emprunteur à Vannes — COURTIA · court,3932399287d60249
https://courtiark.fr/fr/logiciel-courtier-emprunteur-venissieux,disque,200,https://courtiark.fr/fr/logiciel-courtier-emprunteur-venissieux,non,non,,,Logiciel pour courtier emprunteur à Vénissieux — COURTIA · c,b3069edb58a500e0
https://courtiark.fr/fr/logiciel-courtier-emprunteur-versailles,disque,200,https://courtiark.fr/fr/logiciel-courtier-emprunteur-versailles,non,non,,,Logiciel pour courtier emprunteur à Versailles — COURTIA · c,3b9a2afe08cced77
https://courtiark.fr/fr/logiciel-courtier-emprunteur-vichy,disque,200,https://courtiark.fr/fr/logiciel-courtier-emprunteur-vichy,non,non,,,Logiciel pour courtier emprunteur à Vichy — COURTIA · courti,7ffd0f5ebe561398
https://courtiark.fr/fr/logiciel-courtier-emprunteur-vierzon,disque,200,https://courtiark.fr/fr/logiciel-courtier-emprunteur-vierzon,non,non,,,Logiciel pour courtier emprunteur à Vierzon — COURTIA · cour,58d8746b6220185f
https://courtiark.fr/fr/logiciel-courtier-emprunteur-villeurbanne,disque,200,https://courtiark.fr/fr/logiciel-courtier-emprunteur-villeurbanne,non,non,,,Logiciel pour courtier emprunteur à Villeurbanne — COURTIA ·,6ebbc18748fdde37
https://courtiark.fr/fr/logiciel-courtier-emprunteur-vincennes,disque,200,https://courtiark.fr/fr/logiciel-courtier-emprunteur-vincennes,non,non,,,Logiciel pour courtier emprunteur à Vincennes — COURTIA · co,b35c842d3a6c9bca
https://courtiark.fr/fr/logiciel-courtier-entreprise,disque,200,https://courtiark.fr/fr/logiciel-courtier-entreprise,oui,non,,,"Logiciel pour courtier d&#x27;entreprise : risques pro, mult",62f30e233a779e06
https://courtiark.fr/fr/logiciel-courtier-equipe,disque,200,https://courtiark.fr/fr/logiciel-courtier-equipe,oui,non,,,Faire travailler une équipe de courtage dans un seul outil —,e6f4dd3e6b876e4e
https://courtiark.fr/fr/logiciel-courtier-grossiste,disque,200,https://courtiark.fr/fr/logiciel-courtier-grossiste,oui,non,,,Logiciel pour courtier grossiste — COURTIA · courtiark.fr,e3699049beecaa70
https://courtiark.fr/fr/logiciel-courtier-habitation,disque,200,https://courtiark.fr/fr/logiciel-courtier-habitation,oui,non,,,Logiciel pour courtier habitation et MRH : suivi et échéance,be5b57802c037451
https://courtiark.fr/fr/logiciel-courtier-iard,disque,200,https://courtiark.fr/fr/logiciel-courtier-iard,oui,non,,,Logiciel pour courtier IARD et risques pro — COURTIA · court,f116b7c94afbf25a
https://courtiark.fr/fr/logiciel-courtier-iard-agen,disque,200,https://courtiark.fr/fr/logiciel-courtier-iard-agen,non,non,,,Logiciel pour courtier IARD à Agen — COURTIA · courtiark.fr,778857112adc9f17
https://courtiark.fr/fr/logiciel-courtier-iard-aix-en-provence,disque,200,https://courtiark.fr/fr/logiciel-courtier-iard-aix-en-provence,non,non,,,Logiciel pour courtier IARD à Aix-en-Provence — COURTIA · co,97ea8e5d2513f60c
https://courtiark.fr/fr/logiciel-courtier-iard-ajaccio,disque,200,https://courtiark.fr/fr/logiciel-courtier-iard-ajaccio,non,non,,,Logiciel pour courtier IARD à Ajaccio — COURTIA · courtiark.,d0f464b0b3796284
https://courtiark.fr/fr/logiciel-courtier-iard-albi,disque,200,https://courtiark.fr/fr/logiciel-courtier-iard-albi,non,non,,,Logiciel pour courtier IARD à Albi — COURTIA · courtiark.fr,0887c5c59e65dcfa
https://courtiark.fr/fr/logiciel-courtier-iard-alencon,disque,200,https://courtiark.fr/fr/logiciel-courtier-iard-alencon,non,non,,,Logiciel pour courtier IARD à Alençon — COURTIA · courtiark.,b673772c39923c78
https://courtiark.fr/fr/logiciel-courtier-iard-amiens,disque,200,https://courtiark.fr/fr/logiciel-courtier-iard-amiens,non,non,,,Logiciel pour courtier IARD à Amiens — COURTIA · courtiark.f,72ea3e7a75186103
https://courtiark.fr/fr/logiciel-courtier-iard-angers,disque,200,https://courtiark.fr/fr/logiciel-courtier-iard-angers,non,non,,,Logiciel pour courtier IARD à Angers — COURTIA · courtiark.f,171369eebb30ad99
https://courtiark.fr/fr/logiciel-courtier-iard-anglet,disque,200,https://courtiark.fr/fr/logiciel-courtier-iard-anglet,non,non,,,Logiciel pour courtier IARD à Anglet — COURTIA · courtiark.f,28675ea423e524d9
https://courtiark.fr/fr/logiciel-courtier-iard-angouleme,disque,200,https://courtiark.fr/fr/logiciel-courtier-iard-angouleme,non,non,,,Logiciel pour courtier IARD à Angoulême — COURTIA · courtiar,d7b4ee8dfc43db98
https://courtiark.fr/fr/logiciel-courtier-iard-annecy,disque,200,https://courtiark.fr/fr/logiciel-courtier-iard-annecy,non,non,,,Logiciel pour courtier IARD à Annecy — COURTIA · courtiark.f,16ff1352a8d88168
https://courtiark.fr/fr/logiciel-courtier-iard-antibes,disque,200,https://courtiark.fr/fr/logiciel-courtier-iard-antibes,non,non,,,Logiciel pour courtier IARD à Antibes — COURTIA · courtiark.,8f93c0f889e7eb8b
https://courtiark.fr/fr/logiciel-courtier-iard-antony,disque,200,https://courtiark.fr/fr/logiciel-courtier-iard-antony,non,non,,,Logiciel pour courtier IARD à Antony — COURTIA · courtiark.f,70bf7762fec10e16
https://courtiark.fr/fr/logiciel-courtier-iard-arles,disque,200,https://courtiark.fr/fr/logiciel-courtier-iard-arles,non,non,,,Logiciel pour courtier IARD à Arles — COURTIA · courtiark.fr,9c47849e660b228c
https://courtiark.fr/fr/logiciel-courtier-iard-arras,disque,200,https://courtiark.fr/fr/logiciel-courtier-iard-arras,non,non,,,Logiciel pour courtier IARD à Arras — COURTIA · courtiark.fr,2c4c58731baf3ec9
https://courtiark.fr/fr/logiciel-courtier-iard-aubagne,disque,200,https://courtiark.fr/fr/logiciel-courtier-iard-aubagne,non,non,,,Logiciel pour courtier IARD à Aubagne — COURTIA · courtiark.,e09ba340546b9806
https://courtiark.fr/fr/logiciel-courtier-iard-aubervilliers,disque,200,https://courtiark.fr/fr/logiciel-courtier-iard-aubervilliers,non,non,,,Logiciel pour courtier IARD à Aubervilliers — COURTIA · cour,e61893a017f590dc
https://courtiark.fr/fr/logiciel-courtier-iard-auch,disque,200,https://courtiark.fr/fr/logiciel-courtier-iard-auch,non,non,,,Logiciel pour courtier IARD à Auch — COURTIA · courtiark.fr,0754e5cb121a2cf0
https://courtiark.fr/fr/logiciel-courtier-iard-aulnay-sous-bois,disque,200,https://courtiark.fr/fr/logiciel-courtier-iard-aulnay-sous-bois,non,non,,,Logiciel pour courtier IARD à Aulnay-sous-Bois — COURTIA · c,65dcec81c028a7e7
https://courtiark.fr/fr/logiciel-courtier-iard-avignon,disque,200,https://courtiark.fr/fr/logiciel-courtier-iard-avignon,non,non,,,Logiciel pour courtier IARD à Avignon — COURTIA · courtiark.,d39eb6fb2dca1c02
https://courtiark.fr/fr/logiciel-courtier-iard-bagnolet,disque,200,https://courtiark.fr/fr/logiciel-courtier-iard-bagnolet,non,non,,,Logiciel pour courtier IARD à Bagnolet — COURTIA · courtiark,256a67bafa76fc4d
https://courtiark.fr/fr/logiciel-courtier-iard-bastia,disque,200,https://courtiark.fr/fr/logiciel-courtier-iard-bastia,non,non,,,Logiciel pour courtier IARD à Bastia — COURTIA · courtiark.f,ee6595528ea55693
https://courtiark.fr/fr/logiciel-courtier-iard-bayeux,disque,200,https://courtiark.fr/fr/logiciel-courtier-iard-bayeux,non,non,,,Logiciel pour courtier IARD à Bayeux — COURTIA · courtiark.f,70b254dd8cb9f4cd
https://courtiark.fr/fr/logiciel-courtier-iard-bayonne,disque,200,https://courtiark.fr/fr/logiciel-courtier-iard-bayonne,non,non,,,Logiciel pour courtier IARD à Bayonne — COURTIA · courtiark.,058f52e81c9da529
https://courtiark.fr/fr/logiciel-courtier-iard-beauvais,disque,200,https://courtiark.fr/fr/logiciel-courtier-iard-beauvais,non,non,,,Logiciel pour courtier IARD à Beauvais — COURTIA · courtiark,5b8f6a7c3a9f5be8
https://courtiark.fr/fr/logiciel-courtier-iard-belfort,disque,200,https://courtiark.fr/fr/logiciel-courtier-iard-belfort,non,non,,,Logiciel pour courtier IARD à Belfort — COURTIA · courtiark.,7a843f3d6d7fc9f2
https://courtiark.fr/fr/logiciel-courtier-iard-bergerac,disque,200,https://courtiark.fr/fr/logiciel-courtier-iard-bergerac,non,non,,,Logiciel pour courtier IARD à Bergerac — COURTIA · courtiark,1718c3fea42099d1
https://courtiark.fr/fr/logiciel-courtier-iard-besancon,disque,200,https://courtiark.fr/fr/logiciel-courtier-iard-besancon,non,non,,,Logiciel pour courtier IARD à Besançon — COURTIA · courtiark,850956b232e5fef4
https://courtiark.fr/fr/logiciel-courtier-iard-beziers,disque,200,https://courtiark.fr/fr/logiciel-courtier-iard-beziers,non,non,,,Logiciel pour courtier IARD à Béziers — COURTIA · courtiark.,c586e40471a76273
https://courtiark.fr/fr/logiciel-courtier-iard-biarritz,disque,200,https://courtiark.fr/fr/logiciel-courtier-iard-biarritz,non,non,,,Logiciel pour courtier IARD à Biarritz — COURTIA · courtiark,c6eaf0ef50c68cfa
https://courtiark.fr/fr/logiciel-courtier-iard-blois,disque,200,https://courtiark.fr/fr/logiciel-courtier-iard-blois,non,non,,,Logiciel pour courtier IARD à Blois — COURTIA · courtiark.fr,e95182d8a58bf8b4
https://courtiark.fr/fr/logiciel-courtier-iard-bobigny,disque,200,https://courtiark.fr/fr/logiciel-courtier-iard-bobigny,non,non,,,Logiciel pour courtier IARD à Bobigny — COURTIA · courtiark.,9f85217191ea556f
https://courtiark.fr/fr/logiciel-courtier-iard-bondy,disque,200,https://courtiark.fr/fr/logiciel-courtier-iard-bondy,non,non,,,Logiciel pour courtier IARD à Bondy — COURTIA · courtiark.fr,523d047bfa8ffdfe
https://courtiark.fr/fr/logiciel-courtier-iard-bordeaux,disque,200,https://courtiark.fr/fr/logiciel-courtier-iard-bordeaux,non,non,,,Logiciel pour courtier IARD à Bordeaux — COURTIA · courtiark,eb0b1cc6523af367
https://courtiark.fr/fr/logiciel-courtier-iard-boulogne-sur-mer,disque,200,https://courtiark.fr/fr/logiciel-courtier-iard-boulogne-sur-mer,non,non,,,Logiciel pour courtier IARD à Boulogne-sur-Mer — COURTIA · c,f9fdb79522db6cb7
https://courtiark.fr/fr/logiciel-courtier-iard-bourg-en-bresse,disque,200,https://courtiark.fr/fr/logiciel-courtier-iard-bourg-en-bresse,non,non,,,Logiciel pour courtier IARD à Bourg-en-Bresse — COURTIA · co,5366616e4b13b762
https://courtiark.fr/fr/logiciel-courtier-iard-bourges,disque,200,https://courtiark.fr/fr/logiciel-courtier-iard-bourges,non,non,,,Logiciel pour courtier IARD à Bourges — COURTIA · courtiark.,cd18b9d53ab6952a
https://courtiark.fr/fr/logiciel-courtier-iard-brest,disque,200,https://courtiark.fr/fr/logiciel-courtier-iard-brest,non,non,,,Logiciel pour courtier IARD à Brest — COURTIA · courtiark.fr,4e2b9573c306e87d
https://courtiark.fr/fr/logiciel-courtier-iard-caen,disque,200,https://courtiark.fr/fr/logiciel-courtier-iard-caen,non,non,,,Logiciel pour courtier IARD à Caen — COURTIA · courtiark.fr,17652e5c904d5c6f
https://courtiark.fr/fr/logiciel-courtier-iard-cagnes-sur-mer,disque,200,https://courtiark.fr/fr/logiciel-courtier-iard-cagnes-sur-mer,non,non,,,Logiciel pour courtier IARD à Cagnes-sur-Mer — COURTIA · cou,63f34f14ee073f01
https://courtiark.fr/fr/logiciel-courtier-iard-cahors,disque,200,https://courtiark.fr/fr/logiciel-courtier-iard-cahors,non,non,,,Logiciel pour courtier IARD à Cahors — COURTIA · courtiark.f,152cae754eeb1555
https://courtiark.fr/fr/logiciel-courtier-iard-calais,disque,200,https://courtiark.fr/fr/logiciel-courtier-iard-calais,non,non,,,Logiciel pour courtier IARD à Calais — COURTIA · courtiark.f,c62ea2e2da1cf899
https://courtiark.fr/fr/logiciel-courtier-iard-cambrai,disque,200,https://courtiark.fr/fr/logiciel-courtier-iard-cambrai,non,non,,,Logiciel pour courtier IARD à Cambrai — COURTIA · courtiark.,e3ef09d15974bdcb
https://courtiark.fr/fr/logiciel-courtier-iard-cannes,disque,200,https://courtiark.fr/fr/logiciel-courtier-iard-cannes,non,non,,,Logiciel pour courtier IARD à Cannes — COURTIA · courtiark.f,a62dd4c49070c361
https://courtiark.fr/fr/logiciel-courtier-iard-carcassonne,disque,200,https://courtiark.fr/fr/logiciel-courtier-iard-carcassonne,non,non,,,Logiciel pour courtier IARD à Carcassonne — COURTIA · courti,1b60dc44cb582ae4
https://courtiark.fr/fr/logiciel-courtier-iard-carpentras,disque,200,https://courtiark.fr/fr/logiciel-courtier-iard-carpentras,non,non,,,Logiciel pour courtier IARD à Carpentras — COURTIA · courtia,391df1478e98b261
https://courtiark.fr/fr/logiciel-courtier-iard-cergy,disque,200,https://courtiark.fr/fr/logiciel-courtier-iard-cergy,non,non,,,Logiciel pour courtier IARD à Cergy — COURTIA · courtiark.fr,cae6d83977afb28e
https://courtiark.fr/fr/logiciel-courtier-iard-chalon-sur-saone,disque,200,https://courtiark.fr/fr/logiciel-courtier-iard-chalon-sur-saone,non,non,,,Logiciel pour courtier IARD à Chalon-sur-Saône — COURTIA · c,bcc06b0363bffb85
https://courtiark.fr/fr/logiciel-courtier-iard-chambery,disque,200,https://courtiark.fr/fr/logiciel-courtier-iard-chambery,non,non,,,Logiciel pour courtier IARD à Chambéry — COURTIA · courtiark,e111cca4d261b1f9
https://courtiark.fr/fr/logiciel-courtier-iard-charenton,disque,200,https://courtiark.fr/fr/logiciel-courtier-iard-charenton,non,non,,,Logiciel pour courtier IARD à Charenton — COURTIA · courtiar,c163fc3052da513b
https://courtiark.fr/fr/logiciel-courtier-iard-charleville-mezieres,disque,200,https://courtiark.fr/fr/logiciel-courtier-iard-charleville-mezieres,non,non,,,Logiciel pour courtier IARD à Charleville-Mézières — COURTIA,2673f96ac8b8c8c6
https://courtiark.fr/fr/logiciel-courtier-iard-chartres,disque,200,https://courtiark.fr/fr/logiciel-courtier-iard-chartres,non,non,,,Logiciel pour courtier IARD à Chartres — COURTIA · courtiark,4983428c2f652b74
https://courtiark.fr/fr/logiciel-courtier-iard-chateauroux,disque,200,https://courtiark.fr/fr/logiciel-courtier-iard-chateauroux,non,non,,,Logiciel pour courtier IARD à Châteauroux — COURTIA · courti,83558b57ff675a81
https://courtiark.fr/fr/logiciel-courtier-iard-chelles,disque,200,https://courtiark.fr/fr/logiciel-courtier-iard-chelles,non,non,,,Logiciel pour courtier IARD à Chelles — COURTIA · courtiark.,df40afae134a56a5
https://courtiark.fr/fr/logiciel-courtier-iard-cherbourg,disque,200,https://courtiark.fr/fr/logiciel-courtier-iard-cherbourg,non,non,,,Logiciel pour courtier IARD à Cherbourg — COURTIA · courtiar,163e9e59653d4431
https://courtiark.fr/fr/logiciel-courtier-iard-cholet,disque,200,https://courtiark.fr/fr/logiciel-courtier-iard-cholet,non,non,,,Logiciel pour courtier IARD à Cholet — COURTIA · courtiark.f,1ab7cbd905d0004f
https://courtiark.fr/fr/logiciel-courtier-iard-clermont-ferrand,disque,200,https://courtiark.fr/fr/logiciel-courtier-iard-clermont-ferrand,non,non,,,Logiciel pour courtier IARD à Clermont-Ferrand — COURTIA · c,546d7d3ae0847e5f
https://courtiark.fr/fr/logiciel-courtier-iard-clichy,disque,200,https://courtiark.fr/fr/logiciel-courtier-iard-clichy,non,non,,,Logiciel pour courtier IARD à Clichy — COURTIA · courtiark.f,b30a47aea6f30a51
https://courtiark.fr/fr/logiciel-courtier-iard-colmar,disque,200,https://courtiark.fr/fr/logiciel-courtier-iard-colmar,non,non,,,Logiciel pour courtier IARD à Colmar — COURTIA · courtiark.f,ffb037e2ba6ff9dd
https://courtiark.fr/fr/logiciel-courtier-iard-compiegne,disque,200,https://courtiark.fr/fr/logiciel-courtier-iard-compiegne,non,non,,,Logiciel pour courtier IARD à Compiègne — COURTIA · courtiar,6f569e11f839ba16
https://courtiark.fr/fr/logiciel-courtier-iard-courbevoie,disque,200,https://courtiark.fr/fr/logiciel-courtier-iard-courbevoie,non,non,,,Logiciel pour courtier IARD à Courbevoie — COURTIA · courtia,480a737c604e5085
https://courtiark.fr/fr/logiciel-courtier-iard-creteil,disque,200,https://courtiark.fr/fr/logiciel-courtier-iard-creteil,non,non,,,Logiciel pour courtier IARD à Créteil — COURTIA · courtiark.,beed2d29079dd145
https://courtiark.fr/fr/logiciel-courtier-iard-dax,disque,200,https://courtiark.fr/fr/logiciel-courtier-iard-dax,non,non,,,Logiciel pour courtier IARD à Dax — COURTIA · courtiark.fr,8e322269fbfbcb06
https://courtiark.fr/fr/logiciel-courtier-iard-dijon,disque,200,https://courtiark.fr/fr/logiciel-courtier-iard-dijon,non,non,,,Logiciel pour courtier IARD à Dijon — COURTIA · courtiark.fr,b770b7eb54ca48f1
https://courtiark.fr/fr/logiciel-courtier-iard-dole,disque,200,https://courtiark.fr/fr/logiciel-courtier-iard-dole,non,non,,,Logiciel pour courtier IARD à Dole — COURTIA · courtiark.fr,37ce4378e1ee57cb
https://courtiark.fr/fr/logiciel-courtier-iard-douai,disque,200,https://courtiark.fr/fr/logiciel-courtier-iard-douai,non,non,,,Logiciel pour courtier IARD à Douai — COURTIA · courtiark.fr,7e5b6da3c092c8a6
https://courtiark.fr/fr/logiciel-courtier-iard-draguignan,disque,200,https://courtiark.fr/fr/logiciel-courtier-iard-draguignan,non,non,,,Logiciel pour courtier IARD à Draguignan — COURTIA · courtia,2d297c691430eb46
https://courtiark.fr/fr/logiciel-courtier-iard-drancy,disque,200,https://courtiark.fr/fr/logiciel-courtier-iard-drancy,non,non,,,Logiciel pour courtier IARD à Drancy — COURTIA · courtiark.f,253b4324a667e4be
https://courtiark.fr/fr/logiciel-courtier-iard-dreux,disque,200,https://courtiark.fr/fr/logiciel-courtier-iard-dreux,non,non,,,Logiciel pour courtier IARD à Dreux — COURTIA · courtiark.fr,d7e73030bae0616d
https://courtiark.fr/fr/logiciel-courtier-iard-dunkerque,disque,200,https://courtiark.fr/fr/logiciel-courtier-iard-dunkerque,non,non,,,Logiciel pour courtier IARD à Dunkerque — COURTIA · courtiar,b8d747a322981de8
https://courtiark.fr/fr/logiciel-courtier-iard-epinal,disque,200,https://courtiark.fr/fr/logiciel-courtier-iard-epinal,non,non,,,Logiciel pour courtier IARD à Épinal — COURTIA · courtiark.f,28be64460413c47f
https://courtiark.fr/fr/logiciel-courtier-iard-evreux,disque,200,https://courtiark.fr/fr/logiciel-courtier-iard-evreux,non,non,,,Logiciel pour courtier IARD à Évreux — COURTIA · courtiark.f,fe039dd3fb182af1
https://courtiark.fr/fr/logiciel-courtier-iard-evry,disque,200,https://courtiark.fr/fr/logiciel-courtier-iard-evry,non,non,,,Logiciel pour courtier IARD à Évry — COURTIA · courtiark.fr,5982fe1525aed4ba
https://courtiark.fr/fr/logiciel-courtier-iard-fontainebleau,disque,200,https://courtiark.fr/fr/logiciel-courtier-iard-fontainebleau,non,non,,,Logiciel pour courtier IARD à Fontainebleau — COURTIA · cour,96fa79abab29243a
https://courtiark.fr/fr/logiciel-courtier-iard-forbach,disque,200,https://courtiark.fr/fr/logiciel-courtier-iard-forbach,non,non,,,Logiciel pour courtier IARD à Forbach — COURTIA · courtiark.,db01a4ae4adfdc91
https://courtiark.fr/fr/logiciel-courtier-iard-frejus,disque,200,https://courtiark.fr/fr/logiciel-courtier-iard-frejus,non,non,,,Logiciel pour courtier IARD à Fréjus — COURTIA · courtiark.f,87c77c08e85d8694
https://courtiark.fr/fr/logiciel-courtier-iard-gap,disque,200,https://courtiark.fr/fr/logiciel-courtier-iard-gap,non,non,,,Logiciel pour courtier IARD à Gap — COURTIA · courtiark.fr,36a07c0577fa969b
https://courtiark.fr/fr/logiciel-courtier-iard-grasse,disque,200,https://courtiark.fr/fr/logiciel-courtier-iard-grasse,non,non,,,Logiciel pour courtier IARD à Grasse — COURTIA · courtiark.f,1bbce1aef0acfec1
https://courtiark.fr/fr/logiciel-courtier-iard-grenoble,disque,200,https://courtiark.fr/fr/logiciel-courtier-iard-grenoble,non,non,,,Logiciel pour courtier IARD à Grenoble — COURTIA · courtiark,f4555dc7114b5f37
https://courtiark.fr/fr/logiciel-courtier-iard-haguenau,disque,200,https://courtiark.fr/fr/logiciel-courtier-iard-haguenau,non,non,,,Logiciel pour courtier IARD à Haguenau — COURTIA · courtiark,8b59caa04e6439f8
https://courtiark.fr/fr/logiciel-courtier-iard-hyeres,disque,200,https://courtiark.fr/fr/logiciel-courtier-iard-hyeres,non,non,,,Logiciel pour courtier IARD à Hyères — COURTIA · courtiark.f,00f7af666537f49f
https://courtiark.fr/fr/logiciel-courtier-iard-issy-les-moulineaux,disque,200,https://courtiark.fr/fr/logiciel-courtier-iard-issy-les-moulineaux,non,non,,,Logiciel pour courtier IARD à Issy-les-Moulineaux — COURTIA ,cc226a4be25895b2
https://courtiark.fr/fr/logiciel-courtier-iard-istres,disque,200,https://courtiark.fr/fr/logiciel-courtier-iard-istres,non,non,,,Logiciel pour courtier IARD à Istres — COURTIA · courtiark.f,afc186bfc7085bb0
https://courtiark.fr/fr/logiciel-courtier-iard-ivry-sur-seine,disque,200,https://courtiark.fr/fr/logiciel-courtier-iard-ivry-sur-seine,non,non,,,Logiciel pour courtier IARD à Ivry-sur-Seine — COURTIA · cou,eba2f77483fef755
https://courtiark.fr/fr/logiciel-courtier-iard-la-defense,disque,200,https://courtiark.fr/fr/logiciel-courtier-iard-la-defense,non,non,,,Logiciel pour courtier IARD à La Défense — COURTIA · courtia,34970bf0d65a0f67
https://courtiark.fr/fr/logiciel-courtier-iard-la-roche-sur-yon,disque,200,https://courtiark.fr/fr/logiciel-courtier-iard-la-roche-sur-yon,non,non,,,Logiciel pour courtier IARD à La Roche-sur-Yon — COURTIA · c,4498979202730db5
https://courtiark.fr/fr/logiciel-courtier-iard-la-rochelle,disque,200,https://courtiark.fr/fr/logiciel-courtier-iard-la-rochelle,non,non,,,Logiciel pour courtier IARD à La Rochelle — COURTIA · courti,1d90e56ea0965379
https://courtiark.fr/fr/logiciel-courtier-iard-lannion,disque,200,https://courtiark.fr/fr/logiciel-courtier-iard-lannion,non,non,,,Logiciel pour courtier IARD à Lannion — COURTIA · courtiark.,f2d5b76ca40d72ea
https://courtiark.fr/fr/logiciel-courtier-iard-laon,disque,200,https://courtiark.fr/fr/logiciel-courtier-iard-laon,non,non,,,Logiciel pour courtier IARD à Laon — COURTIA · courtiark.fr,5384814906691714
https://courtiark.fr/fr/logiciel-courtier-iard-laval,disque,200,https://courtiark.fr/fr/logiciel-courtier-iard-laval,non,non,,,Logiciel pour courtier IARD à Laval — COURTIA · courtiark.fr,8550ff4bb93c5417
https://courtiark.fr/fr/logiciel-courtier-iard-le-havre,disque,200,https://courtiark.fr/fr/logiciel-courtier-iard-le-havre,non,non,,,Logiciel pour courtier IARD à Le Havre — COURTIA · courtiark,b29a59cd662842bb
https://courtiark.fr/fr/logiciel-courtier-iard-le-mans,disque,200,https://courtiark.fr/fr/logiciel-courtier-iard-le-mans,non,non,,,Logiciel pour courtier IARD à Le Mans — COURTIA · courtiark.,09b6552f769031ef
https://courtiark.fr/fr/logiciel-courtier-iard-lens,disque,200,https://courtiark.fr/fr/logiciel-courtier-iard-lens,non,non,,,Logiciel pour courtier IARD à Lens — COURTIA · courtiark.fr,2209d5358a87b288
https://courtiark.fr/fr/logiciel-courtier-iard-levallois-perret,disque,200,https://courtiark.fr/fr/logiciel-courtier-iard-levallois-perret,non,non,,,Logiciel pour courtier IARD à Levallois-Perret — COURTIA · c,fa630a45cb1154e5
https://courtiark.fr/fr/logiciel-courtier-iard-libourne,disque,200,https://courtiark.fr/fr/logiciel-courtier-iard-libourne,non,non,,,Logiciel pour courtier IARD à Libourne — COURTIA · courtiark,e53051741547be65
https://courtiark.fr/fr/logiciel-courtier-iard-lille,disque,200,https://courtiark.fr/fr/logiciel-courtier-iard-lille,non,non,,,Logiciel pour courtier IARD à Lille — COURTIA · courtiark.fr,fd71a9078f6b7b2a
https://courtiark.fr/fr/logiciel-courtier-iard-limoges,disque,200,https://courtiark.fr/fr/logiciel-courtier-iard-limoges,non,non,,,Logiciel pour courtier IARD à Limoges — COURTIA · courtiark.,a5ae5edddb0e75dd
https://courtiark.fr/fr/logiciel-courtier-iard-lisieux,disque,200,https://courtiark.fr/fr/logiciel-courtier-iard-lisieux,non,non,,,Logiciel pour courtier IARD à Lisieux — COURTIA · courtiark.,bb57727050ac8131
https://courtiark.fr/fr/logiciel-courtier-iard-lorient,disque,200,https://courtiark.fr/fr/logiciel-courtier-iard-lorient,non,non,,,Logiciel pour courtier IARD à Lorient — COURTIA · courtiark.,e423e261e5d42603
https://courtiark.fr/fr/logiciel-courtier-iard-lyon,disque,200,https://courtiark.fr/fr/logiciel-courtier-iard-lyon,non,non,,,Logiciel pour courtier IARD à Lyon — COURTIA · courtiark.fr,777fe2649734af7b
https://courtiark.fr/fr/logiciel-courtier-iard-macon,disque,200,https://courtiark.fr/fr/logiciel-courtier-iard-macon,non,non,,,Logiciel pour courtier IARD à Mâcon — COURTIA · courtiark.fr,36fb0f9ed9a5b791
https://courtiark.fr/fr/logiciel-courtier-iard-maisons-alfort,disque,200,https://courtiark.fr/fr/logiciel-courtier-iard-maisons-alfort,non,non,,,Logiciel pour courtier IARD à Maisons-Alfort — COURTIA · cou,f5cf0f72bf708103
https://courtiark.fr/fr/logiciel-courtier-iard-manosque,disque,200,https://courtiark.fr/fr/logiciel-courtier-iard-manosque,non,non,,,Logiciel pour courtier IARD à Manosque — COURTIA · courtiark,ca27339033c5c27f
https://courtiark.fr/fr/logiciel-courtier-iard-mantes-la-jolie,disque,200,https://courtiark.fr/fr/logiciel-courtier-iard-mantes-la-jolie,non,non,,,Logiciel pour courtier IARD à Mantes-la-Jolie — COURTIA · co,e89467029db726a2
https://courtiark.fr/fr/logiciel-courtier-iard-marseille,disque,200,https://courtiark.fr/fr/logiciel-courtier-iard-marseille,non,non,,,Logiciel pour courtier IARD à Marseille — COURTIA · courtiar,92c4c50d371377fa
https://courtiark.fr/fr/logiciel-courtier-iard-martigues,disque,200,https://courtiark.fr/fr/logiciel-courtier-iard-martigues,non,non,,,Logiciel pour courtier IARD à Martigues — COURTIA · courtiar,10f8a6bf70b3dbb0
https://courtiark.fr/fr/logiciel-courtier-iard-massy,disque,200,https://courtiark.fr/fr/logiciel-courtier-iard-massy,non,non,,,Logiciel pour courtier IARD à Massy — COURTIA · courtiark.fr,57240f95cfe9095c
https://courtiark.fr/fr/logiciel-courtier-iard-meaux,disque,200,https://courtiark.fr/fr/logiciel-courtier-iard-meaux,non,non,,,Logiciel pour courtier IARD à Meaux — COURTIA · courtiark.fr,b3b0076607c91c0e
https://courtiark.fr/fr/logiciel-courtier-iard-melun,disque,200,https://courtiark.fr/fr/logiciel-courtier-iard-melun,non,non,,,Logiciel pour courtier IARD à Melun — COURTIA · courtiark.fr,b5bdfd98ece55ced
https://courtiark.fr/fr/logiciel-courtier-iard-menton,disque,200,https://courtiark.fr/fr/logiciel-courtier-iard-menton,non,non,,,Logiciel pour courtier IARD à Menton — COURTIA · courtiark.f,2205e9cf6867b003
https://courtiark.fr/fr/logiciel-courtier-iard-merignac,disque,200,https://courtiark.fr/fr/logiciel-courtier-iard-merignac,non,non,,,Logiciel pour courtier IARD à Mérignac — COURTIA · courtiark,0d9ab7646a3ccbb8
https://courtiark.fr/fr/logiciel-courtier-iard-metz,disque,200,https://courtiark.fr/fr/logiciel-courtier-iard-metz,non,non,,,Logiciel pour courtier IARD à Metz — COURTIA · courtiark.fr,65c511e9e1fc90d1
https://courtiark.fr/fr/logiciel-courtier-iard-mont-de-marsan,disque,200,https://courtiark.fr/fr/logiciel-courtier-iard-mont-de-marsan,non,non,,,Logiciel pour courtier IARD à Mont-de-Marsan — COURTIA · cou,9056f8340aae9bb6
https://courtiark.fr/fr/logiciel-courtier-iard-montauban,disque,200,https://courtiark.fr/fr/logiciel-courtier-iard-montauban,non,non,,,Logiciel pour courtier IARD à Montauban — COURTIA · courtiar,b43cbac5bdfdbc91
https://courtiark.fr/fr/logiciel-courtier-iard-montbeliard,disque,200,https://courtiark.fr/fr/logiciel-courtier-iard-montbeliard,non,non,,,Logiciel pour courtier IARD à Montbéliard — COURTIA · courti,c4b9826f195e99ae
https://courtiark.fr/fr/logiciel-courtier-iard-montlucon,disque,200,https://courtiark.fr/fr/logiciel-courtier-iard-montlucon,non,non,,,Logiciel pour courtier IARD à Montluçon — COURTIA · courtiar,f4e567d48879a281
https://courtiark.fr/fr/logiciel-courtier-iard-montpellier,disque,200,https://courtiark.fr/fr/logiciel-courtier-iard-montpellier,non,non,,,Logiciel pour courtier IARD à Montpellier — COURTIA · courti,56fa595beddd8238
https://courtiark.fr/fr/logiciel-courtier-iard-morlaix,disque,200,https://courtiark.fr/fr/logiciel-courtier-iard-morlaix,non,non,,,Logiciel pour courtier IARD à Morlaix — COURTIA · courtiark.,a69af71c6796b68c
https://courtiark.fr/fr/logiciel-courtier-iard-moulins,disque,200,https://courtiark.fr/fr/logiciel-courtier-iard-moulins,non,non,,,Logiciel pour courtier IARD à Moulins — COURTIA · courtiark.,23143a8b7c0ee4f4
https://courtiark.fr/fr/logiciel-courtier-iard-mulhouse,disque,200,https://courtiark.fr/fr/logiciel-courtier-iard-mulhouse,non,non,,,Logiciel pour courtier IARD à Mulhouse — COURTIA · courtiark,5413b6fdb9680e3a
https://courtiark.fr/fr/logiciel-courtier-iard-nancy,disque,200,https://courtiark.fr/fr/logiciel-courtier-iard-nancy,non,non,,,Logiciel pour courtier IARD à Nancy — COURTIA · courtiark.fr,3ae69e40897db9c4
https://courtiark.fr/fr/logiciel-courtier-iard-nanterre,disque,200,https://courtiark.fr/fr/logiciel-courtier-iard-nanterre,non,non,,,Logiciel pour courtier IARD à Nanterre — COURTIA · courtiark,9971b8ed1c8a06c5
https://courtiark.fr/fr/logiciel-courtier-iard-nantes,disque,200,https://courtiark.fr/fr/logiciel-courtier-iard-nantes,non,non,,,Logiciel pour courtier IARD à Nantes — COURTIA · courtiark.f,bc9569ebd80624d7
https://courtiark.fr/fr/logiciel-courtier-iard-narbonne,disque,200,https://courtiark.fr/fr/logiciel-courtier-iard-narbonne,non,non,,,Logiciel pour courtier IARD à Narbonne — COURTIA · courtiark,89b73df9349ab128
https://courtiark.fr/fr/logiciel-courtier-iard-nevers,disque,200,https://courtiark.fr/fr/logiciel-courtier-iard-nevers,non,non,,,Logiciel pour courtier IARD à Nevers — COURTIA · courtiark.f,582770d8c6bdb5a6
https://courtiark.fr/fr/logiciel-courtier-iard-nice,disque,200,https://courtiark.fr/fr/logiciel-courtier-iard-nice,non,non,,,Logiciel pour courtier IARD à Nice — COURTIA · courtiark.fr,54b3b803107151ab
https://courtiark.fr/fr/logiciel-courtier-iard-nimes,disque,200,https://courtiark.fr/fr/logiciel-courtier-iard-nimes,non,non,,,Logiciel pour courtier IARD à Nîmes — COURTIA · courtiark.fr,3b4c4ef279efa011
https://courtiark.fr/fr/logiciel-courtier-iard-niort,disque,200,https://courtiark.fr/fr/logiciel-courtier-iard-niort,non,non,,,Logiciel pour courtier IARD à Niort — COURTIA · courtiark.fr,9da9b7ef14b68849
https://courtiark.fr/fr/logiciel-courtier-iard-noisy-le-grand,disque,200,https://courtiark.fr/fr/logiciel-courtier-iard-noisy-le-grand,non,non,,,Logiciel pour courtier IARD à Noisy-le-Grand — COURTIA · cou,d2a1df56b65fed49
https://courtiark.fr/fr/logiciel-courtier-iard-orleans,disque,200,https://courtiark.fr/fr/logiciel-courtier-iard-orleans,non,non,,,Logiciel pour courtier IARD à Orléans — COURTIA · courtiark.,262f9b637a6c6fbc
https://courtiark.fr/fr/logiciel-courtier-iard-pantin,disque,200,https://courtiark.fr/fr/logiciel-courtier-iard-pantin,non,non,,,Logiciel pour courtier IARD à Pantin — COURTIA · courtiark.f,4093a8d680fed6d6
https://courtiark.fr/fr/logiciel-courtier-iard-paris,disque,200,https://courtiark.fr/fr/logiciel-courtier-iard-paris,non,non,,,Logiciel pour courtier IARD à Paris — COURTIA · courtiark.fr,164ca67028dcffbb
https://courtiark.fr/fr/logiciel-courtier-iard-pau,disque,200,https://courtiark.fr/fr/logiciel-courtier-iard-pau,non,non,,,Logiciel pour courtier IARD à Pau — COURTIA · courtiark.fr,c37b82ddc7f68c74
https://courtiark.fr/fr/logiciel-courtier-iard-perigueux,disque,200,https://courtiark.fr/fr/logiciel-courtier-iard-perigueux,non,non,,,Logiciel pour courtier IARD à Périgueux — COURTIA · courtiar,f337b9687e72a15b
https://courtiark.fr/fr/logiciel-courtier-iard-perpignan,disque,200,https://courtiark.fr/fr/logiciel-courtier-iard-perpignan,non,non,,,Logiciel pour courtier IARD à Perpignan — COURTIA · courtiar,a10e2517872f732f
https://courtiark.fr/fr/logiciel-courtier-iard-pessac,disque,200,https://courtiark.fr/fr/logiciel-courtier-iard-pessac,non,non,,,Logiciel pour courtier IARD à Pessac — COURTIA · courtiark.f,c097acb8d0e1e11d
https://courtiark.fr/fr/logiciel-courtier-iard-poissy,disque,200,https://courtiark.fr/fr/logiciel-courtier-iard-poissy,non,non,,,Logiciel pour courtier IARD à Poissy — COURTIA · courtiark.f,8e63a488b9717f8b
https://courtiark.fr/fr/logiciel-courtier-iard-poitiers,disque,200,https://courtiark.fr/fr/logiciel-courtier-iard-poitiers,non,non,,,Logiciel pour courtier IARD à Poitiers — COURTIA · courtiark,459bb177ad2fc72d
https://courtiark.fr/fr/logiciel-courtier-iard-pontault-combault,disque,200,https://courtiark.fr/fr/logiciel-courtier-iard-pontault-combault,non,non,,,Logiciel pour courtier IARD à Pontault-Combault — COURTIA · ,b8b1fa89acbe980b
https://courtiark.fr/fr/logiciel-courtier-iard-quimper,disque,200,https://courtiark.fr/fr/logiciel-courtier-iard-quimper,non,non,,,Logiciel pour courtier IARD à Quimper — COURTIA · courtiark.,0d951ee7f7f2d9f3
https://courtiark.fr/fr/logiciel-courtier-iard-reims,disque,200,https://courtiark.fr/fr/logiciel-courtier-iard-reims,non,non,,,Logiciel pour courtier IARD à Reims — COURTIA · courtiark.fr,abfdbdc5003b8538
https://courtiark.fr/fr/logiciel-courtier-iard-rennes,disque,200,https://courtiark.fr/fr/logiciel-courtier-iard-rennes,non,non,,,Logiciel pour courtier IARD à Rennes — COURTIA · courtiark.f,6960c0b8df35a0fb
https://courtiark.fr/fr/logiciel-courtier-iard-roanne,disque,200,https://courtiark.fr/fr/logiciel-courtier-iard-roanne,non,non,,,Logiciel pour courtier IARD à Roanne — COURTIA · courtiark.f,0e5e8916c2aabd56
https://courtiark.fr/fr/logiciel-courtier-iard-rochefort,disque,200,https://courtiark.fr/fr/logiciel-courtier-iard-rochefort,non,non,,,Logiciel pour courtier IARD à Rochefort — COURTIA · courtiar,ce4d40def0c33424
https://courtiark.fr/fr/logiciel-courtier-iard-rodez,disque,200,https://courtiark.fr/fr/logiciel-courtier-iard-rodez,non,non,,,Logiciel pour courtier IARD à Rodez — COURTIA · courtiark.fr,d5c2b2be9fdb7f63
https://courtiark.fr/fr/logiciel-courtier-iard-romans-sur-isere,disque,200,https://courtiark.fr/fr/logiciel-courtier-iard-romans-sur-isere,non,non,,,Logiciel pour courtier IARD à Romans-sur-Isère — COURTIA · c,96c97076282092cb
https://courtiark.fr/fr/logiciel-courtier-iard-rosny-sous-bois,disque,200,https://courtiark.fr/fr/logiciel-courtier-iard-rosny-sous-bois,non,non,,,Logiciel pour courtier IARD à Rosny-sous-Bois — COURTIA · co,8b23e4e8401debac
https://courtiark.fr/fr/logiciel-courtier-iard-roubaix,disque,200,https://courtiark.fr/fr/logiciel-courtier-iard-roubaix,non,non,,,Logiciel pour courtier IARD à Roubaix — COURTIA · courtiark.,4ad6bd15a3d4140a
https://courtiark.fr/fr/logiciel-courtier-iard-rouen,disque,200,https://courtiark.fr/fr/logiciel-courtier-iard-rouen,non,non,,,Logiciel pour courtier IARD à Rouen — COURTIA · courtiark.fr,cd67571ae2836bcb
https://courtiark.fr/fr/logiciel-courtier-iard-saint-brieuc,disque,200,https://courtiark.fr/fr/logiciel-courtier-iard-saint-brieuc,non,non,,,Logiciel pour courtier IARD à Saint-Brieuc — COURTIA · court,a1ac00c59593247b
https://courtiark.fr/fr/logiciel-courtier-iard-saint-chamond,disque,200,https://courtiark.fr/fr/logiciel-courtier-iard-saint-chamond,non,non,,,Logiciel pour courtier IARD à Saint-Chamond — COURTIA · cour,f487eceb5da3d392
https://courtiark.fr/fr/logiciel-courtier-iard-saint-etienne,disque,200,https://courtiark.fr/fr/logiciel-courtier-iard-saint-etienne,non,non,,,Logiciel pour courtier IARD à Saint-Étienne — COURTIA · cour,d7c125e84f3e1dfb
https://courtiark.fr/fr/logiciel-courtier-iard-saint-germain-en-laye,disque,200,https://courtiark.fr/fr/logiciel-courtier-iard-saint-germain-en-laye,non,non,,,Logiciel pour courtier IARD à Saint-Germain-en-Laye — COURTI,1734fb6aeaa2c638
https://courtiark.fr/fr/logiciel-courtier-iard-saint-lo,disque,200,https://courtiark.fr/fr/logiciel-courtier-iard-saint-lo,non,non,,,Logiciel pour courtier IARD à Saint-Lô — COURTIA · courtiark,f4975c09a43154f5
https://courtiark.fr/fr/logiciel-courtier-iard-saint-malo,disque,200,https://courtiark.fr/fr/logiciel-courtier-iard-saint-malo,non,non,,,Logiciel pour courtier IARD à Saint-Malo — COURTIA · courtia,8df6d273bb45e953
https://courtiark.fr/fr/logiciel-courtier-iard-saint-nazaire,disque,200,https://courtiark.fr/fr/logiciel-courtier-iard-saint-nazaire,non,non,,,Logiciel pour courtier IARD à Saint-Nazaire — COURTIA · cour,896e86d869cb2970
https://courtiark.fr/fr/logiciel-courtier-iard-saintes,disque,200,https://courtiark.fr/fr/logiciel-courtier-iard-saintes,non,non,,,Logiciel pour courtier IARD à Saintes — COURTIA · courtiark.,b660b6e19679a176
https://courtiark.fr/fr/logiciel-courtier-iard-salon-de-provence,disque,200,https://courtiark.fr/fr/logiciel-courtier-iard-salon-de-provence,non,non,,,Logiciel pour courtier IARD à Salon-de-Provence — COURTIA · ,750503e49b1091a9
https://courtiark.fr/fr/logiciel-courtier-iard-sarcelles,disque,200,https://courtiark.fr/fr/logiciel-courtier-iard-sarcelles,non,non,,,Logiciel pour courtier IARD à Sarcelles — COURTIA · courtiar,8f570d5d9643408b
https://courtiark.fr/fr/logiciel-courtier-iard-selestat,disque,200,https://courtiark.fr/fr/logiciel-courtier-iard-selestat,non,non,,,Logiciel pour courtier IARD à Sélestat — COURTIA · courtiark,7f35e504489a427b
https://courtiark.fr/fr/logiciel-courtier-iard-senart,disque,200,https://courtiark.fr/fr/logiciel-courtier-iard-senart,non,non,,,Logiciel pour courtier IARD à Sénart — COURTIA · courtiark.f,e1ac0c3bcd3cba32
https://courtiark.fr/fr/logiciel-courtier-iard-sete,disque,200,https://courtiark.fr/fr/logiciel-courtier-iard-sete,non,non,,,Logiciel pour courtier IARD à Sète — COURTIA · courtiark.fr,72c9b91bf00ea013
https://courtiark.fr/fr/logiciel-courtier-iard-soissons,disque,200,https://courtiark.fr/fr/logiciel-courtier-iard-soissons,non,non,,,Logiciel pour courtier IARD à Soissons — COURTIA · courtiark,2d4640e5f04f7eb3
https://courtiark.fr/fr/logiciel-courtier-iard-strasbourg,disque,200,https://courtiark.fr/fr/logiciel-courtier-iard-strasbourg,non,non,,,Logiciel pour courtier IARD à Strasbourg — COURTIA · courtia,59f483f288fbc8f3
https://courtiark.fr/fr/logiciel-courtier-iard-tarbes,disque,200,https://courtiark.fr/fr/logiciel-courtier-iard-tarbes,non,non,,,Logiciel pour courtier IARD à Tarbes — COURTIA · courtiark.f,95fae7c6addcbb87
https://courtiark.fr/fr/logiciel-courtier-iard-thionville,disque,200,https://courtiark.fr/fr/logiciel-courtier-iard-thionville,non,non,,,Logiciel pour courtier IARD à Thionville — COURTIA · courtia,d14c61eafe721e56
https://courtiark.fr/fr/logiciel-courtier-iard-toulon,disque,200,https://courtiark.fr/fr/logiciel-courtier-iard-toulon,non,non,,,Logiciel pour courtier IARD à Toulon — COURTIA · courtiark.f,79aba22c8d520e79
https://courtiark.fr/fr/logiciel-courtier-iard-toulouse,disque,200,https://courtiark.fr/fr/logiciel-courtier-iard-toulouse,non,non,,,Logiciel pour courtier IARD à Toulouse — COURTIA · courtiark,88fe52abd8f04276
https://courtiark.fr/fr/logiciel-courtier-iard-tourcoing,disque,200,https://courtiark.fr/fr/logiciel-courtier-iard-tourcoing,non,non,,,Logiciel pour courtier IARD à Tourcoing — COURTIA · courtiar,b7c62ebe60037a91
https://courtiark.fr/fr/logiciel-courtier-iard-tours,disque,200,https://courtiark.fr/fr/logiciel-courtier-iard-tours,non,non,,,Logiciel pour courtier IARD à Tours — COURTIA · courtiark.fr,50c556bb24d9fdfc
https://courtiark.fr/fr/logiciel-courtier-iard-troyes,disque,200,https://courtiark.fr/fr/logiciel-courtier-iard-troyes,non,non,,,Logiciel pour courtier IARD à Troyes — COURTIA · courtiark.f,1958aa60f491ba75
https://courtiark.fr/fr/logiciel-courtier-iard-valence,disque,200,https://courtiark.fr/fr/logiciel-courtier-iard-valence,non,non,,,Logiciel pour courtier IARD à Valence — COURTIA · courtiark.,6e8e8b700f22a7b5
https://courtiark.fr/fr/logiciel-courtier-iard-valenciennes,disque,200,https://courtiark.fr/fr/logiciel-courtier-iard-valenciennes,non,non,,,Logiciel pour courtier IARD à Valenciennes — COURTIA · court,5a7938970f76517a
https://courtiark.fr/fr/logiciel-courtier-iard-vannes,disque,200,https://courtiark.fr/fr/logiciel-courtier-iard-vannes,non,non,,,Logiciel pour courtier IARD à Vannes — COURTIA · courtiark.f,16ceda62308c13a0
https://courtiark.fr/fr/logiciel-courtier-iard-venissieux,disque,200,https://courtiark.fr/fr/logiciel-courtier-iard-venissieux,non,non,,,Logiciel pour courtier IARD à Vénissieux — COURTIA · courtia,29bdf79ad2a9c212
https://courtiark.fr/fr/logiciel-courtier-iard-versailles,disque,200,https://courtiark.fr/fr/logiciel-courtier-iard-versailles,non,non,,,Logiciel pour courtier IARD à Versailles — COURTIA · courtia,d33ffb9326b9a8b3
https://courtiark.fr/fr/logiciel-courtier-iard-vichy,disque,200,https://courtiark.fr/fr/logiciel-courtier-iard-vichy,non,non,,,Logiciel pour courtier IARD à Vichy — COURTIA · courtiark.fr,c6324e3d62c131da
https://courtiark.fr/fr/logiciel-courtier-iard-vierzon,disque,200,https://courtiark.fr/fr/logiciel-courtier-iard-vierzon,non,non,,,Logiciel pour courtier IARD à Vierzon — COURTIA · courtiark.,48fc24caa5ba2a0e
https://courtiark.fr/fr/logiciel-courtier-iard-villeurbanne,disque,200,https://courtiark.fr/fr/logiciel-courtier-iard-villeurbanne,non,non,,,Logiciel pour courtier IARD à Villeurbanne — COURTIA · court,df86f64924dffd7c
https://courtiark.fr/fr/logiciel-courtier-iard-vincennes,disque,200,https://courtiark.fr/fr/logiciel-courtier-iard-vincennes,non,non,,,Logiciel pour courtier IARD à Vincennes — COURTIA · courtiar,96f1001f9c6000db
https://courtiark.fr/fr/logiciel-courtier-mandataire,disque,200,https://courtiark.fr/fr/logiciel-courtier-mandataire,oui,non,,,Logiciel pour courtier mandataire d&#x27;assurance — COURTIA,8bf0554392630740
https://courtiark.fr/fr/logiciel-courtier-multi-agences,disque,200,https://courtiark.fr/fr/logiciel-courtier-multi-agences,oui,non,,,Logiciel pour cabinet multi-agences — COURTIA · courtiark.fr,a8be9fc8415f6e2e
https://courtiark.fr/fr/logiciel-courtier-mutuelle,disque,200,https://courtiark.fr/fr/logiciel-courtier-mutuelle,oui,non,,,Logiciel pour courtier mutuelle — COURTIA · courtiark.fr,7e2121506fe60fe7
https://courtiark.fr/fr/logiciel-courtier-mutuelle-agen,disque,200,https://courtiark.fr/fr/logiciel-courtier-mutuelle-agen,non,non,,,Logiciel pour courtier mutuelle santé à Agen — COURTIA · cou,b6ba504cebec4350
https://courtiark.fr/fr/logiciel-courtier-mutuelle-aix-en-provence,disque,200,https://courtiark.fr/fr/logiciel-courtier-mutuelle-aix-en-provence,non,non,,,Logiciel pour courtier mutuelle santé à Aix-en-Provence — CO,8e8cfd1880fa04db
https://courtiark.fr/fr/logiciel-courtier-mutuelle-ajaccio,disque,200,https://courtiark.fr/fr/logiciel-courtier-mutuelle-ajaccio,non,non,,,Logiciel pour courtier mutuelle santé à Ajaccio — COURTIA · ,f6148a728a11b974
https://courtiark.fr/fr/logiciel-courtier-mutuelle-albi,disque,200,https://courtiark.fr/fr/logiciel-courtier-mutuelle-albi,non,non,,,Logiciel pour courtier mutuelle santé à Albi — COURTIA · cou,67b82396dec68811
https://courtiark.fr/fr/logiciel-courtier-mutuelle-alencon,disque,200,https://courtiark.fr/fr/logiciel-courtier-mutuelle-alencon,non,non,,,Logiciel pour courtier mutuelle santé à Alençon — COURTIA · ,dabcb6f019349023
https://courtiark.fr/fr/logiciel-courtier-mutuelle-amiens,disque,200,https://courtiark.fr/fr/logiciel-courtier-mutuelle-amiens,non,non,,,Logiciel pour courtier mutuelle santé à Amiens — COURTIA · c,71b5359a0f1426bd
https://courtiark.fr/fr/logiciel-courtier-mutuelle-angers,disque,200,https://courtiark.fr/fr/logiciel-courtier-mutuelle-angers,non,non,,,Logiciel pour courtier mutuelle santé à Angers — COURTIA · c,201c5d7ca259996d
https://courtiark.fr/fr/logiciel-courtier-mutuelle-anglet,disque,200,https://courtiark.fr/fr/logiciel-courtier-mutuelle-anglet,non,non,,,Logiciel pour courtier mutuelle santé à Anglet — COURTIA · c,9e3c085c06302c1c
https://courtiark.fr/fr/logiciel-courtier-mutuelle-angouleme,disque,200,https://courtiark.fr/fr/logiciel-courtier-mutuelle-angouleme,non,non,,,Logiciel pour courtier mutuelle santé à Angoulême — COURTIA ,a984a2d8df714352
https://courtiark.fr/fr/logiciel-courtier-mutuelle-annecy,disque,200,https://courtiark.fr/fr/logiciel-courtier-mutuelle-annecy,non,non,,,Logiciel pour courtier mutuelle santé à Annecy — COURTIA · c,644b0288ecb1afee
https://courtiark.fr/fr/logiciel-courtier-mutuelle-antibes,disque,200,https://courtiark.fr/fr/logiciel-courtier-mutuelle-antibes,non,non,,,Logiciel pour courtier mutuelle santé à Antibes — COURTIA · ,07465b82f09ce6b7
https://courtiark.fr/fr/logiciel-courtier-mutuelle-antony,disque,200,https://courtiark.fr/fr/logiciel-courtier-mutuelle-antony,non,non,,,Logiciel pour courtier mutuelle santé à Antony — COURTIA · c,79dd65183e64f35c
https://courtiark.fr/fr/logiciel-courtier-mutuelle-arles,disque,200,https://courtiark.fr/fr/logiciel-courtier-mutuelle-arles,non,non,,,Logiciel pour courtier mutuelle santé à Arles — COURTIA · co,164944c53b5eb8b3
https://courtiark.fr/fr/logiciel-courtier-mutuelle-arras,disque,200,https://courtiark.fr/fr/logiciel-courtier-mutuelle-arras,non,non,,,Logiciel pour courtier mutuelle santé à Arras — COURTIA · co,78c75030c436e396
https://courtiark.fr/fr/logiciel-courtier-mutuelle-aubagne,disque,200,https://courtiark.fr/fr/logiciel-courtier-mutuelle-aubagne,non,non,,,Logiciel pour courtier mutuelle santé à Aubagne — COURTIA · ,46a96f9a70026f18
https://courtiark.fr/fr/logiciel-courtier-mutuelle-aubervilliers,disque,200,https://courtiark.fr/fr/logiciel-courtier-mutuelle-aubervilliers,non,non,,,Logiciel pour courtier mutuelle santé à Aubervilliers — COUR,a74f8247f35beefd
https://courtiark.fr/fr/logiciel-courtier-mutuelle-auch,disque,200,https://courtiark.fr/fr/logiciel-courtier-mutuelle-auch,non,non,,,Logiciel pour courtier mutuelle santé à Auch — COURTIA · cou,cf59aa6548a9a495
https://courtiark.fr/fr/logiciel-courtier-mutuelle-aulnay-sous-bois,disque,200,https://courtiark.fr/fr/logiciel-courtier-mutuelle-aulnay-sous-bois,non,non,,,Logiciel pour courtier mutuelle santé à Aulnay-sous-Bois — C,775d6bc0242d035a
https://courtiark.fr/fr/logiciel-courtier-mutuelle-avignon,disque,200,https://courtiark.fr/fr/logiciel-courtier-mutuelle-avignon,non,non,,,Logiciel pour courtier mutuelle santé à Avignon — COURTIA · ,4e3ae315caa3d353
https://courtiark.fr/fr/logiciel-courtier-mutuelle-bagnolet,disque,200,https://courtiark.fr/fr/logiciel-courtier-mutuelle-bagnolet,non,non,,,Logiciel pour courtier mutuelle santé à Bagnolet — COURTIA ·,02c1765abe29fe93
https://courtiark.fr/fr/logiciel-courtier-mutuelle-bastia,disque,200,https://courtiark.fr/fr/logiciel-courtier-mutuelle-bastia,non,non,,,Logiciel pour courtier mutuelle santé à Bastia — COURTIA · c,fb7fd747e7456fe4
https://courtiark.fr/fr/logiciel-courtier-mutuelle-bayeux,disque,200,https://courtiark.fr/fr/logiciel-courtier-mutuelle-bayeux,non,non,,,Logiciel pour courtier mutuelle santé à Bayeux — COURTIA · c,889de49cec53fe34
https://courtiark.fr/fr/logiciel-courtier-mutuelle-bayonne,disque,200,https://courtiark.fr/fr/logiciel-courtier-mutuelle-bayonne,non,non,,,Logiciel pour courtier mutuelle santé à Bayonne — COURTIA · ,f9152fe61bb0131a
https://courtiark.fr/fr/logiciel-courtier-mutuelle-beauvais,disque,200,https://courtiark.fr/fr/logiciel-courtier-mutuelle-beauvais,non,non,,,Logiciel pour courtier mutuelle santé à Beauvais — COURTIA ·,b4e534cf3c2c1801
https://courtiark.fr/fr/logiciel-courtier-mutuelle-belfort,disque,200,https://courtiark.fr/fr/logiciel-courtier-mutuelle-belfort,non,non,,,Logiciel pour courtier mutuelle santé à Belfort — COURTIA · ,8ca062478cec4202
https://courtiark.fr/fr/logiciel-courtier-mutuelle-bergerac,disque,200,https://courtiark.fr/fr/logiciel-courtier-mutuelle-bergerac,non,non,,,Logiciel pour courtier mutuelle santé à Bergerac — COURTIA ·,abf3e17a5e4c3387
https://courtiark.fr/fr/logiciel-courtier-mutuelle-besancon,disque,200,https://courtiark.fr/fr/logiciel-courtier-mutuelle-besancon,non,non,,,Logiciel pour courtier mutuelle santé à Besançon — COURTIA ·,c70ef67b8fe6475c
https://courtiark.fr/fr/logiciel-courtier-mutuelle-beziers,disque,200,https://courtiark.fr/fr/logiciel-courtier-mutuelle-beziers,non,non,,,Logiciel pour courtier mutuelle santé à Béziers — COURTIA · ,086a2fb167f50f06
https://courtiark.fr/fr/logiciel-courtier-mutuelle-biarritz,disque,200,https://courtiark.fr/fr/logiciel-courtier-mutuelle-biarritz,non,non,,,Logiciel pour courtier mutuelle santé à Biarritz — COURTIA ·,a396fabb5a2e95ca
https://courtiark.fr/fr/logiciel-courtier-mutuelle-blois,disque,200,https://courtiark.fr/fr/logiciel-courtier-mutuelle-blois,non,non,,,Logiciel pour courtier mutuelle santé à Blois — COURTIA · co,5b5a290ce001064a
https://courtiark.fr/fr/logiciel-courtier-mutuelle-bobigny,disque,200,https://courtiark.fr/fr/logiciel-courtier-mutuelle-bobigny,non,non,,,Logiciel pour courtier mutuelle santé à Bobigny — COURTIA · ,5c5d18c413f8d30c
https://courtiark.fr/fr/logiciel-courtier-mutuelle-bondy,disque,200,https://courtiark.fr/fr/logiciel-courtier-mutuelle-bondy,non,non,,,Logiciel pour courtier mutuelle santé à Bondy — COURTIA · co,a638dcdc38dd9794
https://courtiark.fr/fr/logiciel-courtier-mutuelle-bordeaux,disque,200,https://courtiark.fr/fr/logiciel-courtier-mutuelle-bordeaux,non,non,,,Logiciel pour courtier mutuelle santé à Bordeaux — COURTIA ·,8d3b328867f9fd13
https://courtiark.fr/fr/logiciel-courtier-mutuelle-boulogne-sur-mer,disque,200,https://courtiark.fr/fr/logiciel-courtier-mutuelle-boulogne-sur-mer,non,non,,,Logiciel pour courtier mutuelle santé à Boulogne-sur-Mer — C,dbda2289771c7d4f
https://courtiark.fr/fr/logiciel-courtier-mutuelle-bourg-en-bresse,disque,200,https://courtiark.fr/fr/logiciel-courtier-mutuelle-bourg-en-bresse,non,non,,,Logiciel pour courtier mutuelle santé à Bourg-en-Bresse — CO,a0fb564b1a71b191
https://courtiark.fr/fr/logiciel-courtier-mutuelle-bourges,disque,200,https://courtiark.fr/fr/logiciel-courtier-mutuelle-bourges,non,non,,,Logiciel pour courtier mutuelle santé à Bourges — COURTIA · ,20a94820080b8faa
https://courtiark.fr/fr/logiciel-courtier-mutuelle-brest,disque,200,https://courtiark.fr/fr/logiciel-courtier-mutuelle-brest,non,non,,,Logiciel pour courtier mutuelle santé à Brest — COURTIA · co,bdd88262a88e511c
https://courtiark.fr/fr/logiciel-courtier-mutuelle-caen,disque,200,https://courtiark.fr/fr/logiciel-courtier-mutuelle-caen,non,non,,,Logiciel pour courtier mutuelle santé à Caen — COURTIA · cou,4756c1177fd5f35a
https://courtiark.fr/fr/logiciel-courtier-mutuelle-cagnes-sur-mer,disque,200,https://courtiark.fr/fr/logiciel-courtier-mutuelle-cagnes-sur-mer,non,non,,,Logiciel pour courtier mutuelle santé à Cagnes-sur-Mer — COU,f479cd6ef0633004
https://courtiark.fr/fr/logiciel-courtier-mutuelle-cahors,disque,200,https://courtiark.fr/fr/logiciel-courtier-mutuelle-cahors,non,non,,,Logiciel pour courtier mutuelle santé à Cahors — COURTIA · c,67caf684b7ae80c9
https://courtiark.fr/fr/logiciel-courtier-mutuelle-calais,disque,200,https://courtiark.fr/fr/logiciel-courtier-mutuelle-calais,non,non,,,Logiciel pour courtier mutuelle santé à Calais — COURTIA · c,b535dca8e881be1d
https://courtiark.fr/fr/logiciel-courtier-mutuelle-cambrai,disque,200,https://courtiark.fr/fr/logiciel-courtier-mutuelle-cambrai,non,non,,,Logiciel pour courtier mutuelle santé à Cambrai — COURTIA · ,88703ae0490836ac
https://courtiark.fr/fr/logiciel-courtier-mutuelle-cannes,disque,200,https://courtiark.fr/fr/logiciel-courtier-mutuelle-cannes,non,non,,,Logiciel pour courtier mutuelle santé à Cannes — COURTIA · c,a2430a372157ce91
https://courtiark.fr/fr/logiciel-courtier-mutuelle-carcassonne,disque,200,https://courtiark.fr/fr/logiciel-courtier-mutuelle-carcassonne,non,non,,,Logiciel pour courtier mutuelle santé à Carcassonne — COURTI,ece2793b78971e3e
https://courtiark.fr/fr/logiciel-courtier-mutuelle-carpentras,disque,200,https://courtiark.fr/fr/logiciel-courtier-mutuelle-carpentras,non,non,,,Logiciel pour courtier mutuelle santé à Carpentras — COURTIA,d41880b44e349b19
https://courtiark.fr/fr/logiciel-courtier-mutuelle-cergy,disque,200,https://courtiark.fr/fr/logiciel-courtier-mutuelle-cergy,non,non,,,Logiciel pour courtier mutuelle santé à Cergy — COURTIA · co,72918e51825a4164
https://courtiark.fr/fr/logiciel-courtier-mutuelle-chalon-sur-saone,disque,200,https://courtiark.fr/fr/logiciel-courtier-mutuelle-chalon-sur-saone,non,non,,,Logiciel pour courtier mutuelle santé à Chalon-sur-Saône — C,d866475b1dfbb0d2
https://courtiark.fr/fr/logiciel-courtier-mutuelle-chambery,disque,200,https://courtiark.fr/fr/logiciel-courtier-mutuelle-chambery,non,non,,,Logiciel pour courtier mutuelle santé à Chambéry — COURTIA ·,e8a46743a9e05541
https://courtiark.fr/fr/logiciel-courtier-mutuelle-charenton,disque,200,https://courtiark.fr/fr/logiciel-courtier-mutuelle-charenton,non,non,,,Logiciel pour courtier mutuelle santé à Charenton — COURTIA ,ad0c4e40ccc3de7f
https://courtiark.fr/fr/logiciel-courtier-mutuelle-charleville-mezieres,disque,200,https://courtiark.fr/fr/logiciel-courtier-mutuelle-charleville-mezieres,non,non,,,Logiciel pour courtier mutuelle santé à Charleville-Mézières,0e45924e851d7568
https://courtiark.fr/fr/logiciel-courtier-mutuelle-chartres,disque,200,https://courtiark.fr/fr/logiciel-courtier-mutuelle-chartres,non,non,,,Logiciel pour courtier mutuelle santé à Chartres — COURTIA ·,bb1813370d011801
https://courtiark.fr/fr/logiciel-courtier-mutuelle-chateauroux,disque,200,https://courtiark.fr/fr/logiciel-courtier-mutuelle-chateauroux,non,non,,,Logiciel pour courtier mutuelle santé à Châteauroux — COURTI,9d3e73850e1389ab
https://courtiark.fr/fr/logiciel-courtier-mutuelle-chelles,disque,200,https://courtiark.fr/fr/logiciel-courtier-mutuelle-chelles,non,non,,,Logiciel pour courtier mutuelle santé à Chelles — COURTIA · ,a246d7e51774a12f
https://courtiark.fr/fr/logiciel-courtier-mutuelle-cherbourg,disque,200,https://courtiark.fr/fr/logiciel-courtier-mutuelle-cherbourg,non,non,,,Logiciel pour courtier mutuelle santé à Cherbourg — COURTIA ,ac85f7d07600634d
https://courtiark.fr/fr/logiciel-courtier-mutuelle-cholet,disque,200,https://courtiark.fr/fr/logiciel-courtier-mutuelle-cholet,non,non,,,Logiciel pour courtier mutuelle santé à Cholet — COURTIA · c,96c67f7f23ccd3e6
https://courtiark.fr/fr/logiciel-courtier-mutuelle-clermont-ferrand,disque,200,https://courtiark.fr/fr/logiciel-courtier-mutuelle-clermont-ferrand,non,non,,,Logiciel pour courtier mutuelle santé à Clermont-Ferrand — C,7d256ba3740d0cc9
https://courtiark.fr/fr/logiciel-courtier-mutuelle-clichy,disque,200,https://courtiark.fr/fr/logiciel-courtier-mutuelle-clichy,non,non,,,Logiciel pour courtier mutuelle santé à Clichy — COURTIA · c,4d72627305109a21
https://courtiark.fr/fr/logiciel-courtier-mutuelle-colmar,disque,200,https://courtiark.fr/fr/logiciel-courtier-mutuelle-colmar,non,non,,,Logiciel pour courtier mutuelle santé à Colmar — COURTIA · c,d750065769d9f666
https://courtiark.fr/fr/logiciel-courtier-mutuelle-compiegne,disque,200,https://courtiark.fr/fr/logiciel-courtier-mutuelle-compiegne,non,non,,,Logiciel pour courtier mutuelle santé à Compiègne — COURTIA ,078b782a12b933d5
https://courtiark.fr/fr/logiciel-courtier-mutuelle-courbevoie,disque,200,https://courtiark.fr/fr/logiciel-courtier-mutuelle-courbevoie,non,non,,,Logiciel pour courtier mutuelle santé à Courbevoie — COURTIA,9b922694df499723
https://courtiark.fr/fr/logiciel-courtier-mutuelle-creteil,disque,200,https://courtiark.fr/fr/logiciel-courtier-mutuelle-creteil,non,non,,,Logiciel pour courtier mutuelle santé à Créteil — COURTIA · ,08da0dfd9fee1770
https://courtiark.fr/fr/logiciel-courtier-mutuelle-dax,disque,200,https://courtiark.fr/fr/logiciel-courtier-mutuelle-dax,non,non,,,Logiciel pour courtier mutuelle santé à Dax — COURTIA · cour,dd6a574da73996b1
https://courtiark.fr/fr/logiciel-courtier-mutuelle-dijon,disque,200,https://courtiark.fr/fr/logiciel-courtier-mutuelle-dijon,non,non,,,Logiciel pour courtier mutuelle santé à Dijon — COURTIA · co,7b2e4275d2364340
https://courtiark.fr/fr/logiciel-courtier-mutuelle-dole,disque,200,https://courtiark.fr/fr/logiciel-courtier-mutuelle-dole,non,non,,,Logiciel pour courtier mutuelle santé à Dole — COURTIA · cou,f8f40c94945fd305
https://courtiark.fr/fr/logiciel-courtier-mutuelle-douai,disque,200,https://courtiark.fr/fr/logiciel-courtier-mutuelle-douai,non,non,,,Logiciel pour courtier mutuelle santé à Douai — COURTIA · co,a32faf2d902ba684
https://courtiark.fr/fr/logiciel-courtier-mutuelle-draguignan,disque,200,https://courtiark.fr/fr/logiciel-courtier-mutuelle-draguignan,non,non,,,Logiciel pour courtier mutuelle santé à Draguignan — COURTIA,2b9137ac3bcdee35
https://courtiark.fr/fr/logiciel-courtier-mutuelle-drancy,disque,200,https://courtiark.fr/fr/logiciel-courtier-mutuelle-drancy,non,non,,,Logiciel pour courtier mutuelle santé à Drancy — COURTIA · c,94d21d4318de4284
https://courtiark.fr/fr/logiciel-courtier-mutuelle-dreux,disque,200,https://courtiark.fr/fr/logiciel-courtier-mutuelle-dreux,non,non,,,Logiciel pour courtier mutuelle santé à Dreux — COURTIA · co,100984848ecef114
https://courtiark.fr/fr/logiciel-courtier-mutuelle-dunkerque,disque,200,https://courtiark.fr/fr/logiciel-courtier-mutuelle-dunkerque,non,non,,,Logiciel pour courtier mutuelle santé à Dunkerque — COURTIA ,170838bc9e58edb5
https://courtiark.fr/fr/logiciel-courtier-mutuelle-epinal,disque,200,https://courtiark.fr/fr/logiciel-courtier-mutuelle-epinal,non,non,,,Logiciel pour courtier mutuelle santé à Épinal — COURTIA · c,abd9965c31790217
https://courtiark.fr/fr/logiciel-courtier-mutuelle-evreux,disque,200,https://courtiark.fr/fr/logiciel-courtier-mutuelle-evreux,non,non,,,Logiciel pour courtier mutuelle santé à Évreux — COURTIA · c,47b9b2d81fdc0996
https://courtiark.fr/fr/logiciel-courtier-mutuelle-evry,disque,200,https://courtiark.fr/fr/logiciel-courtier-mutuelle-evry,non,non,,,Logiciel pour courtier mutuelle santé à Évry — COURTIA · cou,6227df69dd379c7a
https://courtiark.fr/fr/logiciel-courtier-mutuelle-fontainebleau,disque,200,https://courtiark.fr/fr/logiciel-courtier-mutuelle-fontainebleau,non,non,,,Logiciel pour courtier mutuelle santé à Fontainebleau — COUR,72d4779f95cbaf0e
https://courtiark.fr/fr/logiciel-courtier-mutuelle-forbach,disque,200,https://courtiark.fr/fr/logiciel-courtier-mutuelle-forbach,non,non,,,Logiciel pour courtier mutuelle santé à Forbach — COURTIA · ,58e14ced189c3c7e
https://courtiark.fr/fr/logiciel-courtier-mutuelle-frejus,disque,200,https://courtiark.fr/fr/logiciel-courtier-mutuelle-frejus,non,non,,,Logiciel pour courtier mutuelle santé à Fréjus — COURTIA · c,ce5d3a33e1b5c15b
https://courtiark.fr/fr/logiciel-courtier-mutuelle-gap,disque,200,https://courtiark.fr/fr/logiciel-courtier-mutuelle-gap,non,non,,,Logiciel pour courtier mutuelle santé à Gap — COURTIA · cour,073524bb4eeaaf81
https://courtiark.fr/fr/logiciel-courtier-mutuelle-grasse,disque,200,https://courtiark.fr/fr/logiciel-courtier-mutuelle-grasse,non,non,,,Logiciel pour courtier mutuelle santé à Grasse — COURTIA · c,f683fe5b8380dcaa
https://courtiark.fr/fr/logiciel-courtier-mutuelle-grenoble,disque,200,https://courtiark.fr/fr/logiciel-courtier-mutuelle-grenoble,non,non,,,Logiciel pour courtier mutuelle santé à Grenoble — COURTIA ·,d42e7f93ed09858c
https://courtiark.fr/fr/logiciel-courtier-mutuelle-haguenau,disque,200,https://courtiark.fr/fr/logiciel-courtier-mutuelle-haguenau,non,non,,,Logiciel pour courtier mutuelle santé à Haguenau — COURTIA ·,7524c971f48a3c8f
https://courtiark.fr/fr/logiciel-courtier-mutuelle-hyeres,disque,200,https://courtiark.fr/fr/logiciel-courtier-mutuelle-hyeres,non,non,,,Logiciel pour courtier mutuelle santé à Hyères — COURTIA · c,aac51912266ff49e
https://courtiark.fr/fr/logiciel-courtier-mutuelle-issy-les-moulineaux,disque,200,https://courtiark.fr/fr/logiciel-courtier-mutuelle-issy-les-moulineaux,non,non,,,Logiciel pour courtier mutuelle santé à Issy-les-Moulineaux ,03bbe921a48b7eb4
https://courtiark.fr/fr/logiciel-courtier-mutuelle-istres,disque,200,https://courtiark.fr/fr/logiciel-courtier-mutuelle-istres,non,non,,,Logiciel pour courtier mutuelle santé à Istres — COURTIA · c,b73c4fde4284fde0
https://courtiark.fr/fr/logiciel-courtier-mutuelle-ivry-sur-seine,disque,200,https://courtiark.fr/fr/logiciel-courtier-mutuelle-ivry-sur-seine,non,non,,,Logiciel pour courtier mutuelle santé à Ivry-sur-Seine — COU,21f881601be24b5a
https://courtiark.fr/fr/logiciel-courtier-mutuelle-la-defense,disque,200,https://courtiark.fr/fr/logiciel-courtier-mutuelle-la-defense,non,non,,,Logiciel pour courtier mutuelle santé à La Défense — COURTIA,b47f86a24ee4f2db
https://courtiark.fr/fr/logiciel-courtier-mutuelle-la-roche-sur-yon,disque,200,https://courtiark.fr/fr/logiciel-courtier-mutuelle-la-roche-sur-yon,non,non,,,Logiciel pour courtier mutuelle santé à La Roche-sur-Yon — C,ac15cebbdda47da1
https://courtiark.fr/fr/logiciel-courtier-mutuelle-la-rochelle,disque,200,https://courtiark.fr/fr/logiciel-courtier-mutuelle-la-rochelle,non,non,,,Logiciel pour courtier mutuelle santé à La Rochelle — COURTI,e7730099bbfd268f
https://courtiark.fr/fr/logiciel-courtier-mutuelle-lannion,disque,200,https://courtiark.fr/fr/logiciel-courtier-mutuelle-lannion,non,non,,,Logiciel pour courtier mutuelle santé à Lannion — COURTIA · ,0149eb8daa56405e
https://courtiark.fr/fr/logiciel-courtier-mutuelle-laon,disque,200,https://courtiark.fr/fr/logiciel-courtier-mutuelle-laon,non,non,,,Logiciel pour courtier mutuelle santé à Laon — COURTIA · cou,0b4594303a6ddfde
https://courtiark.fr/fr/logiciel-courtier-mutuelle-laval,disque,200,https://courtiark.fr/fr/logiciel-courtier-mutuelle-laval,non,non,,,Logiciel pour courtier mutuelle santé à Laval — COURTIA · co,2d00944cd90edea5
https://courtiark.fr/fr/logiciel-courtier-mutuelle-le-havre,disque,200,https://courtiark.fr/fr/logiciel-courtier-mutuelle-le-havre,non,non,,,Logiciel pour courtier mutuelle santé à Le Havre — COURTIA ·,2487b662b2d1c2eb
https://courtiark.fr/fr/logiciel-courtier-mutuelle-le-mans,disque,200,https://courtiark.fr/fr/logiciel-courtier-mutuelle-le-mans,non,non,,,Logiciel pour courtier mutuelle santé à Le Mans — COURTIA · ,d13e6b1dc408c547
https://courtiark.fr/fr/logiciel-courtier-mutuelle-lens,disque,200,https://courtiark.fr/fr/logiciel-courtier-mutuelle-lens,non,non,,,Logiciel pour courtier mutuelle santé à Lens — COURTIA · cou,54afbf7c30c0f054
https://courtiark.fr/fr/logiciel-courtier-mutuelle-levallois-perret,disque,200,https://courtiark.fr/fr/logiciel-courtier-mutuelle-levallois-perret,non,non,,,Logiciel pour courtier mutuelle santé à Levallois-Perret — C,0a07b1009e8df6ec
https://courtiark.fr/fr/logiciel-courtier-mutuelle-libourne,disque,200,https://courtiark.fr/fr/logiciel-courtier-mutuelle-libourne,non,non,,,Logiciel pour courtier mutuelle santé à Libourne — COURTIA ·,659b97ba9e7a4eb3
https://courtiark.fr/fr/logiciel-courtier-mutuelle-lille,disque,200,https://courtiark.fr/fr/logiciel-courtier-mutuelle-lille,non,non,,,Logiciel pour courtier mutuelle santé à Lille — COURTIA · co,5df2168705f26d8b
https://courtiark.fr/fr/logiciel-courtier-mutuelle-limoges,disque,200,https://courtiark.fr/fr/logiciel-courtier-mutuelle-limoges,non,non,,,Logiciel pour courtier mutuelle santé à Limoges — COURTIA · ,26e17145bc8b3248
https://courtiark.fr/fr/logiciel-courtier-mutuelle-lisieux,disque,200,https://courtiark.fr/fr/logiciel-courtier-mutuelle-lisieux,non,non,,,Logiciel pour courtier mutuelle santé à Lisieux — COURTIA · ,befc97cc66b6bcde
https://courtiark.fr/fr/logiciel-courtier-mutuelle-lorient,disque,200,https://courtiark.fr/fr/logiciel-courtier-mutuelle-lorient,non,non,,,Logiciel pour courtier mutuelle santé à Lorient — COURTIA · ,69f3672910e6b78e
https://courtiark.fr/fr/logiciel-courtier-mutuelle-lyon,disque,200,https://courtiark.fr/fr/logiciel-courtier-mutuelle-lyon,non,non,,,Logiciel pour courtier mutuelle santé à Lyon — COURTIA · cou,92e2935c8ca62522
https://courtiark.fr/fr/logiciel-courtier-mutuelle-macon,disque,200,https://courtiark.fr/fr/logiciel-courtier-mutuelle-macon,non,non,,,Logiciel pour courtier mutuelle santé à Mâcon — COURTIA · co,a583b1419e617004
https://courtiark.fr/fr/logiciel-courtier-mutuelle-maisons-alfort,disque,200,https://courtiark.fr/fr/logiciel-courtier-mutuelle-maisons-alfort,non,non,,,Logiciel pour courtier mutuelle santé à Maisons-Alfort — COU,37db47d025902116
https://courtiark.fr/fr/logiciel-courtier-mutuelle-manosque,disque,200,https://courtiark.fr/fr/logiciel-courtier-mutuelle-manosque,non,non,,,Logiciel pour courtier mutuelle santé à Manosque — COURTIA ·,f9f1b3124cfbb983
https://courtiark.fr/fr/logiciel-courtier-mutuelle-mantes-la-jolie,disque,200,https://courtiark.fr/fr/logiciel-courtier-mutuelle-mantes-la-jolie,non,non,,,Logiciel pour courtier mutuelle santé à Mantes-la-Jolie — CO,53823e080474e148
https://courtiark.fr/fr/logiciel-courtier-mutuelle-marseille,disque,200,https://courtiark.fr/fr/logiciel-courtier-mutuelle-marseille,non,non,,,Logiciel pour courtier mutuelle santé à Marseille — COURTIA ,535f3df92b3d8260
https://courtiark.fr/fr/logiciel-courtier-mutuelle-martigues,disque,200,https://courtiark.fr/fr/logiciel-courtier-mutuelle-martigues,non,non,,,Logiciel pour courtier mutuelle santé à Martigues — COURTIA ,077ecade3fdd190f
https://courtiark.fr/fr/logiciel-courtier-mutuelle-massy,disque,200,https://courtiark.fr/fr/logiciel-courtier-mutuelle-massy,non,non,,,Logiciel pour courtier mutuelle santé à Massy — COURTIA · co,cc36d5dba498bfcd
https://courtiark.fr/fr/logiciel-courtier-mutuelle-meaux,disque,200,https://courtiark.fr/fr/logiciel-courtier-mutuelle-meaux,non,non,,,Logiciel pour courtier mutuelle santé à Meaux — COURTIA · co,14117e0bfaa534cc
https://courtiark.fr/fr/logiciel-courtier-mutuelle-melun,disque,200,https://courtiark.fr/fr/logiciel-courtier-mutuelle-melun,non,non,,,Logiciel pour courtier mutuelle santé à Melun — COURTIA · co,97b625feaca4b229
https://courtiark.fr/fr/logiciel-courtier-mutuelle-menton,disque,200,https://courtiark.fr/fr/logiciel-courtier-mutuelle-menton,non,non,,,Logiciel pour courtier mutuelle santé à Menton — COURTIA · c,bf244ee1d778e728
https://courtiark.fr/fr/logiciel-courtier-mutuelle-merignac,disque,200,https://courtiark.fr/fr/logiciel-courtier-mutuelle-merignac,non,non,,,Logiciel pour courtier mutuelle santé à Mérignac — COURTIA ·,a46fda2401708fc1
https://courtiark.fr/fr/logiciel-courtier-mutuelle-metz,disque,200,https://courtiark.fr/fr/logiciel-courtier-mutuelle-metz,non,non,,,Logiciel pour courtier mutuelle santé à Metz — COURTIA · cou,4e8a81b0f138cff1
https://courtiark.fr/fr/logiciel-courtier-mutuelle-mont-de-marsan,disque,200,https://courtiark.fr/fr/logiciel-courtier-mutuelle-mont-de-marsan,non,non,,,Logiciel pour courtier mutuelle santé à Mont-de-Marsan — COU,f6662cd72326e2f4
https://courtiark.fr/fr/logiciel-courtier-mutuelle-montauban,disque,200,https://courtiark.fr/fr/logiciel-courtier-mutuelle-montauban,non,non,,,Logiciel pour courtier mutuelle santé à Montauban — COURTIA ,4cfbbc8319d3b782
https://courtiark.fr/fr/logiciel-courtier-mutuelle-montbeliard,disque,200,https://courtiark.fr/fr/logiciel-courtier-mutuelle-montbeliard,non,non,,,Logiciel pour courtier mutuelle santé à Montbéliard — COURTI,f9634bd1176fd71d
https://courtiark.fr/fr/logiciel-courtier-mutuelle-montlucon,disque,200,https://courtiark.fr/fr/logiciel-courtier-mutuelle-montlucon,non,non,,,Logiciel pour courtier mutuelle santé à Montluçon — COURTIA ,2708c2016df6172f
https://courtiark.fr/fr/logiciel-courtier-mutuelle-montpellier,disque,200,https://courtiark.fr/fr/logiciel-courtier-mutuelle-montpellier,non,non,,,Logiciel pour courtier mutuelle santé à Montpellier — COURTI,2612176302fbf552
https://courtiark.fr/fr/logiciel-courtier-mutuelle-morlaix,disque,200,https://courtiark.fr/fr/logiciel-courtier-mutuelle-morlaix,non,non,,,Logiciel pour courtier mutuelle santé à Morlaix — COURTIA · ,6a56dece0ec8d135
https://courtiark.fr/fr/logiciel-courtier-mutuelle-moulins,disque,200,https://courtiark.fr/fr/logiciel-courtier-mutuelle-moulins,non,non,,,Logiciel pour courtier mutuelle santé à Moulins — COURTIA · ,954162732abd46c9
https://courtiark.fr/fr/logiciel-courtier-mutuelle-mulhouse,disque,200,https://courtiark.fr/fr/logiciel-courtier-mutuelle-mulhouse,non,non,,,Logiciel pour courtier mutuelle santé à Mulhouse — COURTIA ·,c9faa168066c5b28
https://courtiark.fr/fr/logiciel-courtier-mutuelle-nancy,disque,200,https://courtiark.fr/fr/logiciel-courtier-mutuelle-nancy,non,non,,,Logiciel pour courtier mutuelle santé à Nancy — COURTIA · co,7b4893743c1da7f8
https://courtiark.fr/fr/logiciel-courtier-mutuelle-nanterre,disque,200,https://courtiark.fr/fr/logiciel-courtier-mutuelle-nanterre,non,non,,,Logiciel pour courtier mutuelle santé à Nanterre — COURTIA ·,b07c84313341f79d
https://courtiark.fr/fr/logiciel-courtier-mutuelle-nantes,disque,200,https://courtiark.fr/fr/logiciel-courtier-mutuelle-nantes,non,non,,,Logiciel pour courtier mutuelle santé à Nantes — COURTIA · c,cdedacc66d44ac50
https://courtiark.fr/fr/logiciel-courtier-mutuelle-narbonne,disque,200,https://courtiark.fr/fr/logiciel-courtier-mutuelle-narbonne,non,non,,,Logiciel pour courtier mutuelle santé à Narbonne — COURTIA ·,b71fed9d07cb765f
https://courtiark.fr/fr/logiciel-courtier-mutuelle-nevers,disque,200,https://courtiark.fr/fr/logiciel-courtier-mutuelle-nevers,non,non,,,Logiciel pour courtier mutuelle santé à Nevers — COURTIA · c,a9a2c55af3371945
https://courtiark.fr/fr/logiciel-courtier-mutuelle-nice,disque,200,https://courtiark.fr/fr/logiciel-courtier-mutuelle-nice,non,non,,,Logiciel pour courtier mutuelle santé à Nice — COURTIA · cou,2061b959a291e53a
https://courtiark.fr/fr/logiciel-courtier-mutuelle-nimes,disque,200,https://courtiark.fr/fr/logiciel-courtier-mutuelle-nimes,non,non,,,Logiciel pour courtier mutuelle santé à Nîmes — COURTIA · co,55fed51dbbf6d5df
https://courtiark.fr/fr/logiciel-courtier-mutuelle-niort,disque,200,https://courtiark.fr/fr/logiciel-courtier-mutuelle-niort,non,non,,,Logiciel pour courtier mutuelle santé à Niort — COURTIA · co,be68618428dbc320
https://courtiark.fr/fr/logiciel-courtier-mutuelle-noisy-le-grand,disque,200,https://courtiark.fr/fr/logiciel-courtier-mutuelle-noisy-le-grand,non,non,,,Logiciel pour courtier mutuelle santé à Noisy-le-Grand — COU,0ff3dda21127d5b4
https://courtiark.fr/fr/logiciel-courtier-mutuelle-orleans,disque,200,https://courtiark.fr/fr/logiciel-courtier-mutuelle-orleans,non,non,,,Logiciel pour courtier mutuelle santé à Orléans — COURTIA · ,a5b92db5b76cff3e
https://courtiark.fr/fr/logiciel-courtier-mutuelle-pantin,disque,200,https://courtiark.fr/fr/logiciel-courtier-mutuelle-pantin,non,non,,,Logiciel pour courtier mutuelle santé à Pantin — COURTIA · c,8ffcb6ed70a1c09a
https://courtiark.fr/fr/logiciel-courtier-mutuelle-paris,disque,200,https://courtiark.fr/fr/logiciel-courtier-mutuelle-paris,non,non,,,Logiciel pour courtier mutuelle santé à Paris — COURTIA · co,f3ddbea0e605e08d
https://courtiark.fr/fr/logiciel-courtier-mutuelle-pau,disque,200,https://courtiark.fr/fr/logiciel-courtier-mutuelle-pau,non,non,,,Logiciel pour courtier mutuelle santé à Pau — COURTIA · cour,5a34227bb0d19a20
https://courtiark.fr/fr/logiciel-courtier-mutuelle-perigueux,disque,200,https://courtiark.fr/fr/logiciel-courtier-mutuelle-perigueux,non,non,,,Logiciel pour courtier mutuelle santé à Périgueux — COURTIA ,7949520da4faddde
https://courtiark.fr/fr/logiciel-courtier-mutuelle-perpignan,disque,200,https://courtiark.fr/fr/logiciel-courtier-mutuelle-perpignan,non,non,,,Logiciel pour courtier mutuelle santé à Perpignan — COURTIA ,b3287ee54f09db98
https://courtiark.fr/fr/logiciel-courtier-mutuelle-pessac,disque,200,https://courtiark.fr/fr/logiciel-courtier-mutuelle-pessac,non,non,,,Logiciel pour courtier mutuelle santé à Pessac — COURTIA · c,9e20ad0ffac7a182
https://courtiark.fr/fr/logiciel-courtier-mutuelle-poissy,disque,200,https://courtiark.fr/fr/logiciel-courtier-mutuelle-poissy,non,non,,,Logiciel pour courtier mutuelle santé à Poissy — COURTIA · c,35e38c04d68a973d
https://courtiark.fr/fr/logiciel-courtier-mutuelle-poitiers,disque,200,https://courtiark.fr/fr/logiciel-courtier-mutuelle-poitiers,non,non,,,Logiciel pour courtier mutuelle santé à Poitiers — COURTIA ·,1c8efbb95f26544f
https://courtiark.fr/fr/logiciel-courtier-mutuelle-pontault-combault,disque,200,https://courtiark.fr/fr/logiciel-courtier-mutuelle-pontault-combault,non,non,,,Logiciel pour courtier mutuelle santé à Pontault-Combault — ,28644206caa3bca2
https://courtiark.fr/fr/logiciel-courtier-mutuelle-quimper,disque,200,https://courtiark.fr/fr/logiciel-courtier-mutuelle-quimper,non,non,,,Logiciel pour courtier mutuelle santé à Quimper — COURTIA · ,49b1edac47d835e1
https://courtiark.fr/fr/logiciel-courtier-mutuelle-reims,disque,200,https://courtiark.fr/fr/logiciel-courtier-mutuelle-reims,non,non,,,Logiciel pour courtier mutuelle santé à Reims — COURTIA · co,4b117a540d8b3621
https://courtiark.fr/fr/logiciel-courtier-mutuelle-rennes,disque,200,https://courtiark.fr/fr/logiciel-courtier-mutuelle-rennes,non,non,,,Logiciel pour courtier mutuelle santé à Rennes — COURTIA · c,5839cd7a004abdde
https://courtiark.fr/fr/logiciel-courtier-mutuelle-roanne,disque,200,https://courtiark.fr/fr/logiciel-courtier-mutuelle-roanne,non,non,,,Logiciel pour courtier mutuelle santé à Roanne — COURTIA · c,eed9c4d159581e12
https://courtiark.fr/fr/logiciel-courtier-mutuelle-rochefort,disque,200,https://courtiark.fr/fr/logiciel-courtier-mutuelle-rochefort,non,non,,,Logiciel pour courtier mutuelle santé à Rochefort — COURTIA ,20bc13ee0dce8888
https://courtiark.fr/fr/logiciel-courtier-mutuelle-rodez,disque,200,https://courtiark.fr/fr/logiciel-courtier-mutuelle-rodez,non,non,,,Logiciel pour courtier mutuelle santé à Rodez — COURTIA · co,72830f3610b2c0c4
https://courtiark.fr/fr/logiciel-courtier-mutuelle-romans-sur-isere,disque,200,https://courtiark.fr/fr/logiciel-courtier-mutuelle-romans-sur-isere,non,non,,,Logiciel pour courtier mutuelle santé à Romans-sur-Isère — C,f4c42782d7e41239
https://courtiark.fr/fr/logiciel-courtier-mutuelle-rosny-sous-bois,disque,200,https://courtiark.fr/fr/logiciel-courtier-mutuelle-rosny-sous-bois,non,non,,,Logiciel pour courtier mutuelle santé à Rosny-sous-Bois — CO,8512ddce039d541e
https://courtiark.fr/fr/logiciel-courtier-mutuelle-roubaix,disque,200,https://courtiark.fr/fr/logiciel-courtier-mutuelle-roubaix,non,non,,,Logiciel pour courtier mutuelle santé à Roubaix — COURTIA · ,abaa077a3c656eb7
https://courtiark.fr/fr/logiciel-courtier-mutuelle-rouen,disque,200,https://courtiark.fr/fr/logiciel-courtier-mutuelle-rouen,non,non,,,Logiciel pour courtier mutuelle santé à Rouen — COURTIA · co,c838240c2cdb092b
https://courtiark.fr/fr/logiciel-courtier-mutuelle-saint-brieuc,disque,200,https://courtiark.fr/fr/logiciel-courtier-mutuelle-saint-brieuc,non,non,,,Logiciel pour courtier mutuelle santé à Saint-Brieuc — COURT,1f0091d22bcedf8f
https://courtiark.fr/fr/logiciel-courtier-mutuelle-saint-chamond,disque,200,https://courtiark.fr/fr/logiciel-courtier-mutuelle-saint-chamond,non,non,,,Logiciel pour courtier mutuelle santé à Saint-Chamond — COUR,2506ac2a8a902e79
https://courtiark.fr/fr/logiciel-courtier-mutuelle-saint-etienne,disque,200,https://courtiark.fr/fr/logiciel-courtier-mutuelle-saint-etienne,non,non,,,Logiciel pour courtier mutuelle santé à Saint-Étienne — COUR,634da84184bbd9dc
https://courtiark.fr/fr/logiciel-courtier-mutuelle-saint-germain-en-laye,disque,200,https://courtiark.fr/fr/logiciel-courtier-mutuelle-saint-germain-en-laye,non,non,,,Logiciel pour courtier mutuelle santé à Saint-Germain-en-Lay,ae603a5d9b11e9fe
https://courtiark.fr/fr/logiciel-courtier-mutuelle-saint-lo,disque,200,https://courtiark.fr/fr/logiciel-courtier-mutuelle-saint-lo,non,non,,,Logiciel pour courtier mutuelle santé à Saint-Lô — COURTIA ·,a245c704cb178e5e
https://courtiark.fr/fr/logiciel-courtier-mutuelle-saint-malo,disque,200,https://courtiark.fr/fr/logiciel-courtier-mutuelle-saint-malo,non,non,,,Logiciel pour courtier mutuelle santé à Saint-Malo — COURTIA,adc87c6ac30d1951
https://courtiark.fr/fr/logiciel-courtier-mutuelle-saint-nazaire,disque,200,https://courtiark.fr/fr/logiciel-courtier-mutuelle-saint-nazaire,non,non,,,Logiciel pour courtier mutuelle santé à Saint-Nazaire — COUR,862686721a3ffe81
https://courtiark.fr/fr/logiciel-courtier-mutuelle-saintes,disque,200,https://courtiark.fr/fr/logiciel-courtier-mutuelle-saintes,non,non,,,Logiciel pour courtier mutuelle santé à Saintes — COURTIA · ,54a394cca143ff8a
https://courtiark.fr/fr/logiciel-courtier-mutuelle-salon-de-provence,disque,200,https://courtiark.fr/fr/logiciel-courtier-mutuelle-salon-de-provence,non,non,,,Logiciel pour courtier mutuelle santé à Salon-de-Provence — ,4a5f21a069ec169f
https://courtiark.fr/fr/logiciel-courtier-mutuelle-sarcelles,disque,200,https://courtiark.fr/fr/logiciel-courtier-mutuelle-sarcelles,non,non,,,Logiciel pour courtier mutuelle santé à Sarcelles — COURTIA ,e381157428633b49
https://courtiark.fr/fr/logiciel-courtier-mutuelle-selestat,disque,200,https://courtiark.fr/fr/logiciel-courtier-mutuelle-selestat,non,non,,,Logiciel pour courtier mutuelle santé à Sélestat — COURTIA ·,29664bc6b9d6f687
https://courtiark.fr/fr/logiciel-courtier-mutuelle-senart,disque,200,https://courtiark.fr/fr/logiciel-courtier-mutuelle-senart,non,non,,,Logiciel pour courtier mutuelle santé à Sénart — COURTIA · c,3e723c0a344839ee
https://courtiark.fr/fr/logiciel-courtier-mutuelle-sete,disque,200,https://courtiark.fr/fr/logiciel-courtier-mutuelle-sete,non,non,,,Logiciel pour courtier mutuelle santé à Sète — COURTIA · cou,198e2ba4a8f015b3
https://courtiark.fr/fr/logiciel-courtier-mutuelle-soissons,disque,200,https://courtiark.fr/fr/logiciel-courtier-mutuelle-soissons,non,non,,,Logiciel pour courtier mutuelle santé à Soissons — COURTIA ·,e68d60eb2abcf263
https://courtiark.fr/fr/logiciel-courtier-mutuelle-strasbourg,disque,200,https://courtiark.fr/fr/logiciel-courtier-mutuelle-strasbourg,non,non,,,Logiciel pour courtier mutuelle santé à Strasbourg — COURTIA,998785fa9139649f
https://courtiark.fr/fr/logiciel-courtier-mutuelle-tarbes,disque,200,https://courtiark.fr/fr/logiciel-courtier-mutuelle-tarbes,non,non,,,Logiciel pour courtier mutuelle santé à Tarbes — COURTIA · c,91c6225d192648eb
https://courtiark.fr/fr/logiciel-courtier-mutuelle-thionville,disque,200,https://courtiark.fr/fr/logiciel-courtier-mutuelle-thionville,non,non,,,Logiciel pour courtier mutuelle santé à Thionville — COURTIA,214554ada5894f1f
https://courtiark.fr/fr/logiciel-courtier-mutuelle-toulon,disque,200,https://courtiark.fr/fr/logiciel-courtier-mutuelle-toulon,non,non,,,Logiciel pour courtier mutuelle santé à Toulon — COURTIA · c,81afd7ee2051d6f7
https://courtiark.fr/fr/logiciel-courtier-mutuelle-toulouse,disque,200,https://courtiark.fr/fr/logiciel-courtier-mutuelle-toulouse,non,non,,,Logiciel pour courtier mutuelle santé à Toulouse — COURTIA ·,cae95101ea2ff638
https://courtiark.fr/fr/logiciel-courtier-mutuelle-tourcoing,disque,200,https://courtiark.fr/fr/logiciel-courtier-mutuelle-tourcoing,non,non,,,Logiciel pour courtier mutuelle santé à Tourcoing — COURTIA ,25cc6d09c93f38d4
https://courtiark.fr/fr/logiciel-courtier-mutuelle-tours,disque,200,https://courtiark.fr/fr/logiciel-courtier-mutuelle-tours,non,non,,,Logiciel pour courtier mutuelle santé à Tours — COURTIA · co,1cf3ad32aeb942e0
https://courtiark.fr/fr/logiciel-courtier-mutuelle-troyes,disque,200,https://courtiark.fr/fr/logiciel-courtier-mutuelle-troyes,non,non,,,Logiciel pour courtier mutuelle santé à Troyes — COURTIA · c,346a257680faa5d7
https://courtiark.fr/fr/logiciel-courtier-mutuelle-valence,disque,200,https://courtiark.fr/fr/logiciel-courtier-mutuelle-valence,non,non,,,Logiciel pour courtier mutuelle santé à Valence — COURTIA · ,25d9e00462f4935f
https://courtiark.fr/fr/logiciel-courtier-mutuelle-valenciennes,disque,200,https://courtiark.fr/fr/logiciel-courtier-mutuelle-valenciennes,non,non,,,Logiciel pour courtier mutuelle santé à Valenciennes — COURT,2fcbe2de97f39769
https://courtiark.fr/fr/logiciel-courtier-mutuelle-vannes,disque,200,https://courtiark.fr/fr/logiciel-courtier-mutuelle-vannes,non,non,,,Logiciel pour courtier mutuelle santé à Vannes — COURTIA · c,b0546ffaa3e59ea6
https://courtiark.fr/fr/logiciel-courtier-mutuelle-venissieux,disque,200,https://courtiark.fr/fr/logiciel-courtier-mutuelle-venissieux,non,non,,,Logiciel pour courtier mutuelle santé à Vénissieux — COURTIA,9bf0588d229b5a91
https://courtiark.fr/fr/logiciel-courtier-mutuelle-versailles,disque,200,https://courtiark.fr/fr/logiciel-courtier-mutuelle-versailles,non,non,,,Logiciel pour courtier mutuelle santé à Versailles — COURTIA,28392ddfd7c85e90
https://courtiark.fr/fr/logiciel-courtier-mutuelle-vichy,disque,200,https://courtiark.fr/fr/logiciel-courtier-mutuelle-vichy,non,non,,,Logiciel pour courtier mutuelle santé à Vichy — COURTIA · co,a0733027dfaa1bcf
https://courtiark.fr/fr/logiciel-courtier-mutuelle-vierzon,disque,200,https://courtiark.fr/fr/logiciel-courtier-mutuelle-vierzon,non,non,,,Logiciel pour courtier mutuelle santé à Vierzon — COURTIA · ,8d04109633f05117
https://courtiark.fr/fr/logiciel-courtier-mutuelle-villeurbanne,disque,200,https://courtiark.fr/fr/logiciel-courtier-mutuelle-villeurbanne,non,non,,,Logiciel pour courtier mutuelle santé à Villeurbanne — COURT,4ec55a80e7272c27
https://courtiark.fr/fr/logiciel-courtier-mutuelle-vincennes,disque,200,https://courtiark.fr/fr/logiciel-courtier-mutuelle-vincennes,non,non,,,Logiciel pour courtier mutuelle santé à Vincennes — COURTIA ,dabe47fd9d1ea461
https://courtiark.fr/fr/logiciel-courtier-prevoyance,disque,200,https://courtiark.fr/fr/logiciel-courtier-prevoyance,oui,non,,,Logiciel pour courtier prévoyance — COURTIA · courtiark.fr,3883e50e6e6b9aea
https://courtiark.fr/fr/logiciel-courtier-prevoyance-agen,disque,200,https://courtiark.fr/fr/logiciel-courtier-prevoyance-agen,non,non,,,Logiciel pour courtier prévoyance à Agen — COURTIA · courtia,b0c762f5d72518f9
https://courtiark.fr/fr/logiciel-courtier-prevoyance-aix-en-provence,disque,200,https://courtiark.fr/fr/logiciel-courtier-prevoyance-aix-en-provence,non,non,,,Logiciel pour courtier prévoyance à Aix-en-Provence — COURTI,8b61ed327a06fee1
https://courtiark.fr/fr/logiciel-courtier-prevoyance-ajaccio,disque,200,https://courtiark.fr/fr/logiciel-courtier-prevoyance-ajaccio,non,non,,,Logiciel pour courtier prévoyance à Ajaccio — COURTIA · cour,1c73095a31755c59
https://courtiark.fr/fr/logiciel-courtier-prevoyance-albi,disque,200,https://courtiark.fr/fr/logiciel-courtier-prevoyance-albi,non,non,,,Logiciel pour courtier prévoyance à Albi — COURTIA · courtia,ff02936cd92eb8db
https://courtiark.fr/fr/logiciel-courtier-prevoyance-alencon,disque,200,https://courtiark.fr/fr/logiciel-courtier-prevoyance-alencon,non,non,,,Logiciel pour courtier prévoyance à Alençon — COURTIA · cour,b40cddbc9fa49cdc
https://courtiark.fr/fr/logiciel-courtier-prevoyance-amiens,disque,200,https://courtiark.fr/fr/logiciel-courtier-prevoyance-amiens,non,non,,,Logiciel pour courtier prévoyance à Amiens — COURTIA · court,d490ab93262aca6a
https://courtiark.fr/fr/logiciel-courtier-prevoyance-angers,disque,200,https://courtiark.fr/fr/logiciel-courtier-prevoyance-angers,non,non,,,Logiciel pour courtier prévoyance à Angers — COURTIA · court,3a2040bb9cd12b66
https://courtiark.fr/fr/logiciel-courtier-prevoyance-anglet,disque,200,https://courtiark.fr/fr/logiciel-courtier-prevoyance-anglet,non,non,,,Logiciel pour courtier prévoyance à Anglet — COURTIA · court,e7e21c0e801b4841
https://courtiark.fr/fr/logiciel-courtier-prevoyance-angouleme,disque,200,https://courtiark.fr/fr/logiciel-courtier-prevoyance-angouleme,non,non,,,Logiciel pour courtier prévoyance à Angoulême — COURTIA · co,f152f3e305ce23a3
https://courtiark.fr/fr/logiciel-courtier-prevoyance-annecy,disque,200,https://courtiark.fr/fr/logiciel-courtier-prevoyance-annecy,non,non,,,Logiciel pour courtier prévoyance à Annecy — COURTIA · court,e47dc9b52362a2ff
https://courtiark.fr/fr/logiciel-courtier-prevoyance-antibes,disque,200,https://courtiark.fr/fr/logiciel-courtier-prevoyance-antibes,non,non,,,Logiciel pour courtier prévoyance à Antibes — COURTIA · cour,c18f7ff6551c1b61
https://courtiark.fr/fr/logiciel-courtier-prevoyance-antony,disque,200,https://courtiark.fr/fr/logiciel-courtier-prevoyance-antony,non,non,,,Logiciel pour courtier prévoyance à Antony — COURTIA · court,69ce3247c44470b3
https://courtiark.fr/fr/logiciel-courtier-prevoyance-arles,disque,200,https://courtiark.fr/fr/logiciel-courtier-prevoyance-arles,non,non,,,Logiciel pour courtier prévoyance à Arles — COURTIA · courti,2ba213a21f4b508e
https://courtiark.fr/fr/logiciel-courtier-prevoyance-arras,disque,200,https://courtiark.fr/fr/logiciel-courtier-prevoyance-arras,non,non,,,Logiciel pour courtier prévoyance à Arras — COURTIA · courti,3e75ee00994ebbe6
https://courtiark.fr/fr/logiciel-courtier-prevoyance-aubagne,disque,200,https://courtiark.fr/fr/logiciel-courtier-prevoyance-aubagne,non,non,,,Logiciel pour courtier prévoyance à Aubagne — COURTIA · cour,4b3e703fb01cd18f
https://courtiark.fr/fr/logiciel-courtier-prevoyance-aubervilliers,disque,200,https://courtiark.fr/fr/logiciel-courtier-prevoyance-aubervilliers,non,non,,,Logiciel pour courtier prévoyance à Aubervilliers — COURTIA ,19e7dd08cca3cf6a
https://courtiark.fr/fr/logiciel-courtier-prevoyance-auch,disque,200,https://courtiark.fr/fr/logiciel-courtier-prevoyance-auch,non,non,,,Logiciel pour courtier prévoyance à Auch — COURTIA · courtia,a75d8f3005bbee42
https://courtiark.fr/fr/logiciel-courtier-prevoyance-aulnay-sous-bois,disque,200,https://courtiark.fr/fr/logiciel-courtier-prevoyance-aulnay-sous-bois,non,non,,,Logiciel pour courtier prévoyance à Aulnay-sous-Bois — COURT,7428643b6b80f058
https://courtiark.fr/fr/logiciel-courtier-prevoyance-avignon,disque,200,https://courtiark.fr/fr/logiciel-courtier-prevoyance-avignon,non,non,,,Logiciel pour courtier prévoyance à Avignon — COURTIA · cour,2ee6cb4b0d784137
https://courtiark.fr/fr/logiciel-courtier-prevoyance-bagnolet,disque,200,https://courtiark.fr/fr/logiciel-courtier-prevoyance-bagnolet,non,non,,,Logiciel pour courtier prévoyance à Bagnolet — COURTIA · cou,e244a0da42eb4a79
https://courtiark.fr/fr/logiciel-courtier-prevoyance-bastia,disque,200,https://courtiark.fr/fr/logiciel-courtier-prevoyance-bastia,non,non,,,Logiciel pour courtier prévoyance à Bastia — COURTIA · court,36f8e0641ca87e62
https://courtiark.fr/fr/logiciel-courtier-prevoyance-bayeux,disque,200,https://courtiark.fr/fr/logiciel-courtier-prevoyance-bayeux,non,non,,,Logiciel pour courtier prévoyance à Bayeux — COURTIA · court,56a7c8743ca254c7
https://courtiark.fr/fr/logiciel-courtier-prevoyance-bayonne,disque,200,https://courtiark.fr/fr/logiciel-courtier-prevoyance-bayonne,non,non,,,Logiciel pour courtier prévoyance à Bayonne — COURTIA · cour,15160c36850267fa
https://courtiark.fr/fr/logiciel-courtier-prevoyance-beauvais,disque,200,https://courtiark.fr/fr/logiciel-courtier-prevoyance-beauvais,non,non,,,Logiciel pour courtier prévoyance à Beauvais — COURTIA · cou,dd3b4c7b2c40432f
https://courtiark.fr/fr/logiciel-courtier-prevoyance-belfort,disque,200,https://courtiark.fr/fr/logiciel-courtier-prevoyance-belfort,non,non,,,Logiciel pour courtier prévoyance à Belfort — COURTIA · cour,1e69f6872cf5b23a
https://courtiark.fr/fr/logiciel-courtier-prevoyance-bergerac,disque,200,https://courtiark.fr/fr/logiciel-courtier-prevoyance-bergerac,non,non,,,Logiciel pour courtier prévoyance à Bergerac — COURTIA · cou,aa03d6069033db04
https://courtiark.fr/fr/logiciel-courtier-prevoyance-besancon,disque,200,https://courtiark.fr/fr/logiciel-courtier-prevoyance-besancon,non,non,,,Logiciel pour courtier prévoyance à Besançon — COURTIA · cou,6984d1707eeb60c3
https://courtiark.fr/fr/logiciel-courtier-prevoyance-beziers,disque,200,https://courtiark.fr/fr/logiciel-courtier-prevoyance-beziers,non,non,,,Logiciel pour courtier prévoyance à Béziers — COURTIA · cour,a884243bb242cc2e
https://courtiark.fr/fr/logiciel-courtier-prevoyance-biarritz,disque,200,https://courtiark.fr/fr/logiciel-courtier-prevoyance-biarritz,non,non,,,Logiciel pour courtier prévoyance à Biarritz — COURTIA · cou,896b62d566b4dce7
https://courtiark.fr/fr/logiciel-courtier-prevoyance-blois,disque,200,https://courtiark.fr/fr/logiciel-courtier-prevoyance-blois,non,non,,,Logiciel pour courtier prévoyance à Blois — COURTIA · courti,26f8f9c38de8a31a
https://courtiark.fr/fr/logiciel-courtier-prevoyance-bobigny,disque,200,https://courtiark.fr/fr/logiciel-courtier-prevoyance-bobigny,non,non,,,Logiciel pour courtier prévoyance à Bobigny — COURTIA · cour,68d3fdb26079281a
https://courtiark.fr/fr/logiciel-courtier-prevoyance-bondy,disque,200,https://courtiark.fr/fr/logiciel-courtier-prevoyance-bondy,non,non,,,Logiciel pour courtier prévoyance à Bondy — COURTIA · courti,8690a121c6a5c805
https://courtiark.fr/fr/logiciel-courtier-prevoyance-bordeaux,disque,200,https://courtiark.fr/fr/logiciel-courtier-prevoyance-bordeaux,non,non,,,Logiciel pour courtier prévoyance à Bordeaux — COURTIA · cou,b04c0c7fa4ff9c66
https://courtiark.fr/fr/logiciel-courtier-prevoyance-boulogne-sur-mer,disque,200,https://courtiark.fr/fr/logiciel-courtier-prevoyance-boulogne-sur-mer,non,non,,,Logiciel pour courtier prévoyance à Boulogne-sur-Mer — COURT,0e9d50d332bee48f
https://courtiark.fr/fr/logiciel-courtier-prevoyance-bourg-en-bresse,disque,200,https://courtiark.fr/fr/logiciel-courtier-prevoyance-bourg-en-bresse,non,non,,,Logiciel pour courtier prévoyance à Bourg-en-Bresse — COURTI,9fe966c530e8d87e
https://courtiark.fr/fr/logiciel-courtier-prevoyance-bourges,disque,200,https://courtiark.fr/fr/logiciel-courtier-prevoyance-bourges,non,non,,,Logiciel pour courtier prévoyance à Bourges — COURTIA · cour,c13268c5836c3c0b
https://courtiark.fr/fr/logiciel-courtier-prevoyance-brest,disque,200,https://courtiark.fr/fr/logiciel-courtier-prevoyance-brest,non,non,,,Logiciel pour courtier prévoyance à Brest — COURTIA · courti,78ca18415db9db37
https://courtiark.fr/fr/logiciel-courtier-prevoyance-caen,disque,200,https://courtiark.fr/fr/logiciel-courtier-prevoyance-caen,non,non,,,Logiciel pour courtier prévoyance à Caen — COURTIA · courtia,402ca803457837e1
https://courtiark.fr/fr/logiciel-courtier-prevoyance-cagnes-sur-mer,disque,200,https://courtiark.fr/fr/logiciel-courtier-prevoyance-cagnes-sur-mer,non,non,,,Logiciel pour courtier prévoyance à Cagnes-sur-Mer — COURTIA,d63140e45462dfac
https://courtiark.fr/fr/logiciel-courtier-prevoyance-cahors,disque,200,https://courtiark.fr/fr/logiciel-courtier-prevoyance-cahors,non,non,,,Logiciel pour courtier prévoyance à Cahors — COURTIA · court,cca48e6af775ce7a
https://courtiark.fr/fr/logiciel-courtier-prevoyance-calais,disque,200,https://courtiark.fr/fr/logiciel-courtier-prevoyance-calais,non,non,,,Logiciel pour courtier prévoyance à Calais — COURTIA · court,fc4318e09bdab3a1
https://courtiark.fr/fr/logiciel-courtier-prevoyance-cambrai,disque,200,https://courtiark.fr/fr/logiciel-courtier-prevoyance-cambrai,non,non,,,Logiciel pour courtier prévoyance à Cambrai — COURTIA · cour,574be317bdce3919
https://courtiark.fr/fr/logiciel-courtier-prevoyance-cannes,disque,200,https://courtiark.fr/fr/logiciel-courtier-prevoyance-cannes,non,non,,,Logiciel pour courtier prévoyance à Cannes — COURTIA · court,ed8847b7aaea3e78
https://courtiark.fr/fr/logiciel-courtier-prevoyance-carcassonne,disque,200,https://courtiark.fr/fr/logiciel-courtier-prevoyance-carcassonne,non,non,,,Logiciel pour courtier prévoyance à Carcassonne — COURTIA · ,35fa534433c36d0a
https://courtiark.fr/fr/logiciel-courtier-prevoyance-carpentras,disque,200,https://courtiark.fr/fr/logiciel-courtier-prevoyance-carpentras,non,non,,,Logiciel pour courtier prévoyance à Carpentras — COURTIA · c,338b0e74c50f9634
https://courtiark.fr/fr/logiciel-courtier-prevoyance-cergy,disque,200,https://courtiark.fr/fr/logiciel-courtier-prevoyance-cergy,non,non,,,Logiciel pour courtier prévoyance à Cergy — COURTIA · courti,024cc64aa0c7f4d2
https://courtiark.fr/fr/logiciel-courtier-prevoyance-chalon-sur-saone,disque,200,https://courtiark.fr/fr/logiciel-courtier-prevoyance-chalon-sur-saone,non,non,,,Logiciel pour courtier prévoyance à Chalon-sur-Saône — COURT,0fb6f0e76d8b3af9
https://courtiark.fr/fr/logiciel-courtier-prevoyance-chambery,disque,200,https://courtiark.fr/fr/logiciel-courtier-prevoyance-chambery,non,non,,,Logiciel pour courtier prévoyance à Chambéry — COURTIA · cou,d8fb9a5560cf6f28
https://courtiark.fr/fr/logiciel-courtier-prevoyance-charenton,disque,200,https://courtiark.fr/fr/logiciel-courtier-prevoyance-charenton,non,non,,,Logiciel pour courtier prévoyance à Charenton — COURTIA · co,24733f07b3bfb6b3
https://courtiark.fr/fr/logiciel-courtier-prevoyance-charleville-mezieres,disque,200,https://courtiark.fr/fr/logiciel-courtier-prevoyance-charleville-mezieres,non,non,,,Logiciel pour courtier prévoyance à Charleville-Mézières — C,498b990630af29eb
https://courtiark.fr/fr/logiciel-courtier-prevoyance-chartres,disque,200,https://courtiark.fr/fr/logiciel-courtier-prevoyance-chartres,non,non,,,Logiciel pour courtier prévoyance à Chartres — COURTIA · cou,f6facaea3cacda5b
https://courtiark.fr/fr/logiciel-courtier-prevoyance-chateauroux,disque,200,https://courtiark.fr/fr/logiciel-courtier-prevoyance-chateauroux,non,non,,,Logiciel pour courtier prévoyance à Châteauroux — COURTIA · ,8a623f319b063527
https://courtiark.fr/fr/logiciel-courtier-prevoyance-chelles,disque,200,https://courtiark.fr/fr/logiciel-courtier-prevoyance-chelles,non,non,,,Logiciel pour courtier prévoyance à Chelles — COURTIA · cour,6d18ce6d3bd6cfea
https://courtiark.fr/fr/logiciel-courtier-prevoyance-cherbourg,disque,200,https://courtiark.fr/fr/logiciel-courtier-prevoyance-cherbourg,non,non,,,Logiciel pour courtier prévoyance à Cherbourg — COURTIA · co,b652a94186ebcd36
https://courtiark.fr/fr/logiciel-courtier-prevoyance-cholet,disque,200,https://courtiark.fr/fr/logiciel-courtier-prevoyance-cholet,non,non,,,Logiciel pour courtier prévoyance à Cholet — COURTIA · court,44637b45518d0637
https://courtiark.fr/fr/logiciel-courtier-prevoyance-clermont-ferrand,disque,200,https://courtiark.fr/fr/logiciel-courtier-prevoyance-clermont-ferrand,non,non,,,Logiciel pour courtier prévoyance à Clermont-Ferrand — COURT,edebb9a8c27d8c91
https://courtiark.fr/fr/logiciel-courtier-prevoyance-clichy,disque,200,https://courtiark.fr/fr/logiciel-courtier-prevoyance-clichy,non,non,,,Logiciel pour courtier prévoyance à Clichy — COURTIA · court,17f0a1686a732710
https://courtiark.fr/fr/logiciel-courtier-prevoyance-colmar,disque,200,https://courtiark.fr/fr/logiciel-courtier-prevoyance-colmar,non,non,,,Logiciel pour courtier prévoyance à Colmar — COURTIA · court,3d3a496c41a0dc1b
https://courtiark.fr/fr/logiciel-courtier-prevoyance-compiegne,disque,200,https://courtiark.fr/fr/logiciel-courtier-prevoyance-compiegne,non,non,,,Logiciel pour courtier prévoyance à Compiègne — COURTIA · co,ee622db48b45c764
https://courtiark.fr/fr/logiciel-courtier-prevoyance-courbevoie,disque,200,https://courtiark.fr/fr/logiciel-courtier-prevoyance-courbevoie,non,non,,,Logiciel pour courtier prévoyance à Courbevoie — COURTIA · c,9f420b0ffc520e51
https://courtiark.fr/fr/logiciel-courtier-prevoyance-creteil,disque,200,https://courtiark.fr/fr/logiciel-courtier-prevoyance-creteil,non,non,,,Logiciel pour courtier prévoyance à Créteil — COURTIA · cour,78026458ae0b6281
https://courtiark.fr/fr/logiciel-courtier-prevoyance-dax,disque,200,https://courtiark.fr/fr/logiciel-courtier-prevoyance-dax,non,non,,,Logiciel pour courtier prévoyance à Dax — COURTIA · courtiar,d0c8998cd316ebeb
https://courtiark.fr/fr/logiciel-courtier-prevoyance-dijon,disque,200,https://courtiark.fr/fr/logiciel-courtier-prevoyance-dijon,non,non,,,Logiciel pour courtier prévoyance à Dijon — COURTIA · courti,86233addab1f3717
https://courtiark.fr/fr/logiciel-courtier-prevoyance-dole,disque,200,https://courtiark.fr/fr/logiciel-courtier-prevoyance-dole,non,non,,,Logiciel pour courtier prévoyance à Dole — COURTIA · courtia,77d001ed0070d2a7
https://courtiark.fr/fr/logiciel-courtier-prevoyance-douai,disque,200,https://courtiark.fr/fr/logiciel-courtier-prevoyance-douai,non,non,,,Logiciel pour courtier prévoyance à Douai — COURTIA · courti,fc6b6be3cb847f7b
https://courtiark.fr/fr/logiciel-courtier-prevoyance-draguignan,disque,200,https://courtiark.fr/fr/logiciel-courtier-prevoyance-draguignan,non,non,,,Logiciel pour courtier prévoyance à Draguignan — COURTIA · c,aa0072d8a70e138d
https://courtiark.fr/fr/logiciel-courtier-prevoyance-drancy,disque,200,https://courtiark.fr/fr/logiciel-courtier-prevoyance-drancy,non,non,,,Logiciel pour courtier prévoyance à Drancy — COURTIA · court,5bafd0659def01a0
https://courtiark.fr/fr/logiciel-courtier-prevoyance-dreux,disque,200,https://courtiark.fr/fr/logiciel-courtier-prevoyance-dreux,non,non,,,Logiciel pour courtier prévoyance à Dreux — COURTIA · courti,50cb724660386254
https://courtiark.fr/fr/logiciel-courtier-prevoyance-dunkerque,disque,200,https://courtiark.fr/fr/logiciel-courtier-prevoyance-dunkerque,non,non,,,Logiciel pour courtier prévoyance à Dunkerque — COURTIA · co,0abbf6ba00060052
https://courtiark.fr/fr/logiciel-courtier-prevoyance-epinal,disque,200,https://courtiark.fr/fr/logiciel-courtier-prevoyance-epinal,non,non,,,Logiciel pour courtier prévoyance à Épinal — COURTIA · court,42eff56fce5c1ac4
https://courtiark.fr/fr/logiciel-courtier-prevoyance-evreux,disque,200,https://courtiark.fr/fr/logiciel-courtier-prevoyance-evreux,non,non,,,Logiciel pour courtier prévoyance à Évreux — COURTIA · court,4a702008a344f14e
https://courtiark.fr/fr/logiciel-courtier-prevoyance-evry,disque,200,https://courtiark.fr/fr/logiciel-courtier-prevoyance-evry,non,non,,,Logiciel pour courtier prévoyance à Évry — COURTIA · courtia,ef90702a5d4906b2
https://courtiark.fr/fr/logiciel-courtier-prevoyance-fontainebleau,disque,200,https://courtiark.fr/fr/logiciel-courtier-prevoyance-fontainebleau,non,non,,,Logiciel pour courtier prévoyance à Fontainebleau — COURTIA ,69fda89a371b9725
https://courtiark.fr/fr/logiciel-courtier-prevoyance-forbach,disque,200,https://courtiark.fr/fr/logiciel-courtier-prevoyance-forbach,non,non,,,Logiciel pour courtier prévoyance à Forbach — COURTIA · cour,479a71c7129b7c0e
https://courtiark.fr/fr/logiciel-courtier-prevoyance-frejus,disque,200,https://courtiark.fr/fr/logiciel-courtier-prevoyance-frejus,non,non,,,Logiciel pour courtier prévoyance à Fréjus — COURTIA · court,5e076bae2243d3e2
https://courtiark.fr/fr/logiciel-courtier-prevoyance-gap,disque,200,https://courtiark.fr/fr/logiciel-courtier-prevoyance-gap,non,non,,,Logiciel pour courtier prévoyance à Gap — COURTIA · courtiar,368a7a878a5a1272
https://courtiark.fr/fr/logiciel-courtier-prevoyance-grasse,disque,200,https://courtiark.fr/fr/logiciel-courtier-prevoyance-grasse,non,non,,,Logiciel pour courtier prévoyance à Grasse — COURTIA · court,1c7062086d7d94a0
https://courtiark.fr/fr/logiciel-courtier-prevoyance-grenoble,disque,200,https://courtiark.fr/fr/logiciel-courtier-prevoyance-grenoble,non,non,,,Logiciel pour courtier prévoyance à Grenoble — COURTIA · cou,1d6cd0c443351733
https://courtiark.fr/fr/logiciel-courtier-prevoyance-haguenau,disque,200,https://courtiark.fr/fr/logiciel-courtier-prevoyance-haguenau,non,non,,,Logiciel pour courtier prévoyance à Haguenau — COURTIA · cou,82f03dec90b602d2
https://courtiark.fr/fr/logiciel-courtier-prevoyance-hyeres,disque,200,https://courtiark.fr/fr/logiciel-courtier-prevoyance-hyeres,non,non,,,Logiciel pour courtier prévoyance à Hyères — COURTIA · court,3d11120cf0619c5c
https://courtiark.fr/fr/logiciel-courtier-prevoyance-issy-les-moulineaux,disque,200,https://courtiark.fr/fr/logiciel-courtier-prevoyance-issy-les-moulineaux,non,non,,,Logiciel pour courtier prévoyance à Issy-les-Moulineaux — CO,2a2bc08aa365104b
https://courtiark.fr/fr/logiciel-courtier-prevoyance-istres,disque,200,https://courtiark.fr/fr/logiciel-courtier-prevoyance-istres,non,non,,,Logiciel pour courtier prévoyance à Istres — COURTIA · court,57900e93546dd5fd
https://courtiark.fr/fr/logiciel-courtier-prevoyance-ivry-sur-seine,disque,200,https://courtiark.fr/fr/logiciel-courtier-prevoyance-ivry-sur-seine,non,non,,,Logiciel pour courtier prévoyance à Ivry-sur-Seine — COURTIA,896afce83064052d
https://courtiark.fr/fr/logiciel-courtier-prevoyance-la-defense,disque,200,https://courtiark.fr/fr/logiciel-courtier-prevoyance-la-defense,non,non,,,Logiciel pour courtier prévoyance à La Défense — COURTIA · c,9b72732ae77336e1
https://courtiark.fr/fr/logiciel-courtier-prevoyance-la-roche-sur-yon,disque,200,https://courtiark.fr/fr/logiciel-courtier-prevoyance-la-roche-sur-yon,non,non,,,Logiciel pour courtier prévoyance à La Roche-sur-Yon — COURT,1a3ea92f2010efc4
https://courtiark.fr/fr/logiciel-courtier-prevoyance-la-rochelle,disque,200,https://courtiark.fr/fr/logiciel-courtier-prevoyance-la-rochelle,non,non,,,Logiciel pour courtier prévoyance à La Rochelle — COURTIA · ,52041f07dc0f3574
https://courtiark.fr/fr/logiciel-courtier-prevoyance-lannion,disque,200,https://courtiark.fr/fr/logiciel-courtier-prevoyance-lannion,non,non,,,Logiciel pour courtier prévoyance à Lannion — COURTIA · cour,2eaa78df0b2cbfb4
https://courtiark.fr/fr/logiciel-courtier-prevoyance-laon,disque,200,https://courtiark.fr/fr/logiciel-courtier-prevoyance-laon,non,non,,,Logiciel pour courtier prévoyance à Laon — COURTIA · courtia,f71be9bd7bda1d74
https://courtiark.fr/fr/logiciel-courtier-prevoyance-laval,disque,200,https://courtiark.fr/fr/logiciel-courtier-prevoyance-laval,non,non,,,Logiciel pour courtier prévoyance à Laval — COURTIA · courti,c9e385acb4262507
https://courtiark.fr/fr/logiciel-courtier-prevoyance-le-havre,disque,200,https://courtiark.fr/fr/logiciel-courtier-prevoyance-le-havre,non,non,,,Logiciel pour courtier prévoyance à Le Havre — COURTIA · cou,92708b6c8a1bdd43
https://courtiark.fr/fr/logiciel-courtier-prevoyance-le-mans,disque,200,https://courtiark.fr/fr/logiciel-courtier-prevoyance-le-mans,non,non,,,Logiciel pour courtier prévoyance à Le Mans — COURTIA · cour,0ecb56689205ea10
https://courtiark.fr/fr/logiciel-courtier-prevoyance-lens,disque,200,https://courtiark.fr/fr/logiciel-courtier-prevoyance-lens,non,non,,,Logiciel pour courtier prévoyance à Lens — COURTIA · courtia,50d47969aad6a8ee
https://courtiark.fr/fr/logiciel-courtier-prevoyance-levallois-perret,disque,200,https://courtiark.fr/fr/logiciel-courtier-prevoyance-levallois-perret,non,non,,,Logiciel pour courtier prévoyance à Levallois-Perret — COURT,185782f40a507390
https://courtiark.fr/fr/logiciel-courtier-prevoyance-libourne,disque,200,https://courtiark.fr/fr/logiciel-courtier-prevoyance-libourne,non,non,,,Logiciel pour courtier prévoyance à Libourne — COURTIA · cou,11ea8c013603a8ba
https://courtiark.fr/fr/logiciel-courtier-prevoyance-lille,disque,200,https://courtiark.fr/fr/logiciel-courtier-prevoyance-lille,non,non,,,Logiciel pour courtier prévoyance à Lille — COURTIA · courti,1efa908a5ec6655a
https://courtiark.fr/fr/logiciel-courtier-prevoyance-limoges,disque,200,https://courtiark.fr/fr/logiciel-courtier-prevoyance-limoges,non,non,,,Logiciel pour courtier prévoyance à Limoges — COURTIA · cour,02b265bc25c73d01
https://courtiark.fr/fr/logiciel-courtier-prevoyance-lisieux,disque,200,https://courtiark.fr/fr/logiciel-courtier-prevoyance-lisieux,non,non,,,Logiciel pour courtier prévoyance à Lisieux — COURTIA · cour,298acd0e0d3b4c74
https://courtiark.fr/fr/logiciel-courtier-prevoyance-lorient,disque,200,https://courtiark.fr/fr/logiciel-courtier-prevoyance-lorient,non,non,,,Logiciel pour courtier prévoyance à Lorient — COURTIA · cour,a7c780cd5b6b6b14
https://courtiark.fr/fr/logiciel-courtier-prevoyance-lyon,disque,200,https://courtiark.fr/fr/logiciel-courtier-prevoyance-lyon,non,non,,,Logiciel pour courtier prévoyance à Lyon — COURTIA · courtia,22395e1d85c87d57
https://courtiark.fr/fr/logiciel-courtier-prevoyance-macon,disque,200,https://courtiark.fr/fr/logiciel-courtier-prevoyance-macon,non,non,,,Logiciel pour courtier prévoyance à Mâcon — COURTIA · courti,cd068999f6d1108f
https://courtiark.fr/fr/logiciel-courtier-prevoyance-maisons-alfort,disque,200,https://courtiark.fr/fr/logiciel-courtier-prevoyance-maisons-alfort,non,non,,,Logiciel pour courtier prévoyance à Maisons-Alfort — COURTIA,19514c2a63ea42b9
https://courtiark.fr/fr/logiciel-courtier-prevoyance-manosque,disque,200,https://courtiark.fr/fr/logiciel-courtier-prevoyance-manosque,non,non,,,Logiciel pour courtier prévoyance à Manosque — COURTIA · cou,aeb5297b8a1ddb60
https://courtiark.fr/fr/logiciel-courtier-prevoyance-mantes-la-jolie,disque,200,https://courtiark.fr/fr/logiciel-courtier-prevoyance-mantes-la-jolie,non,non,,,Logiciel pour courtier prévoyance à Mantes-la-Jolie — COURTI,17870308845acd5b
https://courtiark.fr/fr/logiciel-courtier-prevoyance-marseille,disque,200,https://courtiark.fr/fr/logiciel-courtier-prevoyance-marseille,non,non,,,Logiciel pour courtier prévoyance à Marseille — COURTIA · co,73354ea2e6efb36d
https://courtiark.fr/fr/logiciel-courtier-prevoyance-martigues,disque,200,https://courtiark.fr/fr/logiciel-courtier-prevoyance-martigues,non,non,,,Logiciel pour courtier prévoyance à Martigues — COURTIA · co,959445ce2f866c5c
https://courtiark.fr/fr/logiciel-courtier-prevoyance-massy,disque,200,https://courtiark.fr/fr/logiciel-courtier-prevoyance-massy,non,non,,,Logiciel pour courtier prévoyance à Massy — COURTIA · courti,368358259217ce53
https://courtiark.fr/fr/logiciel-courtier-prevoyance-meaux,disque,200,https://courtiark.fr/fr/logiciel-courtier-prevoyance-meaux,non,non,,,Logiciel pour courtier prévoyance à Meaux — COURTIA · courti,9ec62e3b71a4ed61
https://courtiark.fr/fr/logiciel-courtier-prevoyance-melun,disque,200,https://courtiark.fr/fr/logiciel-courtier-prevoyance-melun,non,non,,,Logiciel pour courtier prévoyance à Melun — COURTIA · courti,e1067fa1b8d7b33d
https://courtiark.fr/fr/logiciel-courtier-prevoyance-menton,disque,200,https://courtiark.fr/fr/logiciel-courtier-prevoyance-menton,non,non,,,Logiciel pour courtier prévoyance à Menton — COURTIA · court,2573dfa515db4de0
https://courtiark.fr/fr/logiciel-courtier-prevoyance-merignac,disque,200,https://courtiark.fr/fr/logiciel-courtier-prevoyance-merignac,non,non,,,Logiciel pour courtier prévoyance à Mérignac — COURTIA · cou,0d1ba7db4777de68
https://courtiark.fr/fr/logiciel-courtier-prevoyance-metz,disque,200,https://courtiark.fr/fr/logiciel-courtier-prevoyance-metz,non,non,,,Logiciel pour courtier prévoyance à Metz — COURTIA · courtia,bdd3c85ce2a743b6
https://courtiark.fr/fr/logiciel-courtier-prevoyance-mont-de-marsan,disque,200,https://courtiark.fr/fr/logiciel-courtier-prevoyance-mont-de-marsan,non,non,,,Logiciel pour courtier prévoyance à Mont-de-Marsan — COURTIA,db683cdf335c8dcf
https://courtiark.fr/fr/logiciel-courtier-prevoyance-montauban,disque,200,https://courtiark.fr/fr/logiciel-courtier-prevoyance-montauban,non,non,,,Logiciel pour courtier prévoyance à Montauban — COURTIA · co,aaa881c0f10522ad
https://courtiark.fr/fr/logiciel-courtier-prevoyance-montbeliard,disque,200,https://courtiark.fr/fr/logiciel-courtier-prevoyance-montbeliard,non,non,,,Logiciel pour courtier prévoyance à Montbéliard — COURTIA · ,50ffa1ae3a9d2417
https://courtiark.fr/fr/logiciel-courtier-prevoyance-montlucon,disque,200,https://courtiark.fr/fr/logiciel-courtier-prevoyance-montlucon,non,non,,,Logiciel pour courtier prévoyance à Montluçon — COURTIA · co,6721ed41c1a102da
https://courtiark.fr/fr/logiciel-courtier-prevoyance-montpellier,disque,200,https://courtiark.fr/fr/logiciel-courtier-prevoyance-montpellier,non,non,,,Logiciel pour courtier prévoyance à Montpellier — COURTIA · ,f7b75d221ed813de
https://courtiark.fr/fr/logiciel-courtier-prevoyance-morlaix,disque,200,https://courtiark.fr/fr/logiciel-courtier-prevoyance-morlaix,non,non,,,Logiciel pour courtier prévoyance à Morlaix — COURTIA · cour,cbdbe30bb9603de4
https://courtiark.fr/fr/logiciel-courtier-prevoyance-moulins,disque,200,https://courtiark.fr/fr/logiciel-courtier-prevoyance-moulins,non,non,,,Logiciel pour courtier prévoyance à Moulins — COURTIA · cour,b03373a2de0c3390
https://courtiark.fr/fr/logiciel-courtier-prevoyance-mulhouse,disque,200,https://courtiark.fr/fr/logiciel-courtier-prevoyance-mulhouse,non,non,,,Logiciel pour courtier prévoyance à Mulhouse — COURTIA · cou,c483be8401cb3c42
https://courtiark.fr/fr/logiciel-courtier-prevoyance-nancy,disque,200,https://courtiark.fr/fr/logiciel-courtier-prevoyance-nancy,non,non,,,Logiciel pour courtier prévoyance à Nancy — COURTIA · courti,ec3a7379778ea147
https://courtiark.fr/fr/logiciel-courtier-prevoyance-nanterre,disque,200,https://courtiark.fr/fr/logiciel-courtier-prevoyance-nanterre,non,non,,,Logiciel pour courtier prévoyance à Nanterre — COURTIA · cou,93cd2d0642e6f2cf
https://courtiark.fr/fr/logiciel-courtier-prevoyance-nantes,disque,200,https://courtiark.fr/fr/logiciel-courtier-prevoyance-nantes,non,non,,,Logiciel pour courtier prévoyance à Nantes — COURTIA · court,f46a40c41d988f8b
https://courtiark.fr/fr/logiciel-courtier-prevoyance-narbonne,disque,200,https://courtiark.fr/fr/logiciel-courtier-prevoyance-narbonne,non,non,,,Logiciel pour courtier prévoyance à Narbonne — COURTIA · cou,d95d5150e1749036
https://courtiark.fr/fr/logiciel-courtier-prevoyance-nevers,disque,200,https://courtiark.fr/fr/logiciel-courtier-prevoyance-nevers,non,non,,,Logiciel pour courtier prévoyance à Nevers — COURTIA · court,a703bcaab0528192
https://courtiark.fr/fr/logiciel-courtier-prevoyance-nice,disque,200,https://courtiark.fr/fr/logiciel-courtier-prevoyance-nice,non,non,,,Logiciel pour courtier prévoyance à Nice — COURTIA · courtia,554c952b5884258b
https://courtiark.fr/fr/logiciel-courtier-prevoyance-nimes,disque,200,https://courtiark.fr/fr/logiciel-courtier-prevoyance-nimes,non,non,,,Logiciel pour courtier prévoyance à Nîmes — COURTIA · courti,58b23a721fa70275
https://courtiark.fr/fr/logiciel-courtier-prevoyance-niort,disque,200,https://courtiark.fr/fr/logiciel-courtier-prevoyance-niort,non,non,,,Logiciel pour courtier prévoyance à Niort — COURTIA · courti,f47a072c170f4890
https://courtiark.fr/fr/logiciel-courtier-prevoyance-noisy-le-grand,disque,200,https://courtiark.fr/fr/logiciel-courtier-prevoyance-noisy-le-grand,non,non,,,Logiciel pour courtier prévoyance à Noisy-le-Grand — COURTIA,17b5d28088759093
https://courtiark.fr/fr/logiciel-courtier-prevoyance-orleans,disque,200,https://courtiark.fr/fr/logiciel-courtier-prevoyance-orleans,non,non,,,Logiciel pour courtier prévoyance à Orléans — COURTIA · cour,5c8a9064ca504777
https://courtiark.fr/fr/logiciel-courtier-prevoyance-pantin,disque,200,https://courtiark.fr/fr/logiciel-courtier-prevoyance-pantin,non,non,,,Logiciel pour courtier prévoyance à Pantin — COURTIA · court,f6edf1e276014dd1
https://courtiark.fr/fr/logiciel-courtier-prevoyance-paris,disque,200,https://courtiark.fr/fr/logiciel-courtier-prevoyance-paris,non,non,,,Logiciel pour courtier prévoyance à Paris — COURTIA · courti,9df6f64ba0861fd9
https://courtiark.fr/fr/logiciel-courtier-prevoyance-pau,disque,200,https://courtiark.fr/fr/logiciel-courtier-prevoyance-pau,non,non,,,Logiciel pour courtier prévoyance à Pau — COURTIA · courtiar,384f572a7ae6ee0d
https://courtiark.fr/fr/logiciel-courtier-prevoyance-perigueux,disque,200,https://courtiark.fr/fr/logiciel-courtier-prevoyance-perigueux,non,non,,,Logiciel pour courtier prévoyance à Périgueux — COURTIA · co,0fe8598a4f1fdbe9
https://courtiark.fr/fr/logiciel-courtier-prevoyance-perpignan,disque,200,https://courtiark.fr/fr/logiciel-courtier-prevoyance-perpignan,non,non,,,Logiciel pour courtier prévoyance à Perpignan — COURTIA · co,13737e87a44e6eba
https://courtiark.fr/fr/logiciel-courtier-prevoyance-pessac,disque,200,https://courtiark.fr/fr/logiciel-courtier-prevoyance-pessac,non,non,,,Logiciel pour courtier prévoyance à Pessac — COURTIA · court,9feb9ec635a767e8
https://courtiark.fr/fr/logiciel-courtier-prevoyance-poissy,disque,200,https://courtiark.fr/fr/logiciel-courtier-prevoyance-poissy,non,non,,,Logiciel pour courtier prévoyance à Poissy — COURTIA · court,734518ec85d71952
https://courtiark.fr/fr/logiciel-courtier-prevoyance-poitiers,disque,200,https://courtiark.fr/fr/logiciel-courtier-prevoyance-poitiers,non,non,,,Logiciel pour courtier prévoyance à Poitiers — COURTIA · cou,97eb257e2b5d0749
https://courtiark.fr/fr/logiciel-courtier-prevoyance-pontault-combault,disque,200,https://courtiark.fr/fr/logiciel-courtier-prevoyance-pontault-combault,non,non,,,Logiciel pour courtier prévoyance à Pontault-Combault — COUR,7c764422c6826c4e
https://courtiark.fr/fr/logiciel-courtier-prevoyance-quimper,disque,200,https://courtiark.fr/fr/logiciel-courtier-prevoyance-quimper,non,non,,,Logiciel pour courtier prévoyance à Quimper — COURTIA · cour,e440cc5a09dfbc87
https://courtiark.fr/fr/logiciel-courtier-prevoyance-reims,disque,200,https://courtiark.fr/fr/logiciel-courtier-prevoyance-reims,non,non,,,Logiciel pour courtier prévoyance à Reims — COURTIA · courti,51d41b4ccf664286
https://courtiark.fr/fr/logiciel-courtier-prevoyance-rennes,disque,200,https://courtiark.fr/fr/logiciel-courtier-prevoyance-rennes,non,non,,,Logiciel pour courtier prévoyance à Rennes — COURTIA · court,da2fc552376b2f8c
https://courtiark.fr/fr/logiciel-courtier-prevoyance-roanne,disque,200,https://courtiark.fr/fr/logiciel-courtier-prevoyance-roanne,non,non,,,Logiciel pour courtier prévoyance à Roanne — COURTIA · court,229d35b55307634c
https://courtiark.fr/fr/logiciel-courtier-prevoyance-rochefort,disque,200,https://courtiark.fr/fr/logiciel-courtier-prevoyance-rochefort,non,non,,,Logiciel pour courtier prévoyance à Rochefort — COURTIA · co,ee5c4746281d5aaf
https://courtiark.fr/fr/logiciel-courtier-prevoyance-rodez,disque,200,https://courtiark.fr/fr/logiciel-courtier-prevoyance-rodez,non,non,,,Logiciel pour courtier prévoyance à Rodez — COURTIA · courti,f2f5b0f0d2149325
https://courtiark.fr/fr/logiciel-courtier-prevoyance-romans-sur-isere,disque,200,https://courtiark.fr/fr/logiciel-courtier-prevoyance-romans-sur-isere,non,non,,,Logiciel pour courtier prévoyance à Romans-sur-Isère — COURT,d9e606cf96d4b16d
https://courtiark.fr/fr/logiciel-courtier-prevoyance-rosny-sous-bois,disque,200,https://courtiark.fr/fr/logiciel-courtier-prevoyance-rosny-sous-bois,non,non,,,Logiciel pour courtier prévoyance à Rosny-sous-Bois — COURTI,8f3402446aca81b1
https://courtiark.fr/fr/logiciel-courtier-prevoyance-roubaix,disque,200,https://courtiark.fr/fr/logiciel-courtier-prevoyance-roubaix,non,non,,,Logiciel pour courtier prévoyance à Roubaix — COURTIA · cour,5cb9256e72869521
https://courtiark.fr/fr/logiciel-courtier-prevoyance-rouen,disque,200,https://courtiark.fr/fr/logiciel-courtier-prevoyance-rouen,non,non,,,Logiciel pour courtier prévoyance à Rouen — COURTIA · courti,83e65c76fc5061d2
https://courtiark.fr/fr/logiciel-courtier-prevoyance-saint-brieuc,disque,200,https://courtiark.fr/fr/logiciel-courtier-prevoyance-saint-brieuc,non,non,,,Logiciel pour courtier prévoyance à Saint-Brieuc — COURTIA ·,b078955ef4855dfe
https://courtiark.fr/fr/logiciel-courtier-prevoyance-saint-chamond,disque,200,https://courtiark.fr/fr/logiciel-courtier-prevoyance-saint-chamond,non,non,,,Logiciel pour courtier prévoyance à Saint-Chamond — COURTIA ,d548985d8e9d10f0
https://courtiark.fr/fr/logiciel-courtier-prevoyance-saint-etienne,disque,200,https://courtiark.fr/fr/logiciel-courtier-prevoyance-saint-etienne,non,non,,,Logiciel pour courtier prévoyance à Saint-Étienne — COURTIA ,e05277938f64b5dd
https://courtiark.fr/fr/logiciel-courtier-prevoyance-saint-germain-en-laye,disque,200,https://courtiark.fr/fr/logiciel-courtier-prevoyance-saint-germain-en-laye,non,non,,,Logiciel pour courtier prévoyance à Saint-Germain-en-Laye — ,6dd263efcf8ba2e2
https://courtiark.fr/fr/logiciel-courtier-prevoyance-saint-lo,disque,200,https://courtiark.fr/fr/logiciel-courtier-prevoyance-saint-lo,non,non,,,Logiciel pour courtier prévoyance à Saint-Lô — COURTIA · cou,0f738ab4ac0ed7e6
https://courtiark.fr/fr/logiciel-courtier-prevoyance-saint-malo,disque,200,https://courtiark.fr/fr/logiciel-courtier-prevoyance-saint-malo,non,non,,,Logiciel pour courtier prévoyance à Saint-Malo — COURTIA · c,506c151e6038ab70
https://courtiark.fr/fr/logiciel-courtier-prevoyance-saint-nazaire,disque,200,https://courtiark.fr/fr/logiciel-courtier-prevoyance-saint-nazaire,non,non,,,Logiciel pour courtier prévoyance à Saint-Nazaire — COURTIA ,0e4f97589793a1dc
https://courtiark.fr/fr/logiciel-courtier-prevoyance-saintes,disque,200,https://courtiark.fr/fr/logiciel-courtier-prevoyance-saintes,non,non,,,Logiciel pour courtier prévoyance à Saintes — COURTIA · cour,7f6f87c61a71eccd
https://courtiark.fr/fr/logiciel-courtier-prevoyance-salon-de-provence,disque,200,https://courtiark.fr/fr/logiciel-courtier-prevoyance-salon-de-provence,non,non,,,Logiciel pour courtier prévoyance à Salon-de-Provence — COUR,c2fc36363c613de4
https://courtiark.fr/fr/logiciel-courtier-prevoyance-sarcelles,disque,200,https://courtiark.fr/fr/logiciel-courtier-prevoyance-sarcelles,non,non,,,Logiciel pour courtier prévoyance à Sarcelles — COURTIA · co,c2fae0b1000e9dd5
https://courtiark.fr/fr/logiciel-courtier-prevoyance-selestat,disque,200,https://courtiark.fr/fr/logiciel-courtier-prevoyance-selestat,non,non,,,Logiciel pour courtier prévoyance à Sélestat — COURTIA · cou,79d189a5ead5e815
https://courtiark.fr/fr/logiciel-courtier-prevoyance-senart,disque,200,https://courtiark.fr/fr/logiciel-courtier-prevoyance-senart,non,non,,,Logiciel pour courtier prévoyance à Sénart — COURTIA · court,2f19d5e9870014a8
https://courtiark.fr/fr/logiciel-courtier-prevoyance-sete,disque,200,https://courtiark.fr/fr/logiciel-courtier-prevoyance-sete,non,non,,,Logiciel pour courtier prévoyance à Sète — COURTIA · courtia,727907b045842c16
https://courtiark.fr/fr/logiciel-courtier-prevoyance-soissons,disque,200,https://courtiark.fr/fr/logiciel-courtier-prevoyance-soissons,non,non,,,Logiciel pour courtier prévoyance à Soissons — COURTIA · cou,c6f8392ec87ce857
https://courtiark.fr/fr/logiciel-courtier-prevoyance-strasbourg,disque,200,https://courtiark.fr/fr/logiciel-courtier-prevoyance-strasbourg,non,non,,,Logiciel pour courtier prévoyance à Strasbourg — COURTIA · c,2bb00f3b979f8dfa
https://courtiark.fr/fr/logiciel-courtier-prevoyance-tarbes,disque,200,https://courtiark.fr/fr/logiciel-courtier-prevoyance-tarbes,non,non,,,Logiciel pour courtier prévoyance à Tarbes — COURTIA · court,00fa79d1fc7a055c
https://courtiark.fr/fr/logiciel-courtier-prevoyance-thionville,disque,200,https://courtiark.fr/fr/logiciel-courtier-prevoyance-thionville,non,non,,,Logiciel pour courtier prévoyance à Thionville — COURTIA · c,6e1ee990b3f7e17a
https://courtiark.fr/fr/logiciel-courtier-prevoyance-toulon,disque,200,https://courtiark.fr/fr/logiciel-courtier-prevoyance-toulon,non,non,,,Logiciel pour courtier prévoyance à Toulon — COURTIA · court,89aa9beaa0c40e68
https://courtiark.fr/fr/logiciel-courtier-prevoyance-toulouse,disque,200,https://courtiark.fr/fr/logiciel-courtier-prevoyance-toulouse,non,non,,,Logiciel pour courtier prévoyance à Toulouse — COURTIA · cou,b8607aca80985f62
https://courtiark.fr/fr/logiciel-courtier-prevoyance-tourcoing,disque,200,https://courtiark.fr/fr/logiciel-courtier-prevoyance-tourcoing,non,non,,,Logiciel pour courtier prévoyance à Tourcoing — COURTIA · co,44bd717693685fcc
https://courtiark.fr/fr/logiciel-courtier-prevoyance-tours,disque,200,https://courtiark.fr/fr/logiciel-courtier-prevoyance-tours,non,non,,,Logiciel pour courtier prévoyance à Tours — COURTIA · courti,bf0a29628fb959a6
https://courtiark.fr/fr/logiciel-courtier-prevoyance-troyes,disque,200,https://courtiark.fr/fr/logiciel-courtier-prevoyance-troyes,non,non,,,Logiciel pour courtier prévoyance à Troyes — COURTIA · court,39b61bfe4384c987
https://courtiark.fr/fr/logiciel-courtier-prevoyance-valence,disque,200,https://courtiark.fr/fr/logiciel-courtier-prevoyance-valence,non,non,,,Logiciel pour courtier prévoyance à Valence — COURTIA · cour,5f66a0a56117681f
https://courtiark.fr/fr/logiciel-courtier-prevoyance-valenciennes,disque,200,https://courtiark.fr/fr/logiciel-courtier-prevoyance-valenciennes,non,non,,,Logiciel pour courtier prévoyance à Valenciennes — COURTIA ·,05b9e6ada7657536
https://courtiark.fr/fr/logiciel-courtier-prevoyance-vannes,disque,200,https://courtiark.fr/fr/logiciel-courtier-prevoyance-vannes,non,non,,,Logiciel pour courtier prévoyance à Vannes — COURTIA · court,00cec6649d3f26b1
https://courtiark.fr/fr/logiciel-courtier-prevoyance-venissieux,disque,200,https://courtiark.fr/fr/logiciel-courtier-prevoyance-venissieux,non,non,,,Logiciel pour courtier prévoyance à Vénissieux — COURTIA · c,30627329874628da
https://courtiark.fr/fr/logiciel-courtier-prevoyance-versailles,disque,200,https://courtiark.fr/fr/logiciel-courtier-prevoyance-versailles,non,non,,,Logiciel pour courtier prévoyance à Versailles — COURTIA · c,4e521ea41f623df7
https://courtiark.fr/fr/logiciel-courtier-prevoyance-vichy,disque,200,https://courtiark.fr/fr/logiciel-courtier-prevoyance-vichy,non,non,,,Logiciel pour courtier prévoyance à Vichy — COURTIA · courti,31b4bcbc2861734e
https://courtiark.fr/fr/logiciel-courtier-prevoyance-vierzon,disque,200,https://courtiark.fr/fr/logiciel-courtier-prevoyance-vierzon,non,non,,,Logiciel pour courtier prévoyance à Vierzon — COURTIA · cour,2ba1221ea24fd461
https://courtiark.fr/fr/logiciel-courtier-prevoyance-villeurbanne,disque,200,https://courtiark.fr/fr/logiciel-courtier-prevoyance-villeurbanne,non,non,,,Logiciel pour courtier prévoyance à Villeurbanne — COURTIA ·,cecffae1e90e81b1
https://courtiark.fr/fr/logiciel-courtier-prevoyance-vincennes,disque,200,https://courtiark.fr/fr/logiciel-courtier-prevoyance-vincennes,non,non,,,Logiciel pour courtier prévoyance à Vincennes — COURTIA · co,930224f858eafeb2
https://courtiark.fr/fr/logiciel-courtier-renouvellements,disque,200,https://courtiark.fr/fr/logiciel-courtier-renouvellements,oui,non,,,Gestion des renouvellements et des échéances — COURTIA,f1cbb45ed6ffdeb1
https://courtiark.fr/fr/logiciel-courtier-sante,disque,200,https://courtiark.fr/fr/logiciel-courtier-sante,oui,non,,,Logiciel pour courtier santé — COURTIA · courtiark.fr,3d52d4ea75d8791a
https://courtiark.fr/fr/logiciel-courtier-sante-agen,disque,200,https://courtiark.fr/fr/logiciel-courtier-sante-agen,non,non,,,Logiciel pour courtier santé à Agen — COURTIA · courtiark.fr,75f84de6ffe64f5d
https://courtiark.fr/fr/logiciel-courtier-sante-aix-en-provence,disque,200,https://courtiark.fr/fr/logiciel-courtier-sante-aix-en-provence,non,non,,,Logiciel pour courtier santé à Aix-en-Provence — COURTIA · c,1906d00eec6ccf70
https://courtiark.fr/fr/logiciel-courtier-sante-ajaccio,disque,200,https://courtiark.fr/fr/logiciel-courtier-sante-ajaccio,non,non,,,Logiciel pour courtier santé à Ajaccio — COURTIA · courtiark,ae956feea0aa63a7
https://courtiark.fr/fr/logiciel-courtier-sante-albi,disque,200,https://courtiark.fr/fr/logiciel-courtier-sante-albi,non,non,,,Logiciel pour courtier santé à Albi — COURTIA · courtiark.fr,17b595978c7834a3
https://courtiark.fr/fr/logiciel-courtier-sante-alencon,disque,200,https://courtiark.fr/fr/logiciel-courtier-sante-alencon,non,non,,,Logiciel pour courtier santé à Alençon — COURTIA · courtiark,ff7c4d6c4275c251
https://courtiark.fr/fr/logiciel-courtier-sante-amiens,disque,200,https://courtiark.fr/fr/logiciel-courtier-sante-amiens,non,non,,,Logiciel pour courtier santé à Amiens — COURTIA · courtiark.,a1bccc225e68d75a
https://courtiark.fr/fr/logiciel-courtier-sante-angers,disque,200,https://courtiark.fr/fr/logiciel-courtier-sante-angers,non,non,,,Logiciel pour courtier santé à Angers — COURTIA · courtiark.,650061b0975f5f83
https://courtiark.fr/fr/logiciel-courtier-sante-anglet,disque,200,https://courtiark.fr/fr/logiciel-courtier-sante-anglet,non,non,,,Logiciel pour courtier santé à Anglet — COURTIA · courtiark.,977693e08d5d72c7
https://courtiark.fr/fr/logiciel-courtier-sante-angouleme,disque,200,https://courtiark.fr/fr/logiciel-courtier-sante-angouleme,non,non,,,Logiciel pour courtier santé à Angoulême — COURTIA · courtia,f82039ee7aeae82c
https://courtiark.fr/fr/logiciel-courtier-sante-annecy,disque,200,https://courtiark.fr/fr/logiciel-courtier-sante-annecy,non,non,,,Logiciel pour courtier santé à Annecy — COURTIA · courtiark.,6a32dff41679c67b
https://courtiark.fr/fr/logiciel-courtier-sante-antibes,disque,200,https://courtiark.fr/fr/logiciel-courtier-sante-antibes,non,non,,,Logiciel pour courtier santé à Antibes — COURTIA · courtiark,9f8672d62b1178fd
https://courtiark.fr/fr/logiciel-courtier-sante-antony,disque,200,https://courtiark.fr/fr/logiciel-courtier-sante-antony,non,non,,,Logiciel pour courtier santé à Antony — COURTIA · courtiark.,54bbeebc1cd5b29f
https://courtiark.fr/fr/logiciel-courtier-sante-arles,disque,200,https://courtiark.fr/fr/logiciel-courtier-sante-arles,non,non,,,Logiciel pour courtier santé à Arles — COURTIA · courtiark.f,5112551234e021f1
https://courtiark.fr/fr/logiciel-courtier-sante-arras,disque,200,https://courtiark.fr/fr/logiciel-courtier-sante-arras,non,non,,,Logiciel pour courtier santé à Arras — COURTIA · courtiark.f,afe209ad35c087d1
https://courtiark.fr/fr/logiciel-courtier-sante-aubagne,disque,200,https://courtiark.fr/fr/logiciel-courtier-sante-aubagne,non,non,,,Logiciel pour courtier santé à Aubagne — COURTIA · courtiark,a58377bb62dc96df
https://courtiark.fr/fr/logiciel-courtier-sante-aubervilliers,disque,200,https://courtiark.fr/fr/logiciel-courtier-sante-aubervilliers,non,non,,,Logiciel pour courtier santé à Aubervilliers — COURTIA · cou,3582de2a7f8f5325
https://courtiark.fr/fr/logiciel-courtier-sante-auch,disque,200,https://courtiark.fr/fr/logiciel-courtier-sante-auch,non,non,,,Logiciel pour courtier santé à Auch — COURTIA · courtiark.fr,59a13a9f7617a500
https://courtiark.fr/fr/logiciel-courtier-sante-aulnay-sous-bois,disque,200,https://courtiark.fr/fr/logiciel-courtier-sante-aulnay-sous-bois,non,non,,,Logiciel pour courtier santé à Aulnay-sous-Bois — COURTIA · ,61d05c73ca49ea42
https://courtiark.fr/fr/logiciel-courtier-sante-avignon,disque,200,https://courtiark.fr/fr/logiciel-courtier-sante-avignon,non,non,,,Logiciel pour courtier santé à Avignon — COURTIA · courtiark,940cf18510adc3a6
https://courtiark.fr/fr/logiciel-courtier-sante-bagnolet,disque,200,https://courtiark.fr/fr/logiciel-courtier-sante-bagnolet,non,non,,,Logiciel pour courtier santé à Bagnolet — COURTIA · courtiar,692a4f9247b3cf90
https://courtiark.fr/fr/logiciel-courtier-sante-bastia,disque,200,https://courtiark.fr/fr/logiciel-courtier-sante-bastia,non,non,,,Logiciel pour courtier santé à Bastia — COURTIA · courtiark.,e1ccfbb978f62538
https://courtiark.fr/fr/logiciel-courtier-sante-bayeux,disque,200,https://courtiark.fr/fr/logiciel-courtier-sante-bayeux,non,non,,,Logiciel pour courtier santé à Bayeux — COURTIA · courtiark.,80cf51f7777dee8b
https://courtiark.fr/fr/logiciel-courtier-sante-bayonne,disque,200,https://courtiark.fr/fr/logiciel-courtier-sante-bayonne,non,non,,,Logiciel pour courtier santé à Bayonne — COURTIA · courtiark,79fdb5a526466ebd
https://courtiark.fr/fr/logiciel-courtier-sante-beauvais,disque,200,https://courtiark.fr/fr/logiciel-courtier-sante-beauvais,non,non,,,Logiciel pour courtier santé à Beauvais — COURTIA · courtiar,9c44b59d10535c3c
https://courtiark.fr/fr/logiciel-courtier-sante-belfort,disque,200,https://courtiark.fr/fr/logiciel-courtier-sante-belfort,non,non,,,Logiciel pour courtier santé à Belfort — COURTIA · courtiark,1155fee5440d01d0
https://courtiark.fr/fr/logiciel-courtier-sante-bergerac,disque,200,https://courtiark.fr/fr/logiciel-courtier-sante-bergerac,non,non,,,Logiciel pour courtier santé à Bergerac — COURTIA · courtiar,9f2b79dfb89b7130
https://courtiark.fr/fr/logiciel-courtier-sante-besancon,disque,200,https://courtiark.fr/fr/logiciel-courtier-sante-besancon,non,non,,,Logiciel pour courtier santé à Besançon — COURTIA · courtiar,8c8dff305f548b5f
https://courtiark.fr/fr/logiciel-courtier-sante-beziers,disque,200,https://courtiark.fr/fr/logiciel-courtier-sante-beziers,non,non,,,Logiciel pour courtier santé à Béziers — COURTIA · courtiark,2eeef4dfc1c20bba
https://courtiark.fr/fr/logiciel-courtier-sante-biarritz,disque,200,https://courtiark.fr/fr/logiciel-courtier-sante-biarritz,non,non,,,Logiciel pour courtier santé à Biarritz — COURTIA · courtiar,576b53bcf47d8cbf
https://courtiark.fr/fr/logiciel-courtier-sante-blois,disque,200,https://courtiark.fr/fr/logiciel-courtier-sante-blois,non,non,,,Logiciel pour courtier santé à Blois — COURTIA · courtiark.f,9542cde4c27e90d3
https://courtiark.fr/fr/logiciel-courtier-sante-bobigny,disque,200,https://courtiark.fr/fr/logiciel-courtier-sante-bobigny,non,non,,,Logiciel pour courtier santé à Bobigny — COURTIA · courtiark,2b86120bb534ecf1
https://courtiark.fr/fr/logiciel-courtier-sante-bondy,disque,200,https://courtiark.fr/fr/logiciel-courtier-sante-bondy,non,non,,,Logiciel pour courtier santé à Bondy — COURTIA · courtiark.f,3c86a4d395c61eb8
https://courtiark.fr/fr/logiciel-courtier-sante-bordeaux,disque,200,https://courtiark.fr/fr/logiciel-courtier-sante-bordeaux,non,non,,,Logiciel pour courtier santé à Bordeaux — COURTIA · courtiar,13991b9a10fc2dcf
https://courtiark.fr/fr/logiciel-courtier-sante-boulogne-sur-mer,disque,200,https://courtiark.fr/fr/logiciel-courtier-sante-boulogne-sur-mer,non,non,,,Logiciel pour courtier santé à Boulogne-sur-Mer — COURTIA · ,fa5d9e09ce81e62e
https://courtiark.fr/fr/logiciel-courtier-sante-bourg-en-bresse,disque,200,https://courtiark.fr/fr/logiciel-courtier-sante-bourg-en-bresse,non,non,,,Logiciel pour courtier santé à Bourg-en-Bresse — COURTIA · c,46801c9d36f881a6
https://courtiark.fr/fr/logiciel-courtier-sante-bourges,disque,200,https://courtiark.fr/fr/logiciel-courtier-sante-bourges,non,non,,,Logiciel pour courtier santé à Bourges — COURTIA · courtiark,d878b1142b2d1f0d
https://courtiark.fr/fr/logiciel-courtier-sante-brest,disque,200,https://courtiark.fr/fr/logiciel-courtier-sante-brest,non,non,,,Logiciel pour courtier santé à Brest — COURTIA · courtiark.f,58f092eede08be2a
https://courtiark.fr/fr/logiciel-courtier-sante-caen,disque,200,https://courtiark.fr/fr/logiciel-courtier-sante-caen,non,non,,,Logiciel pour courtier santé à Caen — COURTIA · courtiark.fr,c0ea6a2fb946d82b
https://courtiark.fr/fr/logiciel-courtier-sante-cagnes-sur-mer,disque,200,https://courtiark.fr/fr/logiciel-courtier-sante-cagnes-sur-mer,non,non,,,Logiciel pour courtier santé à Cagnes-sur-Mer — COURTIA · co,0c07e2c54ef5f255
https://courtiark.fr/fr/logiciel-courtier-sante-cahors,disque,200,https://courtiark.fr/fr/logiciel-courtier-sante-cahors,non,non,,,Logiciel pour courtier santé à Cahors — COURTIA · courtiark.,2ddb36abf818e40e
https://courtiark.fr/fr/logiciel-courtier-sante-calais,disque,200,https://courtiark.fr/fr/logiciel-courtier-sante-calais,non,non,,,Logiciel pour courtier santé à Calais — COURTIA · courtiark.,d16b35e2e82bc576
https://courtiark.fr/fr/logiciel-courtier-sante-cambrai,disque,200,https://courtiark.fr/fr/logiciel-courtier-sante-cambrai,non,non,,,Logiciel pour courtier santé à Cambrai — COURTIA · courtiark,6a43dfe2d4865988
https://courtiark.fr/fr/logiciel-courtier-sante-cannes,disque,200,https://courtiark.fr/fr/logiciel-courtier-sante-cannes,non,non,,,Logiciel pour courtier santé à Cannes — COURTIA · courtiark.,caf9200f1bd744f2
https://courtiark.fr/fr/logiciel-courtier-sante-carcassonne,disque,200,https://courtiark.fr/fr/logiciel-courtier-sante-carcassonne,non,non,,,Logiciel pour courtier santé à Carcassonne — COURTIA · court,fb2750a88dc77706
https://courtiark.fr/fr/logiciel-courtier-sante-carpentras,disque,200,https://courtiark.fr/fr/logiciel-courtier-sante-carpentras,non,non,,,Logiciel pour courtier santé à Carpentras — COURTIA · courti,22fa818cf73feff0
https://courtiark.fr/fr/logiciel-courtier-sante-cergy,disque,200,https://courtiark.fr/fr/logiciel-courtier-sante-cergy,non,non,,,Logiciel pour courtier santé à Cergy — COURTIA · courtiark.f,7a8ac58dafd58896
https://courtiark.fr/fr/logiciel-courtier-sante-chalon-sur-saone,disque,200,https://courtiark.fr/fr/logiciel-courtier-sante-chalon-sur-saone,non,non,,,Logiciel pour courtier santé à Chalon-sur-Saône — COURTIA · ,c1e794f1295bb132
https://courtiark.fr/fr/logiciel-courtier-sante-chambery,disque,200,https://courtiark.fr/fr/logiciel-courtier-sante-chambery,non,non,,,Logiciel pour courtier santé à Chambéry — COURTIA · courtiar,3f7deaf390ea114f
https://courtiark.fr/fr/logiciel-courtier-sante-charenton,disque,200,https://courtiark.fr/fr/logiciel-courtier-sante-charenton,non,non,,,Logiciel pour courtier santé à Charenton — COURTIA · courtia,f563d863f553c8c9
https://courtiark.fr/fr/logiciel-courtier-sante-charleville-mezieres,disque,200,https://courtiark.fr/fr/logiciel-courtier-sante-charleville-mezieres,non,non,,,Logiciel pour courtier santé à Charleville-Mézières — COURTI,f36c2c3afcb11d6c
https://courtiark.fr/fr/logiciel-courtier-sante-chartres,disque,200,https://courtiark.fr/fr/logiciel-courtier-sante-chartres,non,non,,,Logiciel pour courtier santé à Chartres — COURTIA · courtiar,08b43185c729af62
https://courtiark.fr/fr/logiciel-courtier-sante-chateauroux,disque,200,https://courtiark.fr/fr/logiciel-courtier-sante-chateauroux,non,non,,,Logiciel pour courtier santé à Châteauroux — COURTIA · court,fabe07916951d8ea
https://courtiark.fr/fr/logiciel-courtier-sante-chelles,disque,200,https://courtiark.fr/fr/logiciel-courtier-sante-chelles,non,non,,,Logiciel pour courtier santé à Chelles — COURTIA · courtiark,ef094d6580b50d1a
https://courtiark.fr/fr/logiciel-courtier-sante-cherbourg,disque,200,https://courtiark.fr/fr/logiciel-courtier-sante-cherbourg,non,non,,,Logiciel pour courtier santé à Cherbourg — COURTIA · courtia,aa532651cbdd89a0
https://courtiark.fr/fr/logiciel-courtier-sante-cholet,disque,200,https://courtiark.fr/fr/logiciel-courtier-sante-cholet,non,non,,,Logiciel pour courtier santé à Cholet — COURTIA · courtiark.,c3e88748018418ef
https://courtiark.fr/fr/logiciel-courtier-sante-clermont-ferrand,disque,200,https://courtiark.fr/fr/logiciel-courtier-sante-clermont-ferrand,non,non,,,Logiciel pour courtier santé à Clermont-Ferrand — COURTIA · ,f7195c1b6c997bda
https://courtiark.fr/fr/logiciel-courtier-sante-clichy,disque,200,https://courtiark.fr/fr/logiciel-courtier-sante-clichy,non,non,,,Logiciel pour courtier santé à Clichy — COURTIA · courtiark.,581d15be0667aeb8
https://courtiark.fr/fr/logiciel-courtier-sante-colmar,disque,200,https://courtiark.fr/fr/logiciel-courtier-sante-colmar,non,non,,,Logiciel pour courtier santé à Colmar — COURTIA · courtiark.,2ad022e1d5b4ab7e
https://courtiark.fr/fr/logiciel-courtier-sante-compiegne,disque,200,https://courtiark.fr/fr/logiciel-courtier-sante-compiegne,non,non,,,Logiciel pour courtier santé à Compiègne — COURTIA · courtia,f4ddd1413f98882e
https://courtiark.fr/fr/logiciel-courtier-sante-courbevoie,disque,200,https://courtiark.fr/fr/logiciel-courtier-sante-courbevoie,non,non,,,Logiciel pour courtier santé à Courbevoie — COURTIA · courti,fd626219bbfba088
https://courtiark.fr/fr/logiciel-courtier-sante-creteil,disque,200,https://courtiark.fr/fr/logiciel-courtier-sante-creteil,non,non,,,Logiciel pour courtier santé à Créteil — COURTIA · courtiark,d278bcfcc3310520
https://courtiark.fr/fr/logiciel-courtier-sante-dax,disque,200,https://courtiark.fr/fr/logiciel-courtier-sante-dax,non,non,,,Logiciel pour courtier santé à Dax — COURTIA · courtiark.fr,22881212f0a77024
https://courtiark.fr/fr/logiciel-courtier-sante-dijon,disque,200,https://courtiark.fr/fr/logiciel-courtier-sante-dijon,non,non,,,Logiciel pour courtier santé à Dijon — COURTIA · courtiark.f,2b4185d910a60593
https://courtiark.fr/fr/logiciel-courtier-sante-dole,disque,200,https://courtiark.fr/fr/logiciel-courtier-sante-dole,non,non,,,Logiciel pour courtier santé à Dole — COURTIA · courtiark.fr,b9c2cdce1a95784b
https://courtiark.fr/fr/logiciel-courtier-sante-douai,disque,200,https://courtiark.fr/fr/logiciel-courtier-sante-douai,non,non,,,Logiciel pour courtier santé à Douai — COURTIA · courtiark.f,9b9d4e14bef09e39
https://courtiark.fr/fr/logiciel-courtier-sante-draguignan,disque,200,https://courtiark.fr/fr/logiciel-courtier-sante-draguignan,non,non,,,Logiciel pour courtier santé à Draguignan — COURTIA · courti,574ccbf14092dcf4
https://courtiark.fr/fr/logiciel-courtier-sante-drancy,disque,200,https://courtiark.fr/fr/logiciel-courtier-sante-drancy,non,non,,,Logiciel pour courtier santé à Drancy — COURTIA · courtiark.,08f1ff0271a13a26
https://courtiark.fr/fr/logiciel-courtier-sante-dreux,disque,200,https://courtiark.fr/fr/logiciel-courtier-sante-dreux,non,non,,,Logiciel pour courtier santé à Dreux — COURTIA · courtiark.f,7e64210cdef009de
https://courtiark.fr/fr/logiciel-courtier-sante-dunkerque,disque,200,https://courtiark.fr/fr/logiciel-courtier-sante-dunkerque,non,non,,,Logiciel pour courtier santé à Dunkerque — COURTIA · courtia,9dfe9132e08446ed
https://courtiark.fr/fr/logiciel-courtier-sante-epinal,disque,200,https://courtiark.fr/fr/logiciel-courtier-sante-epinal,non,non,,,Logiciel pour courtier santé à Épinal — COURTIA · courtiark.,3df1d14fe8dd5457
https://courtiark.fr/fr/logiciel-courtier-sante-evreux,disque,200,https://courtiark.fr/fr/logiciel-courtier-sante-evreux,non,non,,,Logiciel pour courtier santé à Évreux — COURTIA · courtiark.,38ff52b387e7b852
https://courtiark.fr/fr/logiciel-courtier-sante-evry,disque,200,https://courtiark.fr/fr/logiciel-courtier-sante-evry,non,non,,,Logiciel pour courtier santé à Évry — COURTIA · courtiark.fr,f533c9c475222029
https://courtiark.fr/fr/logiciel-courtier-sante-fontainebleau,disque,200,https://courtiark.fr/fr/logiciel-courtier-sante-fontainebleau,non,non,,,Logiciel pour courtier santé à Fontainebleau — COURTIA · cou,530f567bcd7ea0ec
https://courtiark.fr/fr/logiciel-courtier-sante-forbach,disque,200,https://courtiark.fr/fr/logiciel-courtier-sante-forbach,non,non,,,Logiciel pour courtier santé à Forbach — COURTIA · courtiark,b377260f99a264fc
https://courtiark.fr/fr/logiciel-courtier-sante-frejus,disque,200,https://courtiark.fr/fr/logiciel-courtier-sante-frejus,non,non,,,Logiciel pour courtier santé à Fréjus — COURTIA · courtiark.,76d5544d71df1f96
https://courtiark.fr/fr/logiciel-courtier-sante-gap,disque,200,https://courtiark.fr/fr/logiciel-courtier-sante-gap,non,non,,,Logiciel pour courtier santé à Gap — COURTIA · courtiark.fr,503168e20bae703e
https://courtiark.fr/fr/logiciel-courtier-sante-grasse,disque,200,https://courtiark.fr/fr/logiciel-courtier-sante-grasse,non,non,,,Logiciel pour courtier santé à Grasse — COURTIA · courtiark.,ab178dc6dcdf6522
https://courtiark.fr/fr/logiciel-courtier-sante-grenoble,disque,200,https://courtiark.fr/fr/logiciel-courtier-sante-grenoble,non,non,,,Logiciel pour courtier santé à Grenoble — COURTIA · courtiar,3ee0713b7a57fb3d
https://courtiark.fr/fr/logiciel-courtier-sante-haguenau,disque,200,https://courtiark.fr/fr/logiciel-courtier-sante-haguenau,non,non,,,Logiciel pour courtier santé à Haguenau — COURTIA · courtiar,db717b3d9c190d7b
https://courtiark.fr/fr/logiciel-courtier-sante-hyeres,disque,200,https://courtiark.fr/fr/logiciel-courtier-sante-hyeres,non,non,,,Logiciel pour courtier santé à Hyères — COURTIA · courtiark.,37c707f57946bbcb
https://courtiark.fr/fr/logiciel-courtier-sante-issy-les-moulineaux,disque,200,https://courtiark.fr/fr/logiciel-courtier-sante-issy-les-moulineaux,non,non,,,Logiciel pour courtier santé à Issy-les-Moulineaux — COURTIA,c8f392b383a21056
https://courtiark.fr/fr/logiciel-courtier-sante-istres,disque,200,https://courtiark.fr/fr/logiciel-courtier-sante-istres,non,non,,,Logiciel pour courtier santé à Istres — COURTIA · courtiark.,54e0e82606831ca8
https://courtiark.fr/fr/logiciel-courtier-sante-ivry-sur-seine,disque,200,https://courtiark.fr/fr/logiciel-courtier-sante-ivry-sur-seine,non,non,,,Logiciel pour courtier santé à Ivry-sur-Seine — COURTIA · co,b03bac4ee74b2015
https://courtiark.fr/fr/logiciel-courtier-sante-la-defense,disque,200,https://courtiark.fr/fr/logiciel-courtier-sante-la-defense,non,non,,,Logiciel pour courtier santé à La Défense — COURTIA · courti,73681d111fae35a2
https://courtiark.fr/fr/logiciel-courtier-sante-la-roche-sur-yon,disque,200,https://courtiark.fr/fr/logiciel-courtier-sante-la-roche-sur-yon,non,non,,,Logiciel pour courtier santé à La Roche-sur-Yon — COURTIA · ,dbd5d34a79c27f1c
https://courtiark.fr/fr/logiciel-courtier-sante-la-rochelle,disque,200,https://courtiark.fr/fr/logiciel-courtier-sante-la-rochelle,non,non,,,Logiciel pour courtier santé à La Rochelle — COURTIA · court,b5d9ebff14636aaa
https://courtiark.fr/fr/logiciel-courtier-sante-lannion,disque,200,https://courtiark.fr/fr/logiciel-courtier-sante-lannion,non,non,,,Logiciel pour courtier santé à Lannion — COURTIA · courtiark,9cd15d6c2b248f7b
https://courtiark.fr/fr/logiciel-courtier-sante-laon,disque,200,https://courtiark.fr/fr/logiciel-courtier-sante-laon,non,non,,,Logiciel pour courtier santé à Laon — COURTIA · courtiark.fr,5de1cd66d49b7f35
https://courtiark.fr/fr/logiciel-courtier-sante-laval,disque,200,https://courtiark.fr/fr/logiciel-courtier-sante-laval,non,non,,,Logiciel pour courtier santé à Laval — COURTIA · courtiark.f,a9ab427f3e34ae83
https://courtiark.fr/fr/logiciel-courtier-sante-le-havre,disque,200,https://courtiark.fr/fr/logiciel-courtier-sante-le-havre,non,non,,,Logiciel pour courtier santé à Le Havre — COURTIA · courtiar,5cbbddc695b028e6
https://courtiark.fr/fr/logiciel-courtier-sante-le-mans,disque,200,https://courtiark.fr/fr/logiciel-courtier-sante-le-mans,non,non,,,Logiciel pour courtier santé à Le Mans — COURTIA · courtiark,88da175a28f04ac8
https://courtiark.fr/fr/logiciel-courtier-sante-lens,disque,200,https://courtiark.fr/fr/logiciel-courtier-sante-lens,non,non,,,Logiciel pour courtier santé à Lens — COURTIA · courtiark.fr,62a103dc039d55ed
https://courtiark.fr/fr/logiciel-courtier-sante-levallois-perret,disque,200,https://courtiark.fr/fr/logiciel-courtier-sante-levallois-perret,non,non,,,Logiciel pour courtier santé à Levallois-Perret — COURTIA · ,6217c745e6978e31
https://courtiark.fr/fr/logiciel-courtier-sante-libourne,disque,200,https://courtiark.fr/fr/logiciel-courtier-sante-libourne,non,non,,,Logiciel pour courtier santé à Libourne — COURTIA · courtiar,4e6ec96280cd38b4
https://courtiark.fr/fr/logiciel-courtier-sante-lille,disque,200,https://courtiark.fr/fr/logiciel-courtier-sante-lille,non,non,,,Logiciel pour courtier santé à Lille — COURTIA · courtiark.f,45acf13c15c8231c
https://courtiark.fr/fr/logiciel-courtier-sante-limoges,disque,200,https://courtiark.fr/fr/logiciel-courtier-sante-limoges,non,non,,,Logiciel pour courtier santé à Limoges — COURTIA · courtiark,9d595a1fea08d227
https://courtiark.fr/fr/logiciel-courtier-sante-lisieux,disque,200,https://courtiark.fr/fr/logiciel-courtier-sante-lisieux,non,non,,,Logiciel pour courtier santé à Lisieux — COURTIA · courtiark,3afc258cc3ff6261
https://courtiark.fr/fr/logiciel-courtier-sante-lorient,disque,200,https://courtiark.fr/fr/logiciel-courtier-sante-lorient,non,non,,,Logiciel pour courtier santé à Lorient — COURTIA · courtiark,ccaf1d11215161ef
https://courtiark.fr/fr/logiciel-courtier-sante-lyon,disque,200,https://courtiark.fr/fr/logiciel-courtier-sante-lyon,non,non,,,Logiciel pour courtier santé à Lyon — COURTIA · courtiark.fr,7dc35cd6e9dd396a
https://courtiark.fr/fr/logiciel-courtier-sante-macon,disque,200,https://courtiark.fr/fr/logiciel-courtier-sante-macon,non,non,,,Logiciel pour courtier santé à Mâcon — COURTIA · courtiark.f,131724b1475a6046
https://courtiark.fr/fr/logiciel-courtier-sante-maisons-alfort,disque,200,https://courtiark.fr/fr/logiciel-courtier-sante-maisons-alfort,non,non,,,Logiciel pour courtier santé à Maisons-Alfort — COURTIA · co,df1425efc5c421aa
https://courtiark.fr/fr/logiciel-courtier-sante-manosque,disque,200,https://courtiark.fr/fr/logiciel-courtier-sante-manosque,non,non,,,Logiciel pour courtier santé à Manosque — COURTIA · courtiar,b74bb7d3716eb658
https://courtiark.fr/fr/logiciel-courtier-sante-mantes-la-jolie,disque,200,https://courtiark.fr/fr/logiciel-courtier-sante-mantes-la-jolie,non,non,,,Logiciel pour courtier santé à Mantes-la-Jolie — COURTIA · c,ca48ca4c9b1b58f9
https://courtiark.fr/fr/logiciel-courtier-sante-marseille,disque,200,https://courtiark.fr/fr/logiciel-courtier-sante-marseille,non,non,,,Logiciel pour courtier santé à Marseille — COURTIA · courtia,68c2b202ef37f0a9
https://courtiark.fr/fr/logiciel-courtier-sante-martigues,disque,200,https://courtiark.fr/fr/logiciel-courtier-sante-martigues,non,non,,,Logiciel pour courtier santé à Martigues — COURTIA · courtia,4aa50119c4ded2dd
https://courtiark.fr/fr/logiciel-courtier-sante-massy,disque,200,https://courtiark.fr/fr/logiciel-courtier-sante-massy,non,non,,,Logiciel pour courtier santé à Massy — COURTIA · courtiark.f,eaea3d9622199bd8
https://courtiark.fr/fr/logiciel-courtier-sante-meaux,disque,200,https://courtiark.fr/fr/logiciel-courtier-sante-meaux,non,non,,,Logiciel pour courtier santé à Meaux — COURTIA · courtiark.f,7053c877a59aa601
https://courtiark.fr/fr/logiciel-courtier-sante-melun,disque,200,https://courtiark.fr/fr/logiciel-courtier-sante-melun,non,non,,,Logiciel pour courtier santé à Melun — COURTIA · courtiark.f,5a56d36619bbf3a7
https://courtiark.fr/fr/logiciel-courtier-sante-menton,disque,200,https://courtiark.fr/fr/logiciel-courtier-sante-menton,non,non,,,Logiciel pour courtier santé à Menton — COURTIA · courtiark.,7c1b34668847d0d3
https://courtiark.fr/fr/logiciel-courtier-sante-merignac,disque,200,https://courtiark.fr/fr/logiciel-courtier-sante-merignac,non,non,,,Logiciel pour courtier santé à Mérignac — COURTIA · courtiar,1a7d3a35024e15a1
https://courtiark.fr/fr/logiciel-courtier-sante-metz,disque,200,https://courtiark.fr/fr/logiciel-courtier-sante-metz,non,non,,,Logiciel pour courtier santé à Metz — COURTIA · courtiark.fr,4999a33cab2f5b84
https://courtiark.fr/fr/logiciel-courtier-sante-mont-de-marsan,disque,200,https://courtiark.fr/fr/logiciel-courtier-sante-mont-de-marsan,non,non,,,Logiciel pour courtier santé à Mont-de-Marsan — COURTIA · co,e64a720a0fa7928d
https://courtiark.fr/fr/logiciel-courtier-sante-montauban,disque,200,https://courtiark.fr/fr/logiciel-courtier-sante-montauban,non,non,,,Logiciel pour courtier santé à Montauban — COURTIA · courtia,e0faa67f7b5d9cad
https://courtiark.fr/fr/logiciel-courtier-sante-montbeliard,disque,200,https://courtiark.fr/fr/logiciel-courtier-sante-montbeliard,non,non,,,Logiciel pour courtier santé à Montbéliard — COURTIA · court,543d11795c5bb9f3
https://courtiark.fr/fr/logiciel-courtier-sante-montlucon,disque,200,https://courtiark.fr/fr/logiciel-courtier-sante-montlucon,non,non,,,Logiciel pour courtier santé à Montluçon — COURTIA · courtia,df9d285d9dae04fb
https://courtiark.fr/fr/logiciel-courtier-sante-montpellier,disque,200,https://courtiark.fr/fr/logiciel-courtier-sante-montpellier,non,non,,,Logiciel pour courtier santé à Montpellier — COURTIA · court,9a38af0bca01bc2c
https://courtiark.fr/fr/logiciel-courtier-sante-morlaix,disque,200,https://courtiark.fr/fr/logiciel-courtier-sante-morlaix,non,non,,,Logiciel pour courtier santé à Morlaix — COURTIA · courtiark,1eb2190fcf305bd3
https://courtiark.fr/fr/logiciel-courtier-sante-moulins,disque,200,https://courtiark.fr/fr/logiciel-courtier-sante-moulins,non,non,,,Logiciel pour courtier santé à Moulins — COURTIA · courtiark,b83f9fa2f58a6131
https://courtiark.fr/fr/logiciel-courtier-sante-mulhouse,disque,200,https://courtiark.fr/fr/logiciel-courtier-sante-mulhouse,non,non,,,Logiciel pour courtier santé à Mulhouse — COURTIA · courtiar,36dad6fdf17ee328
https://courtiark.fr/fr/logiciel-courtier-sante-nancy,disque,200,https://courtiark.fr/fr/logiciel-courtier-sante-nancy,non,non,,,Logiciel pour courtier santé à Nancy — COURTIA · courtiark.f,310e7be50a02f4f1
https://courtiark.fr/fr/logiciel-courtier-sante-nanterre,disque,200,https://courtiark.fr/fr/logiciel-courtier-sante-nanterre,non,non,,,Logiciel pour courtier santé à Nanterre — COURTIA · courtiar,c9e4757fa14c9abf
https://courtiark.fr/fr/logiciel-courtier-sante-nantes,disque,200,https://courtiark.fr/fr/logiciel-courtier-sante-nantes,non,non,,,Logiciel pour courtier santé à Nantes — COURTIA · courtiark.,9fb54ca33c42139b
https://courtiark.fr/fr/logiciel-courtier-sante-narbonne,disque,200,https://courtiark.fr/fr/logiciel-courtier-sante-narbonne,non,non,,,Logiciel pour courtier santé à Narbonne — COURTIA · courtiar,6017347b1001fe79
https://courtiark.fr/fr/logiciel-courtier-sante-nevers,disque,200,https://courtiark.fr/fr/logiciel-courtier-sante-nevers,non,non,,,Logiciel pour courtier santé à Nevers — COURTIA · courtiark.,cfa87d5ba0667ee8
https://courtiark.fr/fr/logiciel-courtier-sante-nice,disque,200,https://courtiark.fr/fr/logiciel-courtier-sante-nice,non,non,,,Logiciel pour courtier santé à Nice — COURTIA · courtiark.fr,7e7083c03a717711
https://courtiark.fr/fr/logiciel-courtier-sante-nimes,disque,200,https://courtiark.fr/fr/logiciel-courtier-sante-nimes,non,non,,,Logiciel pour courtier santé à Nîmes — COURTIA · courtiark.f,8c84d003ec3a7a8a
https://courtiark.fr/fr/logiciel-courtier-sante-niort,disque,200,https://courtiark.fr/fr/logiciel-courtier-sante-niort,non,non,,,Logiciel pour courtier santé à Niort — COURTIA · courtiark.f,28cb311649151d36
https://courtiark.fr/fr/logiciel-courtier-sante-noisy-le-grand,disque,200,https://courtiark.fr/fr/logiciel-courtier-sante-noisy-le-grand,non,non,,,Logiciel pour courtier santé à Noisy-le-Grand — COURTIA · co,9a8cf62c586e9696
https://courtiark.fr/fr/logiciel-courtier-sante-orleans,disque,200,https://courtiark.fr/fr/logiciel-courtier-sante-orleans,non,non,,,Logiciel pour courtier santé à Orléans — COURTIA · courtiark,ff6824368f6506f9
https://courtiark.fr/fr/logiciel-courtier-sante-pantin,disque,200,https://courtiark.fr/fr/logiciel-courtier-sante-pantin,non,non,,,Logiciel pour courtier santé à Pantin — COURTIA · courtiark.,2a80cc955aff8aa6
https://courtiark.fr/fr/logiciel-courtier-sante-paris,disque,200,https://courtiark.fr/fr/logiciel-courtier-sante-paris,non,non,,,Logiciel pour courtier santé à Paris — COURTIA · courtiark.f,ca014e64025a0494
https://courtiark.fr/fr/logiciel-courtier-sante-pau,disque,200,https://courtiark.fr/fr/logiciel-courtier-sante-pau,non,non,,,Logiciel pour courtier santé à Pau — COURTIA · courtiark.fr,ef14a558b2c0d4bb
https://courtiark.fr/fr/logiciel-courtier-sante-perigueux,disque,200,https://courtiark.fr/fr/logiciel-courtier-sante-perigueux,non,non,,,Logiciel pour courtier santé à Périgueux — COURTIA · courtia,a4efee932a563476
https://courtiark.fr/fr/logiciel-courtier-sante-perpignan,disque,200,https://courtiark.fr/fr/logiciel-courtier-sante-perpignan,non,non,,,Logiciel pour courtier santé à Perpignan — COURTIA · courtia,6a5ae656f069942e
https://courtiark.fr/fr/logiciel-courtier-sante-pessac,disque,200,https://courtiark.fr/fr/logiciel-courtier-sante-pessac,non,non,,,Logiciel pour courtier santé à Pessac — COURTIA · courtiark.,42d259538d066878
https://courtiark.fr/fr/logiciel-courtier-sante-poissy,disque,200,https://courtiark.fr/fr/logiciel-courtier-sante-poissy,non,non,,,Logiciel pour courtier santé à Poissy — COURTIA · courtiark.,362c27640bfc4652
https://courtiark.fr/fr/logiciel-courtier-sante-poitiers,disque,200,https://courtiark.fr/fr/logiciel-courtier-sante-poitiers,non,non,,,Logiciel pour courtier santé à Poitiers — COURTIA · courtiar,56e8381bb1a6f03f
https://courtiark.fr/fr/logiciel-courtier-sante-pontault-combault,disque,200,https://courtiark.fr/fr/logiciel-courtier-sante-pontault-combault,non,non,,,Logiciel pour courtier santé à Pontault-Combault — COURTIA ·,2008e7484b0503a4
https://courtiark.fr/fr/logiciel-courtier-sante-quimper,disque,200,https://courtiark.fr/fr/logiciel-courtier-sante-quimper,non,non,,,Logiciel pour courtier santé à Quimper — COURTIA · courtiark,a90c3de049b416b3
https://courtiark.fr/fr/logiciel-courtier-sante-reims,disque,200,https://courtiark.fr/fr/logiciel-courtier-sante-reims,non,non,,,Logiciel pour courtier santé à Reims — COURTIA · courtiark.f,305d57c4b84eaab9
https://courtiark.fr/fr/logiciel-courtier-sante-rennes,disque,200,https://courtiark.fr/fr/logiciel-courtier-sante-rennes,non,non,,,Logiciel pour courtier santé à Rennes — COURTIA · courtiark.,0d017b8d6e367174
https://courtiark.fr/fr/logiciel-courtier-sante-roanne,disque,200,https://courtiark.fr/fr/logiciel-courtier-sante-roanne,non,non,,,Logiciel pour courtier santé à Roanne — COURTIA · courtiark.,0b82a0e812aa9d27
https://courtiark.fr/fr/logiciel-courtier-sante-rochefort,disque,200,https://courtiark.fr/fr/logiciel-courtier-sante-rochefort,non,non,,,Logiciel pour courtier santé à Rochefort — COURTIA · courtia,0d797c115d735029
https://courtiark.fr/fr/logiciel-courtier-sante-rodez,disque,200,https://courtiark.fr/fr/logiciel-courtier-sante-rodez,non,non,,,Logiciel pour courtier santé à Rodez — COURTIA · courtiark.f,a5d90b5d68a4fd09
https://courtiark.fr/fr/logiciel-courtier-sante-romans-sur-isere,disque,200,https://courtiark.fr/fr/logiciel-courtier-sante-romans-sur-isere,non,non,,,Logiciel pour courtier santé à Romans-sur-Isère — COURTIA · ,34eefd310cfeb67f
https://courtiark.fr/fr/logiciel-courtier-sante-rosny-sous-bois,disque,200,https://courtiark.fr/fr/logiciel-courtier-sante-rosny-sous-bois,non,non,,,Logiciel pour courtier santé à Rosny-sous-Bois — COURTIA · c,52032c610da6bbb2
https://courtiark.fr/fr/logiciel-courtier-sante-roubaix,disque,200,https://courtiark.fr/fr/logiciel-courtier-sante-roubaix,non,non,,,Logiciel pour courtier santé à Roubaix — COURTIA · courtiark,1afd780e53dbf824
https://courtiark.fr/fr/logiciel-courtier-sante-rouen,disque,200,https://courtiark.fr/fr/logiciel-courtier-sante-rouen,non,non,,,Logiciel pour courtier santé à Rouen — COURTIA · courtiark.f,5fdb33e75b6c831a
https://courtiark.fr/fr/logiciel-courtier-sante-saint-brieuc,disque,200,https://courtiark.fr/fr/logiciel-courtier-sante-saint-brieuc,non,non,,,Logiciel pour courtier santé à Saint-Brieuc — COURTIA · cour,fbe65b37774de6ac
https://courtiark.fr/fr/logiciel-courtier-sante-saint-chamond,disque,200,https://courtiark.fr/fr/logiciel-courtier-sante-saint-chamond,non,non,,,Logiciel pour courtier santé à Saint-Chamond — COURTIA · cou,e415683348f5a724
https://courtiark.fr/fr/logiciel-courtier-sante-saint-etienne,disque,200,https://courtiark.fr/fr/logiciel-courtier-sante-saint-etienne,non,non,,,Logiciel pour courtier santé à Saint-Étienne — COURTIA · cou,d4953cd0db1fa75e
https://courtiark.fr/fr/logiciel-courtier-sante-saint-germain-en-laye,disque,200,https://courtiark.fr/fr/logiciel-courtier-sante-saint-germain-en-laye,non,non,,,Logiciel pour courtier santé à Saint-Germain-en-Laye — COURT,3ce1c90c2057c33b
https://courtiark.fr/fr/logiciel-courtier-sante-saint-lo,disque,200,https://courtiark.fr/fr/logiciel-courtier-sante-saint-lo,non,non,,,Logiciel pour courtier santé à Saint-Lô — COURTIA · courtiar,f4b5afed5f167078
https://courtiark.fr/fr/logiciel-courtier-sante-saint-malo,disque,200,https://courtiark.fr/fr/logiciel-courtier-sante-saint-malo,non,non,,,Logiciel pour courtier santé à Saint-Malo — COURTIA · courti,982cace727ee0d4c
https://courtiark.fr/fr/logiciel-courtier-sante-saint-nazaire,disque,200,https://courtiark.fr/fr/logiciel-courtier-sante-saint-nazaire,non,non,,,Logiciel pour courtier santé à Saint-Nazaire — COURTIA · cou,b686d31b01e76cf3
https://courtiark.fr/fr/logiciel-courtier-sante-saintes,disque,200,https://courtiark.fr/fr/logiciel-courtier-sante-saintes,non,non,,,Logiciel pour courtier santé à Saintes — COURTIA · courtiark,a9ed8f39266ecd5e
https://courtiark.fr/fr/logiciel-courtier-sante-salon-de-provence,disque,200,https://courtiark.fr/fr/logiciel-courtier-sante-salon-de-provence,non,non,,,Logiciel pour courtier santé à Salon-de-Provence — COURTIA ·,051bb37c3adcdaf5
https://courtiark.fr/fr/logiciel-courtier-sante-sarcelles,disque,200,https://courtiark.fr/fr/logiciel-courtier-sante-sarcelles,non,non,,,Logiciel pour courtier santé à Sarcelles — COURTIA · courtia,5f316f7caadc94c0
https://courtiark.fr/fr/logiciel-courtier-sante-selestat,disque,200,https://courtiark.fr/fr/logiciel-courtier-sante-selestat,non,non,,,Logiciel pour courtier santé à Sélestat — COURTIA · courtiar,22e2c44dcd33c2c1
https://courtiark.fr/fr/logiciel-courtier-sante-senart,disque,200,https://courtiark.fr/fr/logiciel-courtier-sante-senart,non,non,,,Logiciel pour courtier santé à Sénart — COURTIA · courtiark.,b666691fc36f6a2b
https://courtiark.fr/fr/logiciel-courtier-sante-sete,disque,200,https://courtiark.fr/fr/logiciel-courtier-sante-sete,non,non,,,Logiciel pour courtier santé à Sète — COURTIA · courtiark.fr,7856e1a817fa243d
https://courtiark.fr/fr/logiciel-courtier-sante-soissons,disque,200,https://courtiark.fr/fr/logiciel-courtier-sante-soissons,non,non,,,Logiciel pour courtier santé à Soissons — COURTIA · courtiar,e81a98e698c29f6c
https://courtiark.fr/fr/logiciel-courtier-sante-strasbourg,disque,200,https://courtiark.fr/fr/logiciel-courtier-sante-strasbourg,non,non,,,Logiciel pour courtier santé à Strasbourg — COURTIA · courti,fba74fb66b2535ad
https://courtiark.fr/fr/logiciel-courtier-sante-tarbes,disque,200,https://courtiark.fr/fr/logiciel-courtier-sante-tarbes,non,non,,,Logiciel pour courtier santé à Tarbes — COURTIA · courtiark.,6c976b32af5a27a9
https://courtiark.fr/fr/logiciel-courtier-sante-thionville,disque,200,https://courtiark.fr/fr/logiciel-courtier-sante-thionville,non,non,,,Logiciel pour courtier santé à Thionville — COURTIA · courti,17bd2b9ccb8d6b11
https://courtiark.fr/fr/logiciel-courtier-sante-toulon,disque,200,https://courtiark.fr/fr/logiciel-courtier-sante-toulon,non,non,,,Logiciel pour courtier santé à Toulon — COURTIA · courtiark.,130e52cad6ae27c9
https://courtiark.fr/fr/logiciel-courtier-sante-toulouse,disque,200,https://courtiark.fr/fr/logiciel-courtier-sante-toulouse,non,non,,,Logiciel pour courtier santé à Toulouse — COURTIA · courtiar,45c7ebe775c7a1db
https://courtiark.fr/fr/logiciel-courtier-sante-tourcoing,disque,200,https://courtiark.fr/fr/logiciel-courtier-sante-tourcoing,non,non,,,Logiciel pour courtier santé à Tourcoing — COURTIA · courtia,6e1ceb44ce858edc
https://courtiark.fr/fr/logiciel-courtier-sante-tours,disque,200,https://courtiark.fr/fr/logiciel-courtier-sante-tours,non,non,,,Logiciel pour courtier santé à Tours — COURTIA · courtiark.f,a20191dd533a36a0
https://courtiark.fr/fr/logiciel-courtier-sante-troyes,disque,200,https://courtiark.fr/fr/logiciel-courtier-sante-troyes,non,non,,,Logiciel pour courtier santé à Troyes — COURTIA · courtiark.,b0597d47e5c62987
https://courtiark.fr/fr/logiciel-courtier-sante-valence,disque,200,https://courtiark.fr/fr/logiciel-courtier-sante-valence,non,non,,,Logiciel pour courtier santé à Valence — COURTIA · courtiark,6f8f380b576f99a3
https://courtiark.fr/fr/logiciel-courtier-sante-valenciennes,disque,200,https://courtiark.fr/fr/logiciel-courtier-sante-valenciennes,non,non,,,Logiciel pour courtier santé à Valenciennes — COURTIA · cour,20d3a8b50f38ab70
https://courtiark.fr/fr/logiciel-courtier-sante-vannes,disque,200,https://courtiark.fr/fr/logiciel-courtier-sante-vannes,non,non,,,Logiciel pour courtier santé à Vannes — COURTIA · courtiark.,5e2129db8035b20f
https://courtiark.fr/fr/logiciel-courtier-sante-venissieux,disque,200,https://courtiark.fr/fr/logiciel-courtier-sante-venissieux,non,non,,,Logiciel pour courtier santé à Vénissieux — COURTIA · courti,09974c3035d00a04
https://courtiark.fr/fr/logiciel-courtier-sante-versailles,disque,200,https://courtiark.fr/fr/logiciel-courtier-sante-versailles,non,non,,,Logiciel pour courtier santé à Versailles — COURTIA · courti,aa4a0b43797e329c
https://courtiark.fr/fr/logiciel-courtier-sante-vichy,disque,200,https://courtiark.fr/fr/logiciel-courtier-sante-vichy,non,non,,,Logiciel pour courtier santé à Vichy — COURTIA · courtiark.f,5febbf0e722ea2e1
https://courtiark.fr/fr/logiciel-courtier-sante-vierzon,disque,200,https://courtiark.fr/fr/logiciel-courtier-sante-vierzon,non,non,,,Logiciel pour courtier santé à Vierzon — COURTIA · courtiark,78d480ea11c4648a
https://courtiark.fr/fr/logiciel-courtier-sante-villeurbanne,disque,200,https://courtiark.fr/fr/logiciel-courtier-sante-villeurbanne,non,non,,,Logiciel pour courtier santé à Villeurbanne — COURTIA · cour,69b5e534457db77b
https://courtiark.fr/fr/logiciel-courtier-sante-vincennes,disque,200,https://courtiark.fr/fr/logiciel-courtier-sante-vincennes,non,non,,,Logiciel pour courtier santé à Vincennes — COURTIA · courtia,b68275846d8d4a45
https://courtiark.fr/fr/logiciel-courtier-santé,disque,0,https://courtiark.fr/fr/logiciel-courtier-sante,non,non,,,Redirection — COURTIA,1a36f1e3f0b2e2f3
https://courtiark.fr/fr/logiciel-courtier-tns,disque,200,https://courtiark.fr/fr/logiciel-courtier-tns,oui,non,,,Logiciel pour courtier TNS et indépendants — COURTIA · court,598e23c82794cca8
https://courtiark.fr/fr/logiciel-courtier-transport-flotte,disque,200,https://courtiark.fr/fr/logiciel-courtier-transport-flotte,oui,non,,,Logiciel courtier transport et flotte : suivi multi-véhicule,cce5226c4d809741
https://courtiark.fr/fr/logiciel-devis-courtier-assurance,disque,200,https://courtiark.fr/fr/logiciel-devis-courtier-assurance,oui,non,,,"Devis d&#x27;assurance : produire, suivre, faire signer — CO",6489d7aa8890acea
https://courtiark.fr/fr/logiciel-gestion-cabinet-courtage,disque,200,https://courtiark.fr/fr/logiciel-gestion-cabinet-courtage,oui,non,,,"Logiciel de gestion de cabinet de courtage : équipe, commiss",cf5ef3a291b7b090
https://courtiark.fr/fr/mesurer-temps-administratif-cabinet,disque,200,https://courtiark.fr/fr/mesurer-temps-administratif-cabinet,oui,non,,,Mesurer le temps administratif d&#x27;un cabinet de courtage,d8a3cde34a6c5b61
https://courtiark.fr/fr/methode-editoriale-courtia,disque,200,https://courtiark.fr/fr/methode-editoriale-courtia,oui,non,,,Notre méthode éditoriale — COURTIA,7edcb4d0c592e574
https://courtiark.fr/fr/organisation-cabinet-courtage,disque,200,https://courtiark.fr/fr/organisation-cabinet-courtage,oui,non,,,Organiser un cabinet de courtage : méthodes et outils — COUR,6c59b82d18576a8e
https://courtiark.fr/fr/outil-courtier-assurance,disque,200,https://courtiark.fr/fr/outil-courtier-assurance,oui,non,,,Outil pour courtier d&#x27;assurance : ce qu&#x27;il doit ré,f04c26b9312fed4b
https://courtiark.fr/fr/outils,disque,200,https://courtiark.fr/fr/outils,oui,non,,,Outils gratuits pour cabinet de courtage — COURTIA,e398cceffc99d3d2
https://courtiark.fr/fr/outils/calculateur-manipulations-administratives,disque,200,https://courtiark.fr/fr/outils/calculateur-manipulations-administratives,oui,non,,,Calculateur : manipulations administratives d&#x27;un cabine,07b30e180f5f82fd
https://courtiark.fr/fr/outils/calculateur-roi-courtia,disque,200,https://courtiark.fr/fr/outils/calculateur-roi-courtia,oui,non,,,Calculateur de retour sur investissement — COURTIA,54121abe87e1947f
https://courtiark.fr/fr/outils/calculateur-temps-administratif,disque,200,https://courtiark.fr/fr/outils/calculateur-temps-administratif,oui,non,,,Calculateur du temps administratif d&#x27;un cabinet de cour,1a79f08e7ff0f012
https://courtiark.fr/fr/outils/diagnostic-automatisation-cabinet,disque,200,https://courtiark.fr/fr/outils/diagnostic-automatisation-cabinet,oui,non,,,Diagnostic d&#x27;automatisation d&#x27;un cabinet de courta,e9370ddef78c1370
https://courtiark.fr/fr/partenaires-apporteurs-courtier-assurance,disque,200,https://courtiark.fr/fr/partenaires-apporteurs-courtier-assurance,oui,non,,,Partenaires et apporteurs d&#x27;affaires d&#x27;un cabinet ,d6d3257249c01470
https://courtiark.fr/fr/pipeline-kanban-courtier-assurance,disque,200,https://courtiark.fr/fr/pipeline-kanban-courtier-assurance,oui,non,,,Pipeline visuel pour cabinet de courtage (Kanban) — COURTIA,3b661a5109f39009
https://courtiark.fr/fr/portail-client-courtier-assurance,disque,200,https://courtiark.fr/fr/portail-client-courtier-assurance,oui,non,,,Ce que le client peut faire seul dans un cabinet de courtage,2cbc7c6059f88499
https://courtiark.fr/fr/prioriser-dossiers-courtier-assurance,disque,200,https://courtiark.fr/fr/prioriser-dossiers-courtier-assurance,oui,non,,,Prioriser ses dossiers dans un cabinet de courtage — COURTIA,2278b3c670637a95
https://courtiark.fr/fr/reduire-double-saisie-cabinet-courtage,disque,200,https://courtiark.fr/fr/reduire-double-saisie-cabinet-courtage,oui,non,,,Réduire la double saisie dans un cabinet de courtage — COURT,5b697babfbd48853
https://courtiark.fr/fr/relance-client-assurance,disque,200,https://courtiark.fr/fr/relance-client-assurance,oui,non,,,"Relances clients pour courtiers : suivre, préparer, envoyer ",0318a2fd31aa4a94
https://courtiark.fr/fr/rendez-vous-courtier-assurance,disque,200,https://courtiark.fr/fr/rendez-vous-courtier-assurance,oui,non,,,Rendez-vous et agenda d&#x27;un cabinet de courtage — COURTI,7c52391b0e460cd0
https://courtiark.fr/fr/reporting-pilotage-cabinet-courtage,disque,200,https://courtiark.fr/fr/reporting-pilotage-cabinet-courtage,oui,non,,,"Piloter un cabinet de courtage : indicateurs réels, décision",bf006c700966d30c
https://courtiark.fr/fr/sante-portefeuille-courtier-assurance,disque,200,https://courtiark.fr/fr/sante-portefeuille-courtier-assurance,oui,non,,,Santé du portefeuille : quels dossiers risquent de partir — ,59f5d327c8990900
https://courtiark.fr/fr/sinistres-courtier-assurance,disque,200,https://courtiark.fr/fr/sinistres-courtier-assurance,oui,non,,,Suivi des sinistres en cabinet de courtage — COURTIA,fea83166108a78e2
https://courtiark.fr/fr/sources-courtia,disque,200,https://courtiark.fr/fr/sources-courtia,oui,non,,,Nos sources — COURTIA,61b3434d48c2a2a5
https://courtiark.fr/fr/tarifs-logiciel-courtier,disque,200,https://courtiark.fr/fr/tarifs-logiciel-courtier,oui,non,,,Tarifs du logiciel de courtage COURTIA — France (EUR),60058c840daef3db
https://courtiark.fr/fr/whatsapp-courtier-assurance,disque,200,https://courtiark.fr/fr/whatsapp-courtier-assurance,oui,non,,,WhatsApp dans un cabinet de courtage : canal client suivi — ,2958f6dc72bd8477
https://courtiark.fr/fr/workflows-courtier-assurance,disque,200,https://courtiark.fr/fr/workflows-courtier-assurance,oui,non,,,Processus pour courtiers en assurance : la bibliothèque — CO,8cc62b58d466b9f0
https://courtiark.fr/fr/workflows/collecte-de-pieces,disque,200,https://courtiark.fr/fr/workflows/collecte-de-pieces,oui,non,,,Processus : collecte de pièces — bibliothèque courtier,e40dad0fe576e410
https://courtiark.fr/fr/workflows/mandat-et-kyc,disque,200,https://courtiark.fr/fr/workflows/mandat-et-kyc,oui,non,,,Processus : mandat et vérification du client — bibliothèque ,c4fa34d5694b6113
https://courtiark.fr/fr/workflows/nouveau-prospect,disque,200,https://courtiark.fr/fr/workflows/nouveau-prospect,oui,non,,,Processus : traiter un nouveau prospect — bibliothèque court,ed79212ffe691aa2
https://courtiark.fr/fr/workflows/relance-de-devis,disque,200,https://courtiark.fr/fr/workflows/relance-de-devis,oui,non,,,Processus : relancer un devis sans y penser — bibliothèque c,e36a3718dcda77b9
https://courtiark.fr/fr/workflows/renouvellement,disque,200,https://courtiark.fr/fr/workflows/renouvellement,oui,non,,,Processus : renouvellement par paliers — bibliothèque courti,1450f014e085fdb4
https://courtiark.fr/fr/workflows/sinistre,disque,200,https://courtiark.fr/fr/workflows/sinistre,oui,non,,,Processus : suivre un sinistre jusqu&#x27;à la clôture — bib,ceb6788dec734d08
https://courtiark.fr/france,disque+sitemap,200,https://courtiark.fr/france,oui,oui,FR,courtiark france pour,6f1ce0bcba96cd8a5186b50404f7155c,f4a5008ced17ae5e
https://courtiark.fr/france/bordeaux,disque+sitemap,200,https://courtiark.fr/france/bordeaux,oui,oui,,,Logiciel courtier assurance à Bordeaux | CRM pour cabinets |,49ff56581f717e7e
https://courtiark.fr/france/lille,disque+sitemap,200,https://courtiark.fr/france/lille,oui,oui,,,Logiciel courtier assurance à Lille | CRM pour cabinets | CO,7cd8f90b229bd263
https://courtiark.fr/france/lyon,disque+sitemap,200,https://courtiark.fr/france/lyon,oui,oui,,,Logiciel courtier assurance à Lyon | CRM pour cabinets | COU,baeb839f976e93fc
https://courtiark.fr/france/marseille,disque+sitemap,200,https://courtiark.fr/france/marseille,oui,oui,,,Logiciel courtier assurance à Marseille | CRM pour cabinets ,91570b2cf8e03764
https://courtiark.fr/france/montpellier,disque+sitemap,200,https://courtiark.fr/france/montpellier,oui,oui,,,Logiciel courtier assurance à Montpellier | CRM pour cabinet,fdca2247100ba20e
https://courtiark.fr/france/nantes,disque+sitemap,200,https://courtiark.fr/france/nantes,oui,oui,,,Logiciel courtier assurance à Nantes | CRM pour cabinets | C,de8a4a42ff4ebbbb
https://courtiark.fr/france/nice,disque+sitemap,200,https://courtiark.fr/france/nice,oui,oui,,,Logiciel courtier assurance à Nice | CRM pour cabinets | COU,696e81db261a4996
https://courtiark.fr/france/paris,disque+sitemap,200,https://courtiark.fr/france/paris,oui,oui,,,Logiciel courtier assurance à Paris | CRM pour cabinets | CO,ef18ef4597711a73
https://courtiark.fr/france/strasbourg,disque+sitemap,200,https://courtiark.fr/france/strasbourg,oui,oui,,,Logiciel courtier assurance à Strasbourg | CRM pour cabinets,96c6891a5aa77fea
https://courtiark.fr/france/toulouse,disque+sitemap,200,https://courtiark.fr/france/toulouse,oui,oui,,,Logiciel courtier assurance à Toulouse | CRM pour cabinets |,7a75c82fdc15ac93
https://courtiark.fr/glossaire,disque+sitemap,200,https://courtiark.fr/glossaire,oui,oui,,,Glossaire du courtage d&#x27;assurance : France et Suisse | ,acd6ee5424c7dd7a
https://courtiark.fr/guides,disque+sitemap,200,https://courtiark.fr/guides,oui,oui,FR,guides pratiques pour,2a1287cec8c51ae0867956be10a2f7f9,9752eb116384fbdc
https://courtiark.fr/guides/automatiser-renouvellements-assurance,disque+sitemap,200,https://courtiark.fr/guides/automatiser-renouvellements-assurance,oui,oui,FR,automatiser renouvellements assurance,9f1411dc420d875579e53ae4605a3c9b,7f96103e0465f70d
https://courtiark.fr/guides/automatiser-suivi-prospects-assurance,disque+sitemap,200,https://courtiark.fr/guides/automatiser-suivi-prospects-assurance,oui,oui,FR,automatiser suivi prospects,b1ba5f6d37c2bee7b7ec6db10c37f7a6,1f815775f890c899
https://courtiark.fr/guides/centraliser-documents-clients-assurance,disque+sitemap,200,https://courtiark.fr/guides/centraliser-documents-clients-assurance,oui,oui,FR,centraliser documents clients,b3668add49c60c5f693b129ea112f8dd,24d4622a74aa88ac
https://courtiark.fr/guides/comment-ne-plus-oublier-relances-courtier,disque+sitemap,200,https://courtiark.fr/guides/comment-ne-plus-oublier-relances-courtier,oui,oui,FR,comment plus oublier,99dc4b9460917679256a46a81d8f4d52,8295c998e48f46d4
https://courtiark.fr/guides/devoir-de-conseil-suivi-dossier,disque+sitemap,200,https://courtiark.fr/guides/devoir-de-conseil-suivi-dossier,oui,oui,FR,devoir conseil assurance,abe541a5cea5e43cf4c04a8b33a4cca0,8f694142c7affb9f
https://courtiark.fr/guides/donnees-clients-assurance-france-suisse,disque+sitemap,200,https://courtiark.fr/guides/donnees-clients-assurance-france-suisse,oui,oui,FR,donne clients assurance,9b24a078dba258c91d8753132cd3a50a,0b59f1c6fa1b4b16
https://courtiark.fr/guides/organiser-cabinet-courtage-25-points,disque+sitemap,200,https://courtiark.fr/guides/organiser-cabinet-courtage-25-points,oui,oui,,,25 points pour organiser un cabinet de courtage | COURTIARK,e775b2072672eb86
https://courtiark.fr/guides/organiser-portefeuille-assurance,disque+sitemap,200,https://courtiark.fr/guides/organiser-portefeuille-assurance,oui,oui,FR,organiser portefeuille assurance,35d73d974e9e91f96af448cf86517b7d,dd8fc38c7a229a0d
https://courtiark.fr/guides/reduire-saisie-manuelle-courtier,disque+sitemap,200,https://courtiark.fr/guides/reduire-saisie-manuelle-courtier,oui,oui,FR,duire saisie manuelle,bebff48275718536a38b8723e85730d9,2b6d1ec5c51e186c
https://courtiark.fr/landing,disque,200,,oui,non,,,COURTIA — CRM intelligent pour courtiers en assurance,acecaecb324c12fa
https://courtiark.fr/logiciel-courtage-assurance,disque+sitemap,200,https://courtiark.fr/logiciel-courtage-assurance,oui,oui,,,"Logiciel de courtage assurance : devis, contrats, commission",6ee0c274d3695b50
https://courtiark.fr/logiciel-courtier-assurance,disque+sitemap,200,https://courtiark.fr/logiciel-courtier-assurance,oui,oui,,,"Logiciel courtier assurance : périmètre, modules et critères",a3988669ca9c52fa
https://courtiark.fr/mentions-legales,disque+sitemap,200,https://courtiark.fr/mentions-legales,oui,oui,FR,mentions gales courtiark,ef8bd34ed3c287a7953d577ad8fec5e0,21883032b9ebf3de
https://courtiark.fr/outils,disque+sitemap,200,https://courtiark.fr/outils,oui,oui,FR,outils gratuits pour,baae1c0198170b8614fbd660f7e462a1,78d41d543761e5ce
https://courtiark.fr/outils/calculateur-productivite-courtier,disque+sitemap,200,https://courtiark.fr/outils/calculateur-productivite-courtier,oui,oui,FR,calculateur charge administrative,9cb89bf73a33b03733177ad553a516ce,2e539c042ede7f51
https://courtiark.fr/outils/calculateur-taux-transformation-assurance,disque+sitemap,200,https://courtiark.fr/outils/calculateur-taux-transformation-assurance,oui,oui,,,Calculateur de taux de transformation — courtier assurance |,279874bcf6ee6164
https://courtiark.fr/outils/checklist-dossier-courtier-assurance,disque+sitemap,200,https://courtiark.fr/outils/checklist-dossier-courtier-assurance,oui,oui,,,Checklist dossier courtier assurance — les points à ne pas m,0336a681c3043580
https://courtiark.fr/outils/checklist-renouvellement-assurance,disque+sitemap,200,https://courtiark.fr/outils/checklist-renouvellement-assurance,oui,oui,,,Checklist renouvellement assurance — préparer une échéance |,c2b298c688d776d1
https://courtiark.fr/securite,disque+sitemap,200,https://courtiark.fr/securite,oui,oui,FR,curite cloisonnement donne,c14c87638c5805377e7fb522ecd7855e,81e788bd0b2d7fee
https://courtiark.fr/sitemaps/assurances.xml,sitemap,200,,oui,oui,,,,
https://courtiark.fr/sitemaps/comparatifs.xml,sitemap,200,,oui,oui,,,,
https://courtiark.fr/sitemaps/core.xml,sitemap,200,,oui,oui,,,,
https://courtiark.fr/sitemaps/features.xml,sitemap,200,,oui,oui,,,,
https://courtiark.fr/sitemaps/france.xml,sitemap,200,,oui,oui,,,,
https://courtiark.fr/sitemaps/resources.xml,sitemap,200,,oui,oui,,,,
https://courtiark.fr/sitemaps/solutions.xml,sitemap,200,,oui,oui,,,,
https://courtiark.fr/sitemaps/switzerland.xml,sitemap,200,,oui,oui,,,,
https://courtiark.fr/sitemaps/tools.xml,sitemap,200,,oui,oui,,,,
https://courtiark.fr/sitemaps/trust.xml,sitemap,200,,oui,oui,,,,
https://courtiark.fr/solutions,disque+sitemap,200,https://courtiark.fr/solutions,oui,oui,FR,solutions type cabinet,cfe176005e35e1007b49cdb80f6b9b41,c8a16f964a0254aa
https://courtiark.fr/solutions/cabinet-courtage-assurance,disque+sitemap,200,https://courtiark.fr/solutions/cabinet-courtage-assurance,oui,oui,FR,courtiark pour cabinet,c6586a28011bf7e27ac10b6695136c1a,8ddbc933f6037aac
https://courtiark.fr/solutions/courtier-assurance-independant,disque+sitemap,200,https://courtiark.fr/solutions/courtier-assurance-independant,oui,oui,FR,courtiark pour courtier,6164513d504b9b8ffb81c59f30611e75,089801053346eccb
https://courtiark.fr/solutions/equipe-commerciale-assurance,disque+sitemap,200,https://courtiark.fr/solutions/equipe-commerciale-assurance,oui,oui,FR,courtiark pour quipe,bacb6a9ede7eb6d25f8edc083faa43d0,79d19a0f36f8087d
https://courtiark.fr/solutions/reseau-courtage,disque+sitemap,200,https://courtiark.fr/solutions/reseau-courtage,oui,oui,FR,courtiark pour seau,540914d1db4fb1af5f10ba7a5a04e200,53bcb9e737619b19
https://courtiark.fr/suisse,disque+sitemap,200,https://courtiark.fr/suisse,oui,oui,CH,courtiark suisse pour,46dbda0555efb3f03806a604fe9f7482,b777e875a0901d34
https://courtiark.fr/suisse/crm-courtier-assurance,disque+sitemap,200,https://courtiark.fr/suisse/crm-courtier-assurance,oui,oui,CH,courtier assurance suisse,4941ba4560d5e12d408b85e0dd6fcc03,13f7bd69348de38f
https://courtiark.fr/suisse/fribourg,disque+sitemap,200,https://courtiark.fr/suisse/fribourg,oui,oui,,,Logiciel courtier assurance Fribourg | CRM pour cabinets | C,2ea97215d321b022
https://courtiark.fr/suisse/geneve,disque+sitemap,200,https://courtiark.fr/suisse/geneve,oui,oui,CH,logiciel courtier assurance,d03473401361e1c94c60d424a699e1ff,1629e46c37fd94ae
https://courtiark.fr/suisse/lausanne,disque+sitemap,200,https://courtiark.fr/suisse/lausanne,oui,oui,CH,logiciel courtier assurance,7201d94f510596181f74df241c15e647,96d5e99106c8179c
https://courtiark.fr/suisse/montreux,disque+sitemap,200,https://courtiark.fr/suisse/montreux,oui,oui,,,Logiciel courtier assurance Montreux | CRM pour cabinets | C,6dd8e9d4d4e368a5
https://courtiark.fr/suisse/neuchatel,disque+sitemap,200,https://courtiark.fr/suisse/neuchatel,oui,oui,,,Logiciel courtier assurance Neuchâtel | CRM pour cabinets | ,db5dd3e4d99cc156
https://courtiark.fr/suisse/nyon,disque+sitemap,200,https://courtiark.fr/suisse/nyon,oui,oui,,,Logiciel courtier assurance Nyon | CRM pour cabinets | COURT,2d6899b5cdbf50ac
https://courtiark.fr/suisse/sion,disque+sitemap,200,https://courtiark.fr/suisse/sion,oui,oui,,,Logiciel courtier assurance Sion | CRM pour cabinets | COURT,0ab0c15ce0b3b425
https://courtiark.fr/suisse/suisse-romande,disque+sitemap,200,https://courtiark.fr/suisse/suisse-romande,oui,oui,,,Logiciel courtier assurance Suisse romande | CRM pour cabine,9074540b2f972631
https://courtiark.fr/suisse/valais,disque+sitemap,200,https://courtiark.fr/suisse/valais,oui,oui,,,Logiciel courtier assurance Canton du Valais | CRM pour cabi,30eb00f66fdf9976
https://courtiark.fr/suisse/vaud,disque+sitemap,200,https://courtiark.fr/suisse/vaud,oui,oui,,,Logiciel courtier assurance Canton de Vaud | CRM pour cabine,a8a4f523334f3f52
https://courtiark.fr/suisse/vevey,disque+sitemap,200,https://courtiark.fr/suisse/vevey,oui,oui,,,Logiciel courtier assurance Vevey | CRM pour cabinets | COUR,404fea2af774e220
https://courtiark.fr/tarifs,disque+sitemap,200,https://courtiark.fr/tarifs,oui,oui,,,"Tarifs COURTIARK — CRM courtier assurance, France et Suisse",3ec5bfb14d1f56b2
