url,source_discovery,current_http_status,current_title,current_canonical,current_robots,in_current_sitemap,exists_in_current_site,google_status,legacy_pattern,topic,closest_current_url,recommended_action,confidence,notes
https://courtiark.fr/ch,fichier statique du depot,308,Logiciel et CRM pour courtiers d'assurance en Suisse — COURTIA,https://courtiark.fr/ch,"index, follow, max-image-preview:large",non,oui,"indexee (historique, d'apres le rapport Search Console)",/ch/*,ancien hub,https://courtiark.fr/suisse,REDIRECT_308,haute,redirection deja en place
https://courtiark.fr/ch/automatisation-courtier-assurance-suisse,fichier statique du depot,200,"Automatisation pour courtiers suisses : échéances, pièces, commissions — COURTIA",https://courtiark.fr/ch/automatisation-courtier-assurance-suisse,"index, follow",non,oui,"indexee (historique, d'apres le rapport Search Console)",/ch/*,doublon semantique de l'ancien plan,https://courtiark.fr/automatisation-courtier-assurance,REDIRECT_308,haute,"correspondance par sujet, a confirmer si le contenu diverge"
https://courtiark.fr/ch/conformite-intermediaire-assurance-lsa-finma,fichier statique du depot,200,Conformité courtier d'assurance en Suisse : obligations LSA et FINMA,https://courtiark.fr/ch/conformite-intermediaire-assurance-lsa-finma,"index, follow, max-image-preview:large",non,oui,"indexee (historique, d'apres le rapport Search Console)",/ch/*,doublon semantique de l'ancien plan,https://courtiark.fr/guides/devoir-de-conseil-suivi-dossier,REDIRECT_308,moyenne,"correspondance par sujet, a confirmer si le contenu diverge"
https://courtiark.fr/ch/crm-courtier-assurance-suisse,fichier statique du depot,308,CRM pour courtier d'assurance en Suisse : le dossier client 360° — COURTIA,https://courtiark.fr/ch/crm-courtier-assurance-suisse,"index, follow, max-image-preview:large",non,oui,"indexee (historique, d'apres le rapport Search Console)",/ch/*,doublon semantique de l'ancien plan,https://courtiark.fr/suisse,REDIRECT_308,moyenne,"correspondance par sujet, a confirmer si le contenu diverge"
https://courtiark.fr/ch/gestion-cabinet-courtage-suisse,fichier statique du depot,200,Gestion d&#x27;un cabinet de courtage en Suisse — COURTIA,https://courtiark.fr/ch/gestion-cabinet-courtage-suisse,"index, follow",non,oui,"indexee (historique, d'apres le rapport Search Console)",/ch/*,doublon semantique de l'ancien plan,https://courtiark.fr/suisse,REDIRECT_308,moyenne,"correspondance par sujet, a confirmer si le contenu diverge"
https://courtiark.fr/ch/gestion-commissions-courtier-assurance-suisse,fichier statique du depot,200,Gestion des commissions d'un courtier d'assurance en Suisse — COURTIA,https://courtiark.fr/ch/gestion-commissions-courtier-assurance-suisse,"index, follow, max-image-preview:large",non,oui,"indexee (historique, d'apres le rapport Search Console)",/ch/*,doublon semantique de l'ancien plan,https://courtiark.fr/crm-courtier-assurance,REDIRECT_308,moyenne,"correspondance par sujet, a confirmer si le contenu diverge"
https://courtiark.fr/ch/gestion-documentaire-courtier-assurance-suisse,fichier statique du depot,308,Gestion documentaire d&#x27;un courtier suisse : pièces et traçabilité — COURTIA,https://courtiark.fr/ch/gestion-documentaire-courtier-assurance-suisse,"index, follow",non,oui,"indexee (historique, d'apres le rapport Search Console)",/ch/*,doublon semantique de l'ancien plan,https://courtiark.fr/fonctionnalites/gestion-documents-assurance,REDIRECT_308,haute,"correspondance par sujet, a confirmer si le contenu diverge"
https://courtiark.fr/ch/gestion-portefeuille-assurance-suisse,fichier statique du depot,308,Gestion de portefeuille d'assurance en Suisse — contrats et échéances | COURTIA,https://courtiark.fr/ch/gestion-portefeuille-assurance-suisse,"index, follow, max-image-preview:large",non,oui,"indexee (historique, d'apres le rapport Search Console)",/ch/*,doublon semantique de l'ancien plan,https://courtiark.fr/fonctionnalites/gestion-portefeuille-assurance,REDIRECT_308,haute,"correspondance par sujet, a confirmer si le contenu diverge"
https://courtiark.fr/ch/glossaire,fichier statique du depot,308,Glossaire suisse du courtage d&#x27;assurance — COURTIA,https://courtiark.fr/ch/glossaire,"index, follow",non,oui,"indexee (historique, d'apres le rapport Search Console)",/ch/*,doublon semantique de l'ancien plan,https://courtiark.fr/glossaire,REDIRECT_308,haute,"correspondance par sujet, a confirmer si le contenu diverge"
https://courtiark.fr/ch/ia-courtier-assurance-suisse,fichier statique du depot,200,"IA pour courtier d'assurance en Suisse — ARK, l'assistance de COURTIA",https://courtiark.fr/ch/ia-courtier-assurance-suisse,"index, follow, max-image-preview:large",non,oui,"indexee (historique, d'apres le rapport Search Console)",/ch/*,doublon semantique de l'ancien plan,https://courtiark.fr/fonctionnalites/assistant-ark,REDIRECT_308,moyenne,"correspondance par sujet, a confirmer si le contenu diverge"
https://courtiark.fr/ch/import-portefeuille-courtier-assurance-suisse,fichier statique du depot,200,Changer de logiciel de courtage en Suisse : reprendre son portefeuille — COURTIA,https://courtiark.fr/ch/import-portefeuille-courtier-assurance-suisse,"index, follow",non,oui,"indexee (historique, d'apres le rapport Search Console)",/ch/*,doublon semantique de l'ancien plan,https://courtiark.fr/fonctionnalites/gestion-portefeuille-assurance,REDIRECT_308,haute,"correspondance par sujet, a confirmer si le contenu diverge"
https://courtiark.fr/ch/logiciel-courtier-assurance-suisse,fichier statique du depot,308,"Logiciel courtier assurance Suisse : dossier client, LSA, CHF — COURTIA",https://courtiark.fr/ch/logiciel-courtier-assurance-suisse,"index, follow",non,oui,"indexee (historique, d'apres le rapport Search Console)",/ch/*,doublon semantique de l'ancien plan,https://courtiark.fr/suisse,REDIRECT_308,moyenne,"correspondance par sujet, a confirmer si le contenu diverge"
https://courtiark.fr/ch/logiciel-devis-courtier-assurance-suisse,fichier statique du depot,308,Devis d'assurance en Suisse : produire et suivre ses propositions — COURTIA,https://courtiark.fr/ch/logiciel-devis-courtier-assurance-suisse,"index, follow, max-image-preview:large",non,oui,"indexee (historique, d'apres le rapport Search Console)",/ch/*,doublon semantique de l'ancien plan,https://courtiark.fr/fonctionnalites/relance-devis-assurance,REDIRECT_308,haute,"correspondance par sujet, a confirmer si le contenu diverge"
https://courtiark.fr/ch/logiciel-intermediaire-assurance-suisse,fichier statique du depot,308,Logiciel pour intermédiaire d&#x27;assurance en Suisse — COURTIA,https://courtiark.fr/ch/logiciel-intermediaire-assurance-suisse,"index, follow",non,oui,"indexee (historique, d'apres le rapport Search Console)",/ch/*,doublon semantique de l'ancien plan,https://courtiark.fr/suisse,REDIRECT_308,moyenne,"correspondance par sujet, a confirmer si le contenu diverge"
https://courtiark.fr/ch/logiciel-prospection-courtier-assurance-suisse,fichier statique du depot,200,Logiciel de prospection pour courtier d'assurance en Suisse — COURTIA,https://courtiark.fr/ch/logiciel-prospection-courtier-assurance-suisse,"index, follow, max-image-preview:large",non,oui,"indexee (historique, d'apres le rapport Search Console)",/ch/*,doublon semantique de l'ancien plan,https://courtiark.fr/fonctionnalites/prospection-assurance,REDIRECT_308,haute,"correspondance par sujet, a confirmer si le contenu diverge"
https://courtiark.fr/ch/nlpd-courtier-assurance,fichier statique du depot,200,Données personnelles d&#x27;un courtier suisse : ce que la nLPD change — COURTIA,https://courtiark.fr/ch/nlpd-courtier-assurance,"index, follow",non,oui,"indexee (historique, d'apres le rapport Search Console)",/ch/*,doublon semantique de l'ancien plan,https://courtiark.fr/guides/donnees-clients-assurance-france-suisse,REDIRECT_308,haute,"correspondance par sujet, a confirmer si le contenu diverge"
https://courtiark.fr/ch/outils/calculateur-temps-administratif-suisse,fichier statique du depot,308,Calculateur du temps administratif en Suisse (CHF) — COURTIA,https://courtiark.fr/ch/outils/calculateur-temps-administratif-suisse,"index, follow",non,oui,"indexee (historique, d'apres le rapport Search Console)",/ch/*,doublon semantique de l'ancien plan,https://courtiark.fr/outils/calculateur-productivite-courtier,REDIRECT_308,moyenne,"correspondance par sujet, a confirmer si le contenu diverge"
https://courtiark.fr/ch/partenaires-apporteurs-courtier-assurance-suisse,fichier statique du depot,200,Partenaires et apporteurs d&#x27;un cabinet suisse — COURTIA,https://courtiark.fr/ch/partenaires-apporteurs-courtier-assurance-suisse,"index, follow",non,oui,"indexee (historique, d'apres le rapport Search Console)",/ch/*,doublon semantique de l'ancien plan,https://courtiark.fr/suisse,REDIRECT_308,moyenne,"correspondance par sujet, a confirmer si le contenu diverge"
https://courtiark.fr/ch/portail-client-assurance-suisse,fichier statique du depot,200,Dépôt de pièces par le preneur d&#x27;assurance en Suisse — COURTIA,https://courtiark.fr/ch/portail-client-assurance-suisse,"index, follow",non,oui,"indexee (historique, d'apres le rapport Search Console)",/ch/*,doublon semantique de l'ancien plan,https://courtiark.fr/fonctionnalites/gestion-clients,REDIRECT_308,haute,"correspondance par sujet, a confirmer si le contenu diverge"
https://courtiark.fr/ch/relances-courtier-assurance-suisse,fichier statique du depot,308,Relances et tâches pour courtier d'assurance en Suisse — COURTIA,https://courtiark.fr/ch/relances-courtier-assurance-suisse,"index, follow, max-image-preview:large",non,oui,"indexee (historique, d'apres le rapport Search Console)",/ch/*,doublon semantique de l'ancien plan,https://courtiark.fr/fonctionnalites/relance-devis-assurance,REDIRECT_308,haute,"correspondance par sujet, a confirmer si le contenu diverge"
https://courtiark.fr/ch/reporting-pilotage-courtier-assurance-suisse,fichier statique du depot,200,Pilotage d&#x27;un cabinet de courtage suisse : indicateurs utiles — COURTIA,https://courtiark.fr/ch/reporting-pilotage-courtier-assurance-suisse,"index, follow",non,oui,"indexee (historique, d'apres le rapport Search Console)",/ch/*,doublon semantique de l'ancien plan,https://courtiark.fr/fonctionnalites/reporting-courtier,REDIRECT_308,haute,"correspondance par sujet, a confirmer si le contenu diverge"
https://courtiark.fr/ch/sinistres-courtier-assurance-suisse,fichier statique du depot,200,Suivre un sinistre en Suisse — COURTIA,https://courtiark.fr/ch/sinistres-courtier-assurance-suisse,"index, follow",non,oui,"indexee (historique, d'apres le rapport Search Console)",/ch/*,doublon semantique de l'ancien plan,https://courtiark.fr/crm-courtier-assurance,REDIRECT_308,faible,"correspondance par sujet, a confirmer si le contenu diverge"
https://courtiark.fr/ch/tarifs-logiciel-courtier-chf,fichier statique du depot,308,Tarifs en CHF d'un logiciel de courtage d'assurance en Suisse — COURTIA,https://courtiark.fr/ch/tarifs-logiciel-courtier-chf,"index, follow, max-image-preview:large",non,oui,"indexee (historique, d'apres le rapport Search Console)",/ch/*,doublon semantique de l'ancien plan,https://courtiark.fr/tarifs,REDIRECT_308,haute,"correspondance par sujet, a confirmer si le contenu diverge"
https://courtiark.fr/ch/workflows-courtier-assurance-suisse,fichier statique du depot,200,Processus pour courtiers en Suisse — COURTIA,https://courtiark.fr/ch/workflows-courtier-assurance-suisse,"index, follow",non,oui,"indexee (historique, d'apres le rapport Search Console)",/ch/*,doublon semantique de l'ancien plan,https://courtiark.fr/automatisation-courtier-assurance,REDIRECT_308,moyenne,"correspondance par sujet, a confirmer si le contenu diverge"
https://courtiark.fr/fr,fichier statique du depot,308,Logiciel et CRM pour courtiers d'assurance en France — COURTIA,https://courtiark.fr/fr,"index, follow, max-image-preview:large",non,oui,"indexee (historique, d'apres le rapport Search Console)",/fr/*,ancien hub,https://courtiark.fr/france,REDIRECT_308,haute,redirection deja en place
https://courtiark.fr/fr/alternative-courtigo,fichier statique du depot,308,Alternative à CourtiGo : pourquoi les courtiers passent à COURTIA · courtiark.fr,https://courtiark.fr/fr/alternative-courtigo,"index, follow, max-image-preview:large",non,oui,"indexee (historique, d'apres le rapport Search Console)",/fr/*,doublon semantique de l'ancien plan,https://courtiark.fr/comparatifs/crm-assurance-vs-crm-generaliste,REDIRECT_308,moyenne,"correspondance par sujet, a confirmer si le contenu diverge"
https://courtiark.fr/fr/alternative-kase,fichier statique du depot,308,Alternative à Kase : pourquoi les courtiers passent à COURTIA · courtiark.fr,https://courtiark.fr/fr/alternative-kase,"index, follow, max-image-preview:large",non,oui,"indexee (historique, d'apres le rapport Search Console)",/fr/*,doublon semantique de l'ancien plan,https://courtiark.fr/comparatifs/crm-assurance-vs-crm-generaliste,REDIRECT_308,moyenne,"correspondance par sujet, a confirmer si le contenu diverge"
https://courtiark.fr/fr/alternative-lya,fichier statique du depot,308,Alternative à Lya : pourquoi les courtiers passent à COURTIA · courtiark.fr,https://courtiark.fr/fr/alternative-lya,"index, follow, max-image-preview:large",non,oui,"indexee (historique, d'apres le rapport Search Console)",/fr/*,doublon semantique de l'ancien plan,https://courtiark.fr/comparatifs/crm-assurance-vs-crm-generaliste,REDIRECT_308,moyenne,"correspondance par sujet, a confirmer si le contenu diverge"
https://courtiark.fr/fr/alternative-oggo-data,fichier statique du depot,308,Alternative à Oggo Data : pourquoi les courtiers passent à COURTIA,https://courtiark.fr/fr/alternative-oggo-data,"index, follow, max-image-preview:large",non,oui,"indexee (historique, d'apres le rapport Search Console)",/fr/*,doublon semantique de l'ancien plan,https://courtiark.fr/comparatifs/crm-assurance-vs-crm-generaliste,REDIRECT_308,moyenne,"correspondance par sujet, a confirmer si le contenu diverge"
https://courtiark.fr/fr/automatisation-courtier-assurance,fichier statique du depot,308,"Automatisation courtier assurance : relances, tâches et documents — COURTIA",https://courtiark.fr/fr/automatisation-courtier-assurance,"index, follow",non,oui,"indexee (historique, d'apres le rapport Search Console)",/fr/*,doublon semantique de l'ancien plan,https://courtiark.fr/automatisation-courtier-assurance,REDIRECT_308,haute,"correspondance par sujet, a confirmer si le contenu diverge"
https://courtiark.fr/fr/cartographie-courtiers-assurance-france,fichier statique du depot,200,Cartographie des courtiers d&#x27;assurance en France : les chiffres SIRENE,https://courtiark.fr/fr/cartographie-courtiers-assurance-france,"index, follow",non,oui,"indexee (historique, d'apres le rapport Search Console)",/fr/*,doublon semantique de l'ancien plan,https://courtiark.fr/france,REDIRECT_308,moyenne,"correspondance par sujet, a confirmer si le contenu diverge"
https://courtiark.fr/fr/checklists,fichier statique du depot,200,Checklists pour cabinet de courtage — COURTIA,https://courtiark.fr/fr/checklists,"index, follow",non,oui,"indexee (historique, d'apres le rapport Search Console)",/fr/*,doublon semantique de l'ancien plan,https://courtiark.fr/outils/checklist-dossier-courtier-assurance,REDIRECT_308,moyenne,"correspondance par sujet, a confirmer si le contenu diverge"
https://courtiark.fr/fr/checklists/collecte-documentaire,fichier statique du depot,200,Checklist : collecte documentaire — COURTIA,https://courtiark.fr/fr/checklists/collecte-documentaire,"index, follow",non,oui,"indexee (historique, d'apres le rapport Search Console)",/fr/*,doublon semantique de l'ancien plan,https://courtiark.fr/fonctionnalites/gestion-documents-assurance,REDIRECT_308,haute,"correspondance par sujet, a confirmer si le contenu diverge"
https://courtiark.fr/fr/checklists/onboarding-client,fichier statique du depot,200,Checklist : onboarding d&#x27;un client signé — COURTIA,https://courtiark.fr/fr/checklists/onboarding-client,"index, follow",non,oui,"indexee (historique, d'apres le rapport Search Console)",/fr/*,doublon semantique de l'ancien plan,https://courtiark.fr/fonctionnalites/gestion-clients,REDIRECT_308,haute,"correspondance par sujet, a confirmer si le contenu diverge"
https://courtiark.fr/fr/checklists/organisation-cabinet,fichier statique du depot,200,Checklist : organisation du cabinet — COURTIA,https://courtiark.fr/fr/checklists/organisation-cabinet,"index, follow",non,oui,"indexee (historique, d'apres le rapport Search Console)",/fr/*,doublon semantique de l'ancien plan,https://courtiark.fr/outils/checklist-dossier-courtier-assurance,REDIRECT_308,moyenne,"correspondance par sujet, a confirmer si le contenu diverge"
https://courtiark.fr/fr/checklists/preparation-audit,fichier statique du depot,200,Checklist : préparer un contrôle dans un cabinet de courtage — COURTIA,https://courtiark.fr/fr/checklists/preparation-audit,"index, follow",non,oui,"indexee (historique, d'apres le rapport Search Console)",/fr/*,doublon semantique de l'ancien plan,https://courtiark.fr/outils/checklist-dossier-courtier-assurance,REDIRECT_308,moyenne,"correspondance par sujet, a confirmer si le contenu diverge"
https://courtiark.fr/fr/checklists/renouvellement,fichier statique du depot,200,Checklist : renouvellement d&#x27;un contrat — COURTIA,https://courtiark.fr/fr/checklists/renouvellement,"index, follow",non,oui,"indexee (historique, d'apres le rapport Search Console)",/fr/*,doublon semantique de l'ancien plan,https://courtiark.fr/fonctionnalites/renouvellements-assurance,REDIRECT_308,haute,"correspondance par sujet, a confirmer si le contenu diverge"
https://courtiark.fr/fr/checklists/suivi-sinistre,fichier statique du depot,200,Checklist : suivi d&#x27;un sinistre — COURTIA,https://courtiark.fr/fr/checklists/suivi-sinistre,"index, follow",non,oui,"indexee (historique, d'apres le rapport Search Console)",/fr/*,doublon semantique de l'ancien plan,https://courtiark.fr/crm-courtier-assurance,REDIRECT_308,faible,"correspondance par sujet, a confirmer si le contenu diverge"
https://courtiark.fr/fr/comparateur-assurance-courtier,fichier statique du depot,308,"Comparateur pour courtier d&#x27;assurance : comparer des propositions, pas des",https://courtiark.fr/fr/comparateur-assurance-courtier,"index, follow",non,oui,"indexee (historique, d'apres le rapport Search Console)",/fr/*,page heritee sans correspondance identifiable,https://courtiark.fr/fonctionnalites/comparateur-devis-assurance,RESTORE,faible,"intention commerciale, aucune page equivalente, fonctionnalite reelle : page restauree"
https://courtiark.fr/fr/comparatif/automatisation-vs-gestion-manuelle,fichier statique du depot,200,Automatiser ou continuer à la main : la frontière utile — COURTIA,https://courtiark.fr/fr/comparatif/automatisation-vs-gestion-manuelle,"index, follow",non,oui,"indexee (historique, d'apres le rapport Search Console)",/fr/*,doublon semantique de l'ancien plan,https://courtiark.fr/automatisation-courtier-assurance,REDIRECT_308,haute,"correspondance par sujet, a confirmer si le contenu diverge"
https://courtiark.fr/fr/comparatif/crm-courtier-vs-excel,fichier statique du depot,308,CRM courtier ou Excel : ce que le tableur ne peut pas tenir — COURTIA,https://courtiark.fr/fr/comparatif/crm-courtier-vs-excel,"index, follow",non,oui,"indexee (historique, d'apres le rapport Search Console)",/fr/*,doublon semantique de l'ancien plan,https://courtiark.fr/comparatifs/crm-assurance-vs-crm-generaliste,REDIRECT_308,haute,"correspondance par sujet, a confirmer si le contenu diverge"
https://courtiark.fr/fr/comparatif/crm-specialise-vs-crm-generaliste,fichier statique du depot,308,CRM spécialisé courtage ou CRM généraliste : ce qui change — COURTIA,https://courtiark.fr/fr/comparatif/crm-specialise-vs-crm-generaliste,"index, follow",non,oui,"indexee (historique, d'apres le rapport Search Console)",/fr/*,doublon semantique de l'ancien plan,https://courtiark.fr/comparatifs/crm-assurance-vs-crm-generaliste,REDIRECT_308,haute,"correspondance par sujet, a confirmer si le contenu diverge"
https://courtiark.fr/fr/conformite-courtier-assurance,fichier statique du depot,200,"Conformité du cabinet de courtage : DDA, KYC, mandats — COURTIA",https://courtiark.fr/fr/conformite-courtier-assurance,"index, follow",non,oui,"indexee (historique, d'apres le rapport Search Console)",/fr/*,doublon semantique de l'ancien plan,https://courtiark.fr/guides/devoir-de-conseil-suivi-dossier,REDIRECT_308,moyenne,"correspondance par sujet, a confirmer si le contenu diverge"
https://courtiark.fr/fr/courtia-logiciel-courtage-assurance,fichier statique du depot,308,COURTIA : le logiciel de gestion pour courtiers en assurance — éditeur,https://courtiark.fr/fr/courtia-logiciel-courtage-assurance,"index, follow",non,oui,"indexee (historique, d'apres le rapport Search Console)",/fr/*,doublon semantique de l'ancien plan,https://courtiark.fr/fonctionnalites/assistant-ark,REDIRECT_308,moyenne,"correspondance par sujet, a confirmer si le contenu diverge"
https://courtiark.fr/fr/crm-courtier-assurance,fichier statique du depot,308,"CRM courtier assurance : centraliser clients, contrats et relances — COURTIA",https://courtiark.fr/fr/crm-courtier-assurance,"index, follow",non,oui,"indexee (historique, d'apres le rapport Search Console)",/fr/*,doublon semantique de l'ancien plan,https://courtiark.fr/crm-courtier-assurance,REDIRECT_308,haute,"correspondance par sujet, a confirmer si le contenu diverge"
https://courtiark.fr/fr/demo-et-essai-gratuit,fichier statique du depot,308,Voir COURTIA : démonstration publique et essai gratuit — COURTIA,https://courtiark.fr/fr/demo-et-essai-gratuit,"index, follow",non,oui,"indexee (historique, d'apres le rapport Search Console)",/fr/*,page heritee sans correspondance identifiable,https://courtiark.fr/demo,REDIRECT_308,faible,equivalent actuel exact
https://courtiark.fr/fr/densite-courtage-grandes-villes-france,fichier statique du depot,200,Densité du courtage dans les grandes villes de France (données sourcées),https://courtiark.fr/fr/densite-courtage-grandes-villes-france,"index, follow",non,oui,"indexee (historique, d'apres le rapport Search Console)",/fr/*,page heritee sans correspondance identifiable,https://courtiark.fr/france/densite-courtage,RESTORE,faible,"actif de donnees unique (SIRENE) : page restauree, chiffres recalcules a chaque build"
https://courtiark.fr/fr/dicter-compte-rendu-appel-assurance,fichier statique du depot,200,Dicter un compte rendu d&#x27;appel et préremplir la fiche — COURTIA,https://courtiark.fr/fr/dicter-compte-rendu-appel-assurance,"index, follow",non,oui,"indexee (historique, d'apres le rapport Search Console)",/fr/*,doublon semantique de l'ancien plan,https://courtiark.fr/fonctionnalites/compte-rendu-clients,REDIRECT_308,haute,"correspondance par sujet, a confirmer si le contenu diverge"
https://courtiark.fr/fr/evaluer-crm-courtier-assurance,fichier statique du depot,308,Comment évaluer un CRM pour courtier en assurance — COURTIA,https://courtiark.fr/fr/evaluer-crm-courtier-assurance,"index, follow",non,oui,"indexee (historique, d'apres le rapport Search Console)",/fr/*,doublon semantique de l'ancien plan,https://courtiark.fr/crm-courtier-assurance,REDIRECT_308,haute,"correspondance par sujet, a confirmer si le contenu diverge"
https://courtiark.fr/fr/formation-equipe-courtier-assurance,fichier statique du depot,200,Former son équipe de courtage dans l&#x27;outil — COURTIA,https://courtiark.fr/fr/formation-equipe-courtier-assurance,"index, follow",non,oui,"indexee (historique, d'apres le rapport Search Console)",/fr/*,contenu unique sans equivalent,,KEEP,faible,page conservee : pas d'equivalent dans l'architecture actuelle
https://courtiark.fr/fr/gagner-du-temps-courtier-assurance,fichier statique du depot,200,Gagner du temps en cabinet de courtage : où le temps se perd vraiment — COURTIA,https://courtiark.fr/fr/gagner-du-temps-courtier-assurance,"index, follow",non,oui,"indexee (historique, d'apres le rapport Search Console)",/fr/*,doublon semantique de l'ancien plan,https://courtiark.fr/automatisation-courtier-assurance,REDIRECT_308,moyenne,"correspondance par sujet, a confirmer si le contenu diverge"
https://courtiark.fr/fr/gain-de-temps/commissions-et-pilotage,fichier statique du depot,200,Commissions et pilotage — gagner du temps au cabinet,https://courtiark.fr/fr/gain-de-temps/commissions-et-pilotage,"index, follow",non,oui,"indexee (historique, d'apres le rapport Search Console)",/fr/*,doublon semantique de l'ancien plan,https://courtiark.fr/crm-courtier-assurance,REDIRECT_308,moyenne,"correspondance par sujet, a confirmer si le contenu diverge"
https://courtiark.fr/fr/gain-de-temps/documents-et-pieces,fichier statique du depot,200,"Documents et pièces : collecter, classer, exploiter — gagner du temps",https://courtiark.fr/fr/gain-de-temps/documents-et-pieces,"index, follow",non,oui,"indexee (historique, d'apres le rapport Search Console)",/fr/*,doublon semantique de l'ancien plan,https://courtiark.fr/fonctionnalites/gestion-documents-assurance,REDIRECT_308,haute,"correspondance par sujet, a confirmer si le contenu diverge"
https://courtiark.fr/fr/gain-de-temps/relances-et-suivi-client,fichier statique du depot,200,Relances et suivi client — gagner du temps au cabinet,https://courtiark.fr/fr/gain-de-temps/relances-et-suivi-client,"index, follow",non,oui,"indexee (historique, d'apres le rapport Search Console)",/fr/*,doublon semantique de l'ancien plan,https://courtiark.fr/fonctionnalites/relance-devis-assurance,REDIRECT_308,haute,"correspondance par sujet, a confirmer si le contenu diverge"
https://courtiark.fr/fr/gain-de-temps/renouvellements-et-echeances,fichier statique du depot,200,Renouvellements et échéances — gagner du temps au cabinet,https://courtiark.fr/fr/gain-de-temps/renouvellements-et-echeances,"index, follow",non,oui,"indexee (historique, d'apres le rapport Search Console)",/fr/*,doublon semantique de l'ancien plan,https://courtiark.fr/fonctionnalites/renouvellements-assurance,REDIRECT_308,haute,"correspondance par sujet, a confirmer si le contenu diverge"
https://courtiark.fr/fr/gain-de-temps/sinistres-et-conformite,fichier statique du depot,200,Sinistres et conformité — gagner du temps au cabinet,https://courtiark.fr/fr/gain-de-temps/sinistres-et-conformite,"index, follow",non,oui,"indexee (historique, d'apres le rapport Search Console)",/fr/*,doublon semantique de l'ancien plan,https://courtiark.fr/crm-courtier-assurance,REDIRECT_308,faible,"correspondance par sujet, a confirmer si le contenu diverge"
https://courtiark.fr/fr/gain-de-temps/temps-administratif-et-double-saisie,fichier statique du depot,200,Temps administratif et double saisie — gagner du temps au cabinet,https://courtiark.fr/fr/gain-de-temps/temps-administratif-et-double-saisie,"index, follow",non,oui,"indexee (historique, d'apres le rapport Search Console)",/fr/*,doublon semantique de l'ancien plan,https://courtiark.fr/automatisation-courtier-assurance,REDIRECT_308,moyenne,"correspondance par sujet, a confirmer si le contenu diverge"
https://courtiark.fr/fr/gestion-commissions-courtier-assurance,fichier statique du depot,308,Gestion des commissions d&#x27;un cabinet de courtage — COURTIA,https://courtiark.fr/fr/gestion-commissions-courtier-assurance,"index, follow",non,oui,"indexee (historique, d'apres le rapport Search Console)",/fr/*,doublon semantique de l'ancien plan,https://courtiark.fr/crm-courtier-assurance,REDIRECT_308,moyenne,"correspondance par sujet, a confirmer si le contenu diverge"
https://courtiark.fr/fr/gestion-documentaire-courtier-assurance,fichier statique du depot,308,"Gestion documentaire du courtier : pièces, documents, traçabilité — COURTIA",https://courtiark.fr/fr/gestion-documentaire-courtier-assurance,"index, follow",non,oui,"indexee (historique, d'apres le rapport Search Console)",/fr/*,doublon semantique de l'ancien plan,https://courtiark.fr/fonctionnalites/gestion-documents-assurance,REDIRECT_308,haute,"correspondance par sujet, a confirmer si le contenu diverge"
https://courtiark.fr/fr/gestion-portefeuille-courtier,fichier statique du depot,308,"Gestion de portefeuille courtier : contrats, échéances, renouvellements —",https://courtiark.fr/fr/gestion-portefeuille-courtier,"index, follow",non,oui,"indexee (historique, d'apres le rapport Search Console)",/fr/*,doublon semantique de l'ancien plan,https://courtiark.fr/fonctionnalites/gestion-portefeuille-assurance,REDIRECT_308,haute,"correspondance par sujet, a confirmer si le contenu diverge"
https://courtiark.fr/fr/gestion-prospects-clients-courtier-assurance,fichier statique du depot,200,Gérer prospects et clients dans un cabinet de courtage — COURTIA,https://courtiark.fr/fr/gestion-prospects-clients-courtier-assurance,"index, follow",non,oui,"indexee (historique, d'apres le rapport Search Console)",/fr/*,doublon semantique de l'ancien plan,https://courtiark.fr/fonctionnalites/prospection-assurance,REDIRECT_308,haute,"correspondance par sujet, a confirmer si le contenu diverge"
https://courtiark.fr/fr/gestion-taches-cabinet-courtage,fichier statique du depot,200,Gestion des tâches d&#x27;un cabinet de courtage — COURTIA,https://courtiark.fr/fr/gestion-taches-cabinet-courtage,"index, follow",non,oui,"indexee (historique, d'apres le rapport Search Console)",/fr/*,doublon semantique de l'ancien plan,https://courtiark.fr/automatisation-courtier-assurance,REDIRECT_308,moyenne,"correspondance par sujet, a confirmer si le contenu diverge"
https://courtiark.fr/fr/glossaire,fichier statique du depot,308,Glossaire du courtage d&#x27;assurance — COURTIA,https://courtiark.fr/fr/glossaire,"index, follow",non,oui,"indexee (historique, d'apres le rapport Search Console)",/fr/*,doublon semantique de l'ancien plan,https://courtiark.fr/glossaire,REDIRECT_308,haute,"correspondance par sujet, a confirmer si le contenu diverge"
https://courtiark.fr/fr/glossaire/commissions,fichier statique du depot,308,Commission de courtage : définition et usage en cabinet — COURTIA,https://courtiark.fr/fr/glossaire/commissions,"index, follow",non,oui,"indexee (historique, d'apres le rapport Search Console)",/fr/*,doublon semantique de l'ancien plan,https://courtiark.fr/crm-courtier-assurance,REDIRECT_308,moyenne,"correspondance par sujet, a confirmer si le contenu diverge"
https://courtiark.fr/fr/glossaire/courtier-assurance,fichier statique du depot,308,Courtier d&#x27;assurance : définition et usage en cabinet — COURTIA,https://courtiark.fr/fr/glossaire/courtier-assurance,"index, follow",non,oui,"indexee (historique, d'apres le rapport Search Console)",/fr/*,doublon semantique de l'ancien plan,https://courtiark.fr/glossaire,REDIRECT_308,haute,"correspondance par sujet, a confirmer si le contenu diverge"
https://courtiark.fr/fr/glossaire/dda,fichier statique du depot,308,DDA (directive sur la distribution d&#x27;assurances) : définition et usage en —,https://courtiark.fr/fr/glossaire/dda,"index, follow",non,oui,"indexee (historique, d'apres le rapport Search Console)",/fr/*,doublon semantique de l'ancien plan,https://courtiark.fr/guides/devoir-de-conseil-suivi-dossier,REDIRECT_308,haute,"correspondance par sujet, a confirmer si le contenu diverge"
https://courtiark.fr/fr/glossaire/devoir-de-conseil,fichier statique du depot,308,Devoir de conseil : définition et usage en cabinet — COURTIA,https://courtiark.fr/fr/glossaire/devoir-de-conseil,"index, follow",non,oui,"indexee (historique, d'apres le rapport Search Console)",/fr/*,doublon semantique de l'ancien plan,https://courtiark.fr/glossaire,REDIRECT_308,haute,"correspondance par sujet, a confirmer si le contenu diverge"
https://courtiark.fr/fr/glossaire/echeance-contrat,fichier statique du depot,308,Échéance de contrat : définition et usage en cabinet — COURTIA,https://courtiark.fr/fr/glossaire/echeance-contrat,"index, follow",non,oui,"indexee (historique, d'apres le rapport Search Console)",/fr/*,doublon semantique de l'ancien plan,https://courtiark.fr/fonctionnalites/renouvellements-assurance,REDIRECT_308,moyenne,"correspondance par sujet, a confirmer si le contenu diverge"
https://courtiark.fr/fr/glossaire/finma,fichier statique du depot,308,FINMA (Suisse) : définition et usage en cabinet — COURTIA,https://courtiark.fr/fr/glossaire/finma,"index, follow",non,oui,"indexee (historique, d'apres le rapport Search Console)",/fr/*,doublon semantique de l'ancien plan,https://courtiark.fr/suisse,REDIRECT_308,haute,"correspondance par sujet, a confirmer si le contenu diverge"
https://courtiark.fr/fr/glossaire/intermediaire-assurance,fichier statique du depot,308,Intermédiaire d&#x27;assurance (Suisse) : définition et usage en cabinet — COURTIA,https://courtiark.fr/fr/glossaire/intermediaire-assurance,"index, follow",non,oui,"indexee (historique, d'apres le rapport Search Console)",/fr/*,doublon semantique de l'ancien plan,https://courtiark.fr/glossaire,REDIRECT_308,haute,"correspondance par sujet, a confirmer si le contenu diverge"
https://courtiark.fr/fr/glossaire/logiciel-courtier,fichier statique du depot,308,Logiciel de courtier (CRM de courtage) : définition et usage en cabinet —,https://courtiark.fr/fr/glossaire/logiciel-courtier,"index, follow",non,oui,"indexee (historique, d'apres le rapport Search Console)",/fr/*,doublon semantique de l'ancien plan,https://courtiark.fr/glossaire,REDIRECT_308,haute,"correspondance par sujet, a confirmer si le contenu diverge"
https://courtiark.fr/fr/glossaire/nlpd,fichier statique du depot,308,nLPD (Suisse) : définition et usage en cabinet — COURTIA,https://courtiark.fr/fr/glossaire/nlpd,"index, follow",non,oui,"indexee (historique, d'apres le rapport Search Console)",/fr/*,doublon semantique de l'ancien plan,https://courtiark.fr/guides/donnees-clients-assurance-france-suisse,REDIRECT_308,haute,"correspondance par sujet, a confirmer si le contenu diverge"
https://courtiark.fr/fr/glossaire/onboarding-client,fichier statique du depot,308,Onboarding client : définition et usage en cabinet — COURTIA,https://courtiark.fr/fr/glossaire/onboarding-client,"index, follow",non,oui,"indexee (historique, d'apres le rapport Search Console)",/fr/*,doublon semantique de l'ancien plan,https://courtiark.fr/fonctionnalites/gestion-clients,REDIRECT_308,haute,"correspondance par sujet, a confirmer si le contenu diverge"
https://courtiark.fr/fr/glossaire/pipeline,fichier statique du depot,308,Pipeline commercial : définition et usage en cabinet — COURTIA,https://courtiark.fr/fr/glossaire/pipeline,"index, follow",non,oui,"indexee (historique, d'apres le rapport Search Console)",/fr/*,doublon semantique de l'ancien plan,https://courtiark.fr/glossaire,REDIRECT_308,haute,"correspondance par sujet, a confirmer si le contenu diverge"
https://courtiark.fr/fr/glossaire/portefeuille,fichier statique du depot,308,Portefeuille de contrats : définition et usage en cabinet — COURTIA,https://courtiark.fr/fr/glossaire/portefeuille,"index, follow",non,oui,"indexee (historique, d'apres le rapport Search Console)",/fr/*,doublon semantique de l'ancien plan,https://courtiark.fr/fonctionnalites/gestion-portefeuille-assurance,REDIRECT_308,haute,"correspondance par sujet, a confirmer si le contenu diverge"
https://courtiark.fr/fr/glossaire/prospect,fichier statique du depot,308,Prospect : définition et usage en cabinet — COURTIA,https://courtiark.fr/fr/glossaire/prospect,"index, follow",non,oui,"indexee (historique, d'apres le rapport Search Console)",/fr/*,doublon semantique de l'ancien plan,https://courtiark.fr/fonctionnalites/prospection-assurance,REDIRECT_308,haute,"correspondance par sujet, a confirmer si le contenu diverge"
https://courtiark.fr/fr/glossaire/relance,fichier statique du depot,308,Relance : définition et usage en cabinet — COURTIA,https://courtiark.fr/fr/glossaire/relance,"index, follow",non,oui,"indexee (historique, d'apres le rapport Search Console)",/fr/*,doublon semantique de l'ancien plan,https://courtiark.fr/fonctionnalites/relance-devis-assurance,REDIRECT_308,haute,"correspondance par sujet, a confirmer si le contenu diverge"
https://courtiark.fr/fr/glossaire/sinistre,fichier statique du depot,308,Sinistre : définition et usage en cabinet — COURTIA,https://courtiark.fr/fr/glossaire/sinistre,"index, follow",non,oui,"indexee (historique, d'apres le rapport Search Console)",/fr/*,doublon semantique de l'ancien plan,https://courtiark.fr/crm-courtier-assurance,REDIRECT_308,faible,"correspondance par sujet, a confirmer si le contenu diverge"
https://courtiark.fr/fr/guide/audit-acpr,fichier statique du depot,200,Audit ACPR : la check-list — Guide COURTIA · courtiark.fr,https://courtiark.fr/fr/guide/audit-acpr,"index, follow, max-image-preview:large",non,oui,"indexee (historique, d'apres le rapport Search Console)",/fr/*,page heritee sans correspondance identifiable,https://courtiark.fr/conformite/controle-acpr-courtier,RESTORE,faible,"intention utile, aucune page equivalente : page restauree, sans reformuler les textes reglementaires"
https://courtiark.fr/fr/guide/automatiser-relances-courtier,fichier statique du depot,200,Automatiser les relances d&#x27;un cabinet de courtage — COURTIA,https://courtiark.fr/fr/guide/automatiser-relances-courtier,"index, follow",non,oui,"indexee (historique, d'apres le rapport Search Console)",/fr/*,doublon semantique de l'ancien plan,https://courtiark.fr/fonctionnalites/relance-devis-assurance,REDIRECT_308,haute,"correspondance par sujet, a confirmer si le contenu diverge"
https://courtiark.fr/fr/guide/centraliser-dossiers-clients,fichier statique du depot,308,Centraliser ses dossiers clients : méthode pour un cabinet — COURTIA,https://courtiark.fr/fr/guide/centraliser-dossiers-clients,"index, follow",non,oui,"indexee (historique, d'apres le rapport Search Console)",/fr/*,doublon semantique de l'ancien plan,https://courtiark.fr/fonctionnalites/gestion-clients,REDIRECT_308,haute,"correspondance par sujet, a confirmer si le contenu diverge"
https://courtiark.fr/fr/guide/choisir-crm-cabinet-courtage,fichier statique du depot,308,Comment choisir un CRM pour un cabinet de courtage : la grille — COURTIA,https://courtiark.fr/fr/guide/choisir-crm-cabinet-courtage,"index, follow",non,oui,"indexee (historique, d'apres le rapport Search Console)",/fr/*,doublon semantique de l'ancien plan,https://courtiark.fr/crm-courtier-assurance,REDIRECT_308,moyenne,"correspondance par sujet, a confirmer si le contenu diverge"
https://courtiark.fr/fr/guide/conformite-2026,fichier statique du depot,200,Conformité courtage 2026 : le calendrier — Guide COURTIA · courtiark.fr,https://courtiark.fr/fr/guide/conformite-2026,"index, follow, max-image-preview:large",non,oui,"indexee (historique, d'apres le rapport Search Console)",/fr/*,doublon semantique de l'ancien plan,https://courtiark.fr/guides/devoir-de-conseil-suivi-dossier,REDIRECT_308,moyenne,"correspondance par sujet, a confirmer si le contenu diverge"
https://courtiark.fr/fr/guide/dda-15h,fichier statique du depot,200,DDA : prouver ses 15h de formation — Guide COURTIA · courtiark.fr,https://courtiark.fr/fr/guide/dda-15h,"index, follow, max-image-preview:large",non,oui,"indexee (historique, d'apres le rapport Search Console)",/fr/*,doublon semantique de l'ancien plan,https://courtiark.fr/guides/devoir-de-conseil-suivi-dossier,REDIRECT_308,haute,"correspondance par sujet, a confirmer si le contenu diverge"
https://courtiark.fr/fr/guide/devoir-de-conseil,fichier statique du depot,200,Devoir de conseil du courtier — Guide COURTIA · courtiark.fr,https://courtiark.fr/fr/guide/devoir-de-conseil,"index, follow, max-image-preview:large",non,oui,"indexee (historique, d'apres le rapport Search Console)",/fr/*,page heritee sans correspondance identifiable,https://courtiark.fr/guides/devoir-de-conseil-suivi-dossier,REDIRECT_308,faible,equivalent actuel exact : redirection vers le guide existant
https://courtiark.fr/fr/guide/integrer-ia-cabinet-courtage,fichier statique du depot,200,Intégrer l&#x27;IA dans un cabinet de courtage : méthode — COURTIA,https://courtiark.fr/fr/guide/integrer-ia-cabinet-courtage,"index, follow",non,oui,"indexee (historique, d'apres le rapport Search Console)",/fr/*,doublon semantique de l'ancien plan,https://courtiark.fr/fonctionnalites/assistant-ark,REDIRECT_308,moyenne,"correspondance par sujet, a confirmer si le contenu diverge"
https://courtiark.fr/fr/guide/ipid,fichier statique du depot,200,IPID : le document d&#x27;information produit — Guide COURTIA · courtiark.fr,https://courtiark.fr/fr/guide/ipid,"index, follow, max-image-preview:large",non,oui,"indexee (historique, d'apres le rapport Search Console)",/fr/*,page heritee sans correspondance identifiable,https://courtiark.fr/conformite/ipid-document-information,RESTORE,faible,"intention utile pour la Suisse et la France, aucune page equivalente : page restauree"
https://courtiark.fr/fr/guide/lcb-ft,fichier statique du depot,200,LCB-FT : conformité du courtier — Guide COURTIA · courtiark.fr,https://courtiark.fr/fr/guide/lcb-ft,"index, follow, max-image-preview:large",non,oui,"indexee (historique, d'apres le rapport Search Console)",/fr/*,page heritee sans correspondance identifiable,https://courtiark.fr/conformite/lcb-ft-courtier,RESTORE,faible,"intention utile, aucune page equivalente : page restauree avec sources officielles"
https://courtiark.fr/fr/guide/onboarding-client-courtier,fichier statique du depot,200,Onboarding client dans un cabinet de courtage : la méthode — COURTIA,https://courtiark.fr/fr/guide/onboarding-client-courtier,"index, follow",non,oui,"indexee (historique, d'apres le rapport Search Console)",/fr/*,doublon semantique de l'ancien plan,https://courtiark.fr/fonctionnalites/gestion-clients,REDIRECT_308,haute,"correspondance par sujet, a confirmer si le contenu diverge"
https://courtiark.fr/fr/guide/organiser-renouvellements-courtier,fichier statique du depot,200,Organiser les renouvellements d&#x27;assurance : méthode cabinet — COURTIA,https://courtiark.fr/fr/guide/organiser-renouvellements-courtier,"index, follow",non,oui,"indexee (historique, d'apres le rapport Search Console)",/fr/*,doublon semantique de l'ancien plan,https://courtiark.fr/fonctionnalites/renouvellements-assurance,REDIRECT_308,haute,"correspondance par sujet, a confirmer si le contenu diverge"
https://courtiark.fr/fr/guide/reforme-courtage,fichier statique du depot,200,Réforme du courtage : adhésion association — Guide COURTIA · courtiark.fr,https://courtiark.fr/fr/guide/reforme-courtage,"index, follow, max-image-preview:large",non,oui,"indexee (historique, d'apres le rapport Search Console)",/fr/*,page heritee sans correspondance identifiable,https://courtiark.fr/conformite/controle-acpr-courtier,REDIRECT_308,faible,sujet date sans destination propre : rattache a la page controle
https://courtiark.fr/fr/guide/rgpd-courtier,fichier statique du depot,200,RGPD pour courtiers : registre Art.30 — Guide COURTIA · courtiark.fr,https://courtiark.fr/fr/guide/rgpd-courtier,"index, follow, max-image-preview:large",non,oui,"indexee (historique, d'apres le rapport Search Console)",/fr/*,doublon semantique de l'ancien plan,https://courtiark.fr/guides/donnees-clients-assurance-france-suisse,REDIRECT_308,haute,"correspondance par sujet, a confirmer si le contenu diverge"
https://courtiark.fr/fr/guide/sanctions-acpr,fichier statique du depot,200,Sanctions ACPR : ce qu&#x27;il faut retenir — Guide COURTIA · courtiark.fr,https://courtiark.fr/fr/guide/sanctions-acpr,"index, follow, max-image-preview:large",non,oui,"indexee (historique, d'apres le rapport Search Console)",/fr/*,page heritee sans correspondance identifiable,https://courtiark.fr/conformite/controle-acpr-courtier,REDIRECT_308,faible,"sous-sujet de la page controle, desormais restauree"
https://courtiark.fr/fr/guide/structurer-pipeline-courtier,fichier statique du depot,200,Structurer un pipeline commercial de courtage : méthode — COURTIA,https://courtiark.fr/fr/guide/structurer-pipeline-courtier,"index, follow",non,oui,"indexee (historique, d'apres le rapport Search Console)",/fr/*,page heritee sans correspondance identifiable,https://courtiark.fr/guides/automatiser-suivi-prospects-assurance,REDIRECT_308,faible,equivalent actuel : guide du suivi des prospects
https://courtiark.fr/fr/guide/suivre-prospects-courtier,fichier statique du depot,200,Suivre ses prospects dans un cabinet de courtage : méthode — COURTIA,https://courtiark.fr/fr/guide/suivre-prospects-courtier,"index, follow",non,oui,"indexee (historique, d'apres le rapport Search Console)",/fr/*,doublon semantique de l'ancien plan,https://courtiark.fr/fonctionnalites/prospection-assurance,REDIRECT_308,haute,"correspondance par sujet, a confirmer si le contenu diverge"
https://courtiark.fr/fr/guide/verification-orias,fichier statique du depot,200,Vérifier un numéro ORIAS — Guide COURTIA · courtiark.fr,https://courtiark.fr/fr/guide/verification-orias,"index, follow, max-image-preview:large",non,oui,"indexee (historique, d'apres le rapport Search Console)",/fr/*,doublon semantique de l'ancien plan,https://courtiark.fr/france,REDIRECT_308,moyenne,"correspondance par sujet, a confirmer si le contenu diverge"
https://courtiark.fr/fr/historique-corrections-courtia,fichier statique du depot,200,Historique des corrections — COURTIA,https://courtiark.fr/fr/historique-corrections-courtia,"index, follow",non,oui,"indexee (historique, d'apres le rapport Search Console)",/fr/*,page heritee sans correspondance identifiable,https://courtiark.fr/changelog,REDIRECT_308,faible,equivalent actuel : page de journal des versions
https://courtiark.fr/fr/ia-courtier-assurance,fichier statique du depot,308,IA pour courtier d&#x27;assurance : à quoi ça sert vraiment — COURTIA,https://courtiark.fr/fr/ia-courtier-assurance,"index, follow",non,oui,"indexee (historique, d'apres le rapport Search Console)",/fr/*,doublon semantique de l'ancien plan,https://courtiark.fr/fonctionnalites/assistant-ark,REDIRECT_308,moyenne,"correspondance par sujet, a confirmer si le contenu diverge"
https://courtiark.fr/fr/ia-gestion-documentaire-assurance,fichier statique du depot,200,IA documentaire pour courtier : lire les pièces sans les recopier — COURTIA,https://courtiark.fr/fr/ia-gestion-documentaire-assurance,"index, follow",non,oui,"indexee (historique, d'apres le rapport Search Console)",/fr/*,doublon semantique de l'ancien plan,https://courtiark.fr/fonctionnalites/gestion-documents-assurance,REDIRECT_308,haute,"correspondance par sujet, a confirmer si le contenu diverge"
https://courtiark.fr/fr/import-portefeuille-courtier-assurance,fichier statique du depot,200,Changer de logiciel de courtage : reprendre son portefeuille — COURTIA,https://courtiark.fr/fr/import-portefeuille-courtier-assurance,"index, follow",non,oui,"indexee (historique, d'apres le rapport Search Console)",/fr/*,doublon semantique de l'ancien plan,https://courtiark.fr/fonctionnalites/gestion-portefeuille-assurance,REDIRECT_308,haute,"correspondance par sujet, a confirmer si le contenu diverge"
https://courtiark.fr/fr/logiciel-courtier-assurance,fichier statique du depot,308,"Logiciel courtier assurance : dossier, relances, commissions — COURTIA",https://courtiark.fr/fr/logiciel-courtier-assurance,"index, follow",non,oui,"indexee (historique, d'apres le rapport Search Console)",/fr/*,doublon semantique de l'ancien plan,https://courtiark.fr/crm-courtier-assurance,REDIRECT_308,haute,"correspondance par sujet, a confirmer si le contenu diverge"
https://courtiark.fr/fr/logiciel-courtier-assurance-agen,fichier statique du depot,200,Logiciel pour courtier d&#x27;assurance à Agen — COURTIA · courtiark.fr,https://courtiark.fr/fr/logiciel-courtier-assurance-agen,"noindex, follow",non,oui,"indexee historiquement, noindex depuis",/fr/*,"pSEO ville (local, noindex volontaire)",,NOINDEX,haute,page de masse volontairement sortie de l'index ; Google doit la retirer progressivement
https://courtiark.fr/fr/logiciel-courtier-assurance-aix-en-provence,fichier statique du depot,200,Logiciel pour courtier d&#x27;assurance à Aix-en-Provence — COURTIA · courtiark.fr,https://courtiark.fr/fr/logiciel-courtier-assurance-aix-en-provence,"noindex, follow",non,oui,"indexee historiquement, noindex depuis",/fr/*,"pSEO ville (local, noindex volontaire)",,NOINDEX,haute,page de masse volontairement sortie de l'index ; Google doit la retirer progressivement
https://courtiark.fr/fr/logiciel-courtier-assurance-ajaccio,fichier statique du depot,200,Logiciel pour courtier d&#x27;assurance à Ajaccio — COURTIA · courtiark.fr,https://courtiark.fr/fr/logiciel-courtier-assurance-ajaccio,"noindex, follow",non,oui,"indexee historiquement, noindex depuis",/fr/*,"pSEO ville (local, noindex volontaire)",,NOINDEX,haute,page de masse volontairement sortie de l'index ; Google doit la retirer progressivement
https://courtiark.fr/fr/logiciel-courtier-assurance-albi,fichier statique du depot,200,Logiciel pour courtier d&#x27;assurance à Albi — COURTIA · courtiark.fr,https://courtiark.fr/fr/logiciel-courtier-assurance-albi,"noindex, follow",non,oui,"indexee historiquement, noindex depuis",/fr/*,"pSEO ville (local, noindex volontaire)",,NOINDEX,haute,page de masse volontairement sortie de l'index ; Google doit la retirer progressivement
https://courtiark.fr/fr/logiciel-courtier-assurance-alencon,fichier statique du depot,200,Logiciel pour courtier d&#x27;assurance à Alençon — COURTIA · courtiark.fr,https://courtiark.fr/fr/logiciel-courtier-assurance-alencon,"noindex, follow",non,oui,"indexee historiquement, noindex depuis",/fr/*,"pSEO ville (local, noindex volontaire)",,NOINDEX,haute,page de masse volontairement sortie de l'index ; Google doit la retirer progressivement
https://courtiark.fr/fr/logiciel-courtier-assurance-amiens,fichier statique du depot,200,Logiciel pour courtier d&#x27;assurance à Amiens — COURTIA · courtiark.fr,https://courtiark.fr/fr/logiciel-courtier-assurance-amiens,"noindex, follow",non,oui,"indexee historiquement, noindex depuis",/fr/*,"pSEO ville (local, noindex volontaire)",,NOINDEX,haute,page de masse volontairement sortie de l'index ; Google doit la retirer progressivement
https://courtiark.fr/fr/logiciel-courtier-assurance-angers,fichier statique du depot,200,Logiciel pour courtier d&#x27;assurance à Angers — COURTIA · courtiark.fr,https://courtiark.fr/fr/logiciel-courtier-assurance-angers,"noindex, follow",non,oui,"indexee historiquement, noindex depuis",/fr/*,"pSEO ville (local, noindex volontaire)",,NOINDEX,haute,page de masse volontairement sortie de l'index ; Google doit la retirer progressivement
https://courtiark.fr/fr/logiciel-courtier-assurance-anglet,fichier statique du depot,200,Logiciel pour courtier d&#x27;assurance à Anglet — COURTIA · courtiark.fr,https://courtiark.fr/fr/logiciel-courtier-assurance-anglet,"noindex, follow",non,oui,"indexee historiquement, noindex depuis",/fr/*,"pSEO ville (local, noindex volontaire)",,NOINDEX,haute,page de masse volontairement sortie de l'index ; Google doit la retirer progressivement
https://courtiark.fr/fr/logiciel-courtier-assurance-angouleme,fichier statique du depot,200,Logiciel pour courtier d&#x27;assurance à Angoulême — COURTIA · courtiark.fr,https://courtiark.fr/fr/logiciel-courtier-assurance-angouleme,"noindex, follow",non,oui,"indexee historiquement, noindex depuis",/fr/*,"pSEO ville (local, noindex volontaire)",,NOINDEX,haute,page de masse volontairement sortie de l'index ; Google doit la retirer progressivement
https://courtiark.fr/fr/logiciel-courtier-assurance-annecy,fichier statique du depot,200,Logiciel pour courtier d&#x27;assurance à Annecy — COURTIA · courtiark.fr,https://courtiark.fr/fr/logiciel-courtier-assurance-annecy,"noindex, follow",non,oui,"indexee historiquement, noindex depuis",/fr/*,"pSEO ville (local, noindex volontaire)",,NOINDEX,haute,page de masse volontairement sortie de l'index ; Google doit la retirer progressivement
https://courtiark.fr/fr/logiciel-courtier-assurance-antibes,fichier statique du depot,200,Logiciel pour courtier d&#x27;assurance à Antibes — COURTIA · courtiark.fr,https://courtiark.fr/fr/logiciel-courtier-assurance-antibes,"noindex, follow",non,oui,"indexee historiquement, noindex depuis",/fr/*,"pSEO ville (local, noindex volontaire)",,NOINDEX,haute,page de masse volontairement sortie de l'index ; Google doit la retirer progressivement
https://courtiark.fr/fr/logiciel-courtier-assurance-antony,fichier statique du depot,200,Logiciel pour courtier d&#x27;assurance à Antony — COURTIA · courtiark.fr,https://courtiark.fr/fr/logiciel-courtier-assurance-antony,"noindex, follow",non,oui,"indexee historiquement, noindex depuis",/fr/*,"pSEO ville (local, noindex volontaire)",,NOINDEX,haute,page de masse volontairement sortie de l'index ; Google doit la retirer progressivement
https://courtiark.fr/fr/logiciel-courtier-assurance-arles,fichier statique du depot,200,Logiciel pour courtier d&#x27;assurance à Arles — COURTIA · courtiark.fr,https://courtiark.fr/fr/logiciel-courtier-assurance-arles,"noindex, follow",non,oui,"indexee historiquement, noindex depuis",/fr/*,"pSEO ville (local, noindex volontaire)",,NOINDEX,haute,page de masse volontairement sortie de l'index ; Google doit la retirer progressivement
https://courtiark.fr/fr/logiciel-courtier-assurance-arras,fichier statique du depot,200,Logiciel pour courtier d&#x27;assurance à Arras — COURTIA · courtiark.fr,https://courtiark.fr/fr/logiciel-courtier-assurance-arras,"noindex, follow",non,oui,"indexee historiquement, noindex depuis",/fr/*,"pSEO ville (local, noindex volontaire)",,NOINDEX,haute,page de masse volontairement sortie de l'index ; Google doit la retirer progressivement
https://courtiark.fr/fr/logiciel-courtier-assurance-aubagne,fichier statique du depot,200,Logiciel pour courtier d&#x27;assurance à Aubagne — COURTIA · courtiark.fr,https://courtiark.fr/fr/logiciel-courtier-assurance-aubagne,"noindex, follow",non,oui,"indexee historiquement, noindex depuis",/fr/*,"pSEO ville (local, noindex volontaire)",,NOINDEX,haute,page de masse volontairement sortie de l'index ; Google doit la retirer progressivement
https://courtiark.fr/fr/logiciel-courtier-assurance-aubervilliers,fichier statique du depot,200,Logiciel pour courtier d&#x27;assurance à Aubervilliers — COURTIA · courtiark.fr,https://courtiark.fr/fr/logiciel-courtier-assurance-aubervilliers,"noindex, follow",non,oui,"indexee historiquement, noindex depuis",/fr/*,"pSEO ville (local, noindex volontaire)",,NOINDEX,haute,page de masse volontairement sortie de l'index ; Google doit la retirer progressivement
https://courtiark.fr/fr/logiciel-courtier-assurance-auch,fichier statique du depot,200,Logiciel pour courtier d&#x27;assurance à Auch — COURTIA · courtiark.fr,https://courtiark.fr/fr/logiciel-courtier-assurance-auch,"noindex, follow",non,oui,"indexee historiquement, noindex depuis",/fr/*,"pSEO ville (local, noindex volontaire)",,NOINDEX,haute,page de masse volontairement sortie de l'index ; Google doit la retirer progressivement
https://courtiark.fr/fr/logiciel-courtier-assurance-aulnay-sous-bois,fichier statique du depot,200,Logiciel pour courtier d&#x27;assurance à Aulnay-sous-Bois — COURTIA · courtiark.fr,https://courtiark.fr/fr/logiciel-courtier-assurance-aulnay-sous-bois,"noindex, follow",non,oui,"indexee historiquement, noindex depuis",/fr/*,"pSEO ville (local, noindex volontaire)",,NOINDEX,haute,page de masse volontairement sortie de l'index ; Google doit la retirer progressivement
https://courtiark.fr/fr/logiciel-courtier-assurance-avignon,fichier statique du depot,200,Logiciel pour courtier d&#x27;assurance à Avignon — COURTIA · courtiark.fr,https://courtiark.fr/fr/logiciel-courtier-assurance-avignon,"noindex, follow",non,oui,"indexee historiquement, noindex depuis",/fr/*,"pSEO ville (local, noindex volontaire)",,NOINDEX,haute,page de masse volontairement sortie de l'index ; Google doit la retirer progressivement
https://courtiark.fr/fr/logiciel-courtier-assurance-bagnolet,fichier statique du depot,200,Logiciel pour courtier d&#x27;assurance à Bagnolet — COURTIA · courtiark.fr,https://courtiark.fr/fr/logiciel-courtier-assurance-bagnolet,"noindex, follow",non,oui,"indexee historiquement, noindex depuis",/fr/*,"pSEO ville (local, noindex volontaire)",,NOINDEX,haute,page de masse volontairement sortie de l'index ; Google doit la retirer progressivement
https://courtiark.fr/fr/logiciel-courtier-assurance-bastia,fichier statique du depot,200,Logiciel pour courtier d&#x27;assurance à Bastia — COURTIA · courtiark.fr,https://courtiark.fr/fr/logiciel-courtier-assurance-bastia,"noindex, follow",non,oui,"indexee historiquement, noindex depuis",/fr/*,"pSEO ville (local, noindex volontaire)",,NOINDEX,haute,page de masse volontairement sortie de l'index ; Google doit la retirer progressivement
https://courtiark.fr/fr/logiciel-courtier-assurance-bayeux,fichier statique du depot,200,Logiciel pour courtier d&#x27;assurance à Bayeux — COURTIA · courtiark.fr,https://courtiark.fr/fr/logiciel-courtier-assurance-bayeux,"noindex, follow",non,oui,"indexee historiquement, noindex depuis",/fr/*,"pSEO ville (local, noindex volontaire)",,NOINDEX,haute,page de masse volontairement sortie de l'index ; Google doit la retirer progressivement
https://courtiark.fr/fr/logiciel-courtier-assurance-bayonne,fichier statique du depot,200,Logiciel pour courtier d&#x27;assurance à Bayonne — COURTIA · courtiark.fr,https://courtiark.fr/fr/logiciel-courtier-assurance-bayonne,"noindex, follow",non,oui,"indexee historiquement, noindex depuis",/fr/*,"pSEO ville (local, noindex volontaire)",,NOINDEX,haute,page de masse volontairement sortie de l'index ; Google doit la retirer progressivement
https://courtiark.fr/fr/logiciel-courtier-assurance-beauvais,fichier statique du depot,200,Logiciel pour courtier d&#x27;assurance à Beauvais — COURTIA · courtiark.fr,https://courtiark.fr/fr/logiciel-courtier-assurance-beauvais,"noindex, follow",non,oui,"indexee historiquement, noindex depuis",/fr/*,"pSEO ville (local, noindex volontaire)",,NOINDEX,haute,page de masse volontairement sortie de l'index ; Google doit la retirer progressivement
https://courtiark.fr/fr/logiciel-courtier-assurance-belfort,fichier statique du depot,200,Logiciel pour courtier d&#x27;assurance à Belfort — COURTIA · courtiark.fr,https://courtiark.fr/fr/logiciel-courtier-assurance-belfort,"noindex, follow",non,oui,"indexee historiquement, noindex depuis",/fr/*,"pSEO ville (local, noindex volontaire)",,NOINDEX,haute,page de masse volontairement sortie de l'index ; Google doit la retirer progressivement
https://courtiark.fr/fr/logiciel-courtier-assurance-bergerac,fichier statique du depot,200,Logiciel pour courtier d&#x27;assurance à Bergerac — COURTIA · courtiark.fr,https://courtiark.fr/fr/logiciel-courtier-assurance-bergerac,"noindex, follow",non,oui,"indexee historiquement, noindex depuis",/fr/*,"pSEO ville (local, noindex volontaire)",,NOINDEX,haute,page de masse volontairement sortie de l'index ; Google doit la retirer progressivement
https://courtiark.fr/fr/logiciel-courtier-assurance-besancon,fichier statique du depot,200,Logiciel pour courtier d&#x27;assurance à Besançon — COURTIA · courtiark.fr,https://courtiark.fr/fr/logiciel-courtier-assurance-besancon,"noindex, follow",non,oui,"indexee historiquement, noindex depuis",/fr/*,"pSEO ville (local, noindex volontaire)",,NOINDEX,haute,page de masse volontairement sortie de l'index ; Google doit la retirer progressivement
https://courtiark.fr/fr/logiciel-courtier-assurance-beziers,fichier statique du depot,200,Logiciel pour courtier d&#x27;assurance à Béziers — COURTIA · courtiark.fr,https://courtiark.fr/fr/logiciel-courtier-assurance-beziers,"noindex, follow",non,oui,"indexee historiquement, noindex depuis",/fr/*,"pSEO ville (local, noindex volontaire)",,NOINDEX,haute,page de masse volontairement sortie de l'index ; Google doit la retirer progressivement
https://courtiark.fr/fr/logiciel-courtier-assurance-biarritz,fichier statique du depot,200,Logiciel pour courtier d&#x27;assurance à Biarritz — COURTIA · courtiark.fr,https://courtiark.fr/fr/logiciel-courtier-assurance-biarritz,"noindex, follow",non,oui,"indexee historiquement, noindex depuis",/fr/*,"pSEO ville (local, noindex volontaire)",,NOINDEX,haute,page de masse volontairement sortie de l'index ; Google doit la retirer progressivement
https://courtiark.fr/fr/logiciel-courtier-assurance-blois,fichier statique du depot,200,Logiciel pour courtier d&#x27;assurance à Blois — COURTIA · courtiark.fr,https://courtiark.fr/fr/logiciel-courtier-assurance-blois,"noindex, follow",non,oui,"indexee historiquement, noindex depuis",/fr/*,"pSEO ville (local, noindex volontaire)",,NOINDEX,haute,page de masse volontairement sortie de l'index ; Google doit la retirer progressivement
https://courtiark.fr/fr/logiciel-courtier-assurance-bobigny,fichier statique du depot,200,Logiciel pour courtier d&#x27;assurance à Bobigny — COURTIA · courtiark.fr,https://courtiark.fr/fr/logiciel-courtier-assurance-bobigny,"noindex, follow",non,oui,"indexee historiquement, noindex depuis",/fr/*,"pSEO ville (local, noindex volontaire)",,NOINDEX,haute,page de masse volontairement sortie de l'index ; Google doit la retirer progressivement
https://courtiark.fr/fr/logiciel-courtier-assurance-bondy,fichier statique du depot,200,Logiciel pour courtier d&#x27;assurance à Bondy — COURTIA · courtiark.fr,https://courtiark.fr/fr/logiciel-courtier-assurance-bondy,"noindex, follow",non,oui,"indexee historiquement, noindex depuis",/fr/*,"pSEO ville (local, noindex volontaire)",,NOINDEX,haute,page de masse volontairement sortie de l'index ; Google doit la retirer progressivement
https://courtiark.fr/fr/logiciel-courtier-assurance-bordeaux,fichier statique du depot,200,Logiciel courtier assurance à Bordeaux — CRM et automatisation,https://courtiark.fr/fr/logiciel-courtier-assurance-bordeaux,"index, follow, max-image-preview:large",non,oui,"indexee (historique, d'apres le rapport Search Console)",/fr/*,doublon semantique de l'ancien plan,https://courtiark.fr/crm-courtier-assurance,REDIRECT_308,haute,"correspondance par sujet, a confirmer si le contenu diverge"
https://courtiark.fr/fr/logiciel-courtier-assurance-boulogne-sur-mer,fichier statique du depot,200,Logiciel pour courtier d&#x27;assurance à Boulogne-sur-Mer — COURTIA · courtiark.fr,https://courtiark.fr/fr/logiciel-courtier-assurance-boulogne-sur-mer,"noindex, follow",non,oui,"indexee historiquement, noindex depuis",/fr/*,page heritee non indexable,,NOINDEX,haute,conservee accessible mais hors index : decision editoriale
https://courtiark.fr/fr/logiciel-courtier-assurance-bourg-en-bresse,fichier statique du depot,200,Logiciel pour courtier d&#x27;assurance à Bourg-en-Bresse — COURTIA · courtiark.fr,https://courtiark.fr/fr/logiciel-courtier-assurance-bourg-en-bresse,"noindex, follow",non,oui,"indexee historiquement, noindex depuis",/fr/*,"pSEO ville (local, noindex volontaire)",,NOINDEX,haute,page de masse volontairement sortie de l'index ; Google doit la retirer progressivement
https://courtiark.fr/fr/logiciel-courtier-assurance-bourges,fichier statique du depot,200,Logiciel pour courtier d&#x27;assurance à Bourges — COURTIA · courtiark.fr,https://courtiark.fr/fr/logiciel-courtier-assurance-bourges,"noindex, follow",non,oui,"indexee historiquement, noindex depuis",/fr/*,"pSEO ville (local, noindex volontaire)",,NOINDEX,haute,page de masse volontairement sortie de l'index ; Google doit la retirer progressivement
https://courtiark.fr/fr/logiciel-courtier-assurance-brest,fichier statique du depot,200,Logiciel pour courtier d&#x27;assurance à Brest — COURTIA · courtiark.fr,https://courtiark.fr/fr/logiciel-courtier-assurance-brest,"noindex, follow",non,oui,"indexee historiquement, noindex depuis",/fr/*,"pSEO ville (local, noindex volontaire)",,NOINDEX,haute,page de masse volontairement sortie de l'index ; Google doit la retirer progressivement
https://courtiark.fr/fr/logiciel-courtier-assurance-caen,fichier statique du depot,200,Logiciel pour courtier d&#x27;assurance à Caen — COURTIA · courtiark.fr,https://courtiark.fr/fr/logiciel-courtier-assurance-caen,"noindex, follow",non,oui,"indexee historiquement, noindex depuis",/fr/*,"pSEO ville (local, noindex volontaire)",,NOINDEX,haute,page de masse volontairement sortie de l'index ; Google doit la retirer progressivement
https://courtiark.fr/fr/logiciel-courtier-assurance-cagnes-sur-mer,fichier statique du depot,200,Logiciel pour courtier d&#x27;assurance à Cagnes-sur-Mer — COURTIA · courtiark.fr,https://courtiark.fr/fr/logiciel-courtier-assurance-cagnes-sur-mer,"noindex, follow",non,oui,"indexee historiquement, noindex depuis",/fr/*,page heritee non indexable,,NOINDEX,haute,conservee accessible mais hors index : decision editoriale
https://courtiark.fr/fr/logiciel-courtier-assurance-cahors,fichier statique du depot,200,Logiciel pour courtier d&#x27;assurance à Cahors — COURTIA · courtiark.fr,https://courtiark.fr/fr/logiciel-courtier-assurance-cahors,"noindex, follow",non,oui,"indexee historiquement, noindex depuis",/fr/*,"pSEO ville (local, noindex volontaire)",,NOINDEX,haute,page de masse volontairement sortie de l'index ; Google doit la retirer progressivement
https://courtiark.fr/fr/logiciel-courtier-assurance-calais,fichier statique du depot,200,Logiciel pour courtier d&#x27;assurance à Calais — COURTIA · courtiark.fr,https://courtiark.fr/fr/logiciel-courtier-assurance-calais,"noindex, follow",non,oui,"indexee historiquement, noindex depuis",/fr/*,"pSEO ville (local, noindex volontaire)",,NOINDEX,haute,page de masse volontairement sortie de l'index ; Google doit la retirer progressivement
https://courtiark.fr/fr/logiciel-courtier-assurance-cambrai,fichier statique du depot,200,Logiciel pour courtier d&#x27;assurance à Cambrai — COURTIA · courtiark.fr,https://courtiark.fr/fr/logiciel-courtier-assurance-cambrai,"noindex, follow",non,oui,"indexee historiquement, noindex depuis",/fr/*,"pSEO ville (local, noindex volontaire)",,NOINDEX,haute,page de masse volontairement sortie de l'index ; Google doit la retirer progressivement
https://courtiark.fr/fr/logiciel-courtier-assurance-cannes,fichier statique du depot,200,Logiciel pour courtier d&#x27;assurance à Cannes — COURTIA · courtiark.fr,https://courtiark.fr/fr/logiciel-courtier-assurance-cannes,"noindex, follow",non,oui,"indexee historiquement, noindex depuis",/fr/*,"pSEO ville (local, noindex volontaire)",,NOINDEX,haute,page de masse volontairement sortie de l'index ; Google doit la retirer progressivement
https://courtiark.fr/fr/logiciel-courtier-assurance-carcassonne,fichier statique du depot,200,Logiciel pour courtier d&#x27;assurance à Carcassonne — COURTIA · courtiark.fr,https://courtiark.fr/fr/logiciel-courtier-assurance-carcassonne,"noindex, follow",non,oui,"indexee historiquement, noindex depuis",/fr/*,"pSEO ville (local, noindex volontaire)",,NOINDEX,haute,page de masse volontairement sortie de l'index ; Google doit la retirer progressivement
https://courtiark.fr/fr/logiciel-courtier-assurance-carpentras,fichier statique du depot,200,Logiciel pour courtier d&#x27;assurance à Carpentras — COURTIA · courtiark.fr,https://courtiark.fr/fr/logiciel-courtier-assurance-carpentras,"noindex, follow",non,oui,"indexee historiquement, noindex depuis",/fr/*,"pSEO ville (local, noindex volontaire)",,NOINDEX,haute,page de masse volontairement sortie de l'index ; Google doit la retirer progressivement
https://courtiark.fr/fr/logiciel-courtier-assurance-cergy,fichier statique du depot,200,Logiciel pour courtier d&#x27;assurance à Cergy — COURTIA · courtiark.fr,https://courtiark.fr/fr/logiciel-courtier-assurance-cergy,"noindex, follow",non,oui,"indexee historiquement, noindex depuis",/fr/*,"pSEO ville (local, noindex volontaire)",,NOINDEX,haute,page de masse volontairement sortie de l'index ; Google doit la retirer progressivement
https://courtiark.fr/fr/logiciel-courtier-assurance-chalon-sur-saone,fichier statique du depot,200,Logiciel pour courtier d&#x27;assurance à Chalon-sur-Saône — COURTIA · courtiark.fr,https://courtiark.fr/fr/logiciel-courtier-assurance-chalon-sur-saone,"noindex, follow",non,oui,"indexee historiquement, noindex depuis",/fr/*,"pSEO ville (local, noindex volontaire)",,NOINDEX,haute,page de masse volontairement sortie de l'index ; Google doit la retirer progressivement
https://courtiark.fr/fr/logiciel-courtier-assurance-chambery,fichier statique du depot,200,Logiciel pour courtier d&#x27;assurance à Chambéry — COURTIA · courtiark.fr,https://courtiark.fr/fr/logiciel-courtier-assurance-chambery,"noindex, follow",non,oui,"indexee historiquement, noindex depuis",/fr/*,"pSEO ville (local, noindex volontaire)",,NOINDEX,haute,page de masse volontairement sortie de l'index ; Google doit la retirer progressivement
https://courtiark.fr/fr/logiciel-courtier-assurance-charenton,fichier statique du depot,200,Logiciel pour courtier d&#x27;assurance à Charenton — COURTIA · courtiark.fr,https://courtiark.fr/fr/logiciel-courtier-assurance-charenton,"noindex, follow",non,oui,"indexee historiquement, noindex depuis",/fr/*,"pSEO ville (local, noindex volontaire)",,NOINDEX,haute,page de masse volontairement sortie de l'index ; Google doit la retirer progressivement
https://courtiark.fr/fr/logiciel-courtier-assurance-charleville-mezieres,fichier statique du depot,200,Logiciel pour courtier d&#x27;assurance à Charleville-Mézières — COURTIA · courtiark.fr,https://courtiark.fr/fr/logiciel-courtier-assurance-charleville-mezieres,"noindex, follow",non,oui,"indexee historiquement, noindex depuis",/fr/*,"pSEO ville (local, noindex volontaire)",,NOINDEX,haute,page de masse volontairement sortie de l'index ; Google doit la retirer progressivement
https://courtiark.fr/fr/logiciel-courtier-assurance-chartres,fichier statique du depot,200,Logiciel pour courtier d&#x27;assurance à Chartres — COURTIA · courtiark.fr,https://courtiark.fr/fr/logiciel-courtier-assurance-chartres,"noindex, follow",non,oui,"indexee historiquement, noindex depuis",/fr/*,"pSEO ville (local, noindex volontaire)",,NOINDEX,haute,page de masse volontairement sortie de l'index ; Google doit la retirer progressivement
https://courtiark.fr/fr/logiciel-courtier-assurance-chateauroux,fichier statique du depot,200,Logiciel pour courtier d&#x27;assurance à Châteauroux — COURTIA · courtiark.fr,https://courtiark.fr/fr/logiciel-courtier-assurance-chateauroux,"noindex, follow",non,oui,"indexee historiquement, noindex depuis",/fr/*,"pSEO ville (local, noindex volontaire)",,NOINDEX,haute,page de masse volontairement sortie de l'index ; Google doit la retirer progressivement
https://courtiark.fr/fr/logiciel-courtier-assurance-chelles,fichier statique du depot,200,Logiciel pour courtier d&#x27;assurance à Chelles — COURTIA · courtiark.fr,https://courtiark.fr/fr/logiciel-courtier-assurance-chelles,"noindex, follow",non,oui,"indexee historiquement, noindex depuis",/fr/*,"pSEO ville (local, noindex volontaire)",,NOINDEX,haute,page de masse volontairement sortie de l'index ; Google doit la retirer progressivement
https://courtiark.fr/fr/logiciel-courtier-assurance-cherbourg,fichier statique du depot,200,Logiciel pour courtier d&#x27;assurance à Cherbourg — COURTIA · courtiark.fr,https://courtiark.fr/fr/logiciel-courtier-assurance-cherbourg,"noindex, follow",non,oui,"indexee historiquement, noindex depuis",/fr/*,"pSEO ville (local, noindex volontaire)",,NOINDEX,haute,page de masse volontairement sortie de l'index ; Google doit la retirer progressivement
https://courtiark.fr/fr/logiciel-courtier-assurance-cholet,fichier statique du depot,200,Logiciel pour courtier d&#x27;assurance à Cholet — COURTIA · courtiark.fr,https://courtiark.fr/fr/logiciel-courtier-assurance-cholet,"noindex, follow",non,oui,"indexee historiquement, noindex depuis",/fr/*,"pSEO ville (local, noindex volontaire)",,NOINDEX,haute,page de masse volontairement sortie de l'index ; Google doit la retirer progressivement
https://courtiark.fr/fr/logiciel-courtier-assurance-clermont-ferrand,fichier statique du depot,200,Logiciel pour courtier d&#x27;assurance à Clermont-Ferrand — COURTIA · courtiark.fr,https://courtiark.fr/fr/logiciel-courtier-assurance-clermont-ferrand,"noindex, follow",non,oui,"indexee historiquement, noindex depuis",/fr/*,"pSEO ville (local, noindex volontaire)",,NOINDEX,haute,page de masse volontairement sortie de l'index ; Google doit la retirer progressivement
https://courtiark.fr/fr/logiciel-courtier-assurance-clichy,fichier statique du depot,200,Logiciel pour courtier d&#x27;assurance à Clichy — COURTIA · courtiark.fr,https://courtiark.fr/fr/logiciel-courtier-assurance-clichy,"noindex, follow",non,oui,"indexee historiquement, noindex depuis",/fr/*,"pSEO ville (local, noindex volontaire)",,NOINDEX,haute,page de masse volontairement sortie de l'index ; Google doit la retirer progressivement
https://courtiark.fr/fr/logiciel-courtier-assurance-colmar,fichier statique du depot,200,Logiciel pour courtier d&#x27;assurance à Colmar — COURTIA · courtiark.fr,https://courtiark.fr/fr/logiciel-courtier-assurance-colmar,"noindex, follow",non,oui,"indexee historiquement, noindex depuis",/fr/*,"pSEO ville (local, noindex volontaire)",,NOINDEX,haute,page de masse volontairement sortie de l'index ; Google doit la retirer progressivement
https://courtiark.fr/fr/logiciel-courtier-assurance-compiegne,fichier statique du depot,200,Logiciel pour courtier d&#x27;assurance à Compiègne — COURTIA · courtiark.fr,https://courtiark.fr/fr/logiciel-courtier-assurance-compiegne,"noindex, follow",non,oui,"indexee historiquement, noindex depuis",/fr/*,"pSEO ville (local, noindex volontaire)",,NOINDEX,haute,page de masse volontairement sortie de l'index ; Google doit la retirer progressivement
https://courtiark.fr/fr/logiciel-courtier-assurance-courbevoie,fichier statique du depot,200,Logiciel pour courtier d&#x27;assurance à Courbevoie — COURTIA · courtiark.fr,https://courtiark.fr/fr/logiciel-courtier-assurance-courbevoie,"noindex, follow",non,oui,"indexee historiquement, noindex depuis",/fr/*,"pSEO ville (local, noindex volontaire)",,NOINDEX,haute,page de masse volontairement sortie de l'index ; Google doit la retirer progressivement
https://courtiark.fr/fr/logiciel-courtier-assurance-creteil,fichier statique du depot,200,Logiciel pour courtier d&#x27;assurance à Créteil — COURTIA · courtiark.fr,https://courtiark.fr/fr/logiciel-courtier-assurance-creteil,"noindex, follow",non,oui,"indexee historiquement, noindex depuis",/fr/*,"pSEO ville (local, noindex volontaire)",,NOINDEX,haute,page de masse volontairement sortie de l'index ; Google doit la retirer progressivement
https://courtiark.fr/fr/logiciel-courtier-assurance-dax,fichier statique du depot,200,Logiciel pour courtier d&#x27;assurance à Dax — COURTIA · courtiark.fr,https://courtiark.fr/fr/logiciel-courtier-assurance-dax,"noindex, follow",non,oui,"indexee historiquement, noindex depuis",/fr/*,page heritee non indexable,,NOINDEX,haute,conservee accessible mais hors index : decision editoriale
https://courtiark.fr/fr/logiciel-courtier-assurance-dijon,fichier statique du depot,200,Logiciel pour courtier d&#x27;assurance à Dijon — COURTIA · courtiark.fr,https://courtiark.fr/fr/logiciel-courtier-assurance-dijon,"noindex, follow",non,oui,"indexee historiquement, noindex depuis",/fr/*,"pSEO ville (local, noindex volontaire)",,NOINDEX,haute,page de masse volontairement sortie de l'index ; Google doit la retirer progressivement
https://courtiark.fr/fr/logiciel-courtier-assurance-dole,fichier statique du depot,200,Logiciel pour courtier d&#x27;assurance à Dole — COURTIA · courtiark.fr,https://courtiark.fr/fr/logiciel-courtier-assurance-dole,"noindex, follow",non,oui,"indexee historiquement, noindex depuis",/fr/*,"pSEO ville (local, noindex volontaire)",,NOINDEX,haute,page de masse volontairement sortie de l'index ; Google doit la retirer progressivement
https://courtiark.fr/fr/logiciel-courtier-assurance-douai,fichier statique du depot,200,Logiciel pour courtier d&#x27;assurance à Douai — COURTIA · courtiark.fr,https://courtiark.fr/fr/logiciel-courtier-assurance-douai,"noindex, follow",non,oui,"indexee historiquement, noindex depuis",/fr/*,"pSEO ville (local, noindex volontaire)",,NOINDEX,haute,page de masse volontairement sortie de l'index ; Google doit la retirer progressivement
https://courtiark.fr/fr/logiciel-courtier-assurance-draguignan,fichier statique du depot,200,Logiciel pour courtier d&#x27;assurance à Draguignan — COURTIA · courtiark.fr,https://courtiark.fr/fr/logiciel-courtier-assurance-draguignan,"noindex, follow",non,oui,"indexee historiquement, noindex depuis",/fr/*,"pSEO ville (local, noindex volontaire)",,NOINDEX,haute,page de masse volontairement sortie de l'index ; Google doit la retirer progressivement
https://courtiark.fr/fr/logiciel-courtier-assurance-drancy,fichier statique du depot,200,Logiciel pour courtier d&#x27;assurance à Drancy — COURTIA · courtiark.fr,https://courtiark.fr/fr/logiciel-courtier-assurance-drancy,"noindex, follow",non,oui,"indexee historiquement, noindex depuis",/fr/*,"pSEO ville (local, noindex volontaire)",,NOINDEX,haute,page de masse volontairement sortie de l'index ; Google doit la retirer progressivement
https://courtiark.fr/fr/logiciel-courtier-assurance-dreux,fichier statique du depot,200,Logiciel pour courtier d&#x27;assurance à Dreux — COURTIA · courtiark.fr,https://courtiark.fr/fr/logiciel-courtier-assurance-dreux,"noindex, follow",non,oui,"indexee historiquement, noindex depuis",/fr/*,"pSEO ville (local, noindex volontaire)",,NOINDEX,haute,page de masse volontairement sortie de l'index ; Google doit la retirer progressivement
https://courtiark.fr/fr/logiciel-courtier-assurance-dunkerque,fichier statique du depot,200,Logiciel pour courtier d&#x27;assurance à Dunkerque — COURTIA · courtiark.fr,https://courtiark.fr/fr/logiciel-courtier-assurance-dunkerque,"noindex, follow",non,oui,"indexee historiquement, noindex depuis",/fr/*,"pSEO ville (local, noindex volontaire)",,NOINDEX,haute,page de masse volontairement sortie de l'index ; Google doit la retirer progressivement
https://courtiark.fr/fr/logiciel-courtier-assurance-epinal,fichier statique du depot,200,Logiciel pour courtier d&#x27;assurance à Épinal — COURTIA · courtiark.fr,https://courtiark.fr/fr/logiciel-courtier-assurance-epinal,"noindex, follow",non,oui,"indexee historiquement, noindex depuis",/fr/*,"pSEO ville (local, noindex volontaire)",,NOINDEX,haute,page de masse volontairement sortie de l'index ; Google doit la retirer progressivement
https://courtiark.fr/fr/logiciel-courtier-assurance-evreux,fichier statique du depot,200,Logiciel pour courtier d&#x27;assurance à Évreux — COURTIA · courtiark.fr,https://courtiark.fr/fr/logiciel-courtier-assurance-evreux,"noindex, follow",non,oui,"indexee historiquement, noindex depuis",/fr/*,"pSEO ville (local, noindex volontaire)",,NOINDEX,haute,page de masse volontairement sortie de l'index ; Google doit la retirer progressivement
https://courtiark.fr/fr/logiciel-courtier-assurance-evry,fichier statique du depot,200,Logiciel pour courtier d&#x27;assurance à Évry — COURTIA · courtiark.fr,https://courtiark.fr/fr/logiciel-courtier-assurance-evry,"noindex, follow",non,oui,"indexee historiquement, noindex depuis",/fr/*,"pSEO ville (local, noindex volontaire)",,NOINDEX,haute,page de masse volontairement sortie de l'index ; Google doit la retirer progressivement
https://courtiark.fr/fr/logiciel-courtier-assurance-fontainebleau,fichier statique du depot,200,Logiciel pour courtier d&#x27;assurance à Fontainebleau — COURTIA · courtiark.fr,https://courtiark.fr/fr/logiciel-courtier-assurance-fontainebleau,"noindex, follow",non,oui,"indexee historiquement, noindex depuis",/fr/*,"pSEO ville (local, noindex volontaire)",,NOINDEX,haute,page de masse volontairement sortie de l'index ; Google doit la retirer progressivement
https://courtiark.fr/fr/logiciel-courtier-assurance-forbach,fichier statique du depot,200,Logiciel pour courtier d&#x27;assurance à Forbach — COURTIA · courtiark.fr,https://courtiark.fr/fr/logiciel-courtier-assurance-forbach,"noindex, follow",non,oui,"indexee historiquement, noindex depuis",/fr/*,"pSEO ville (local, noindex volontaire)",,NOINDEX,haute,page de masse volontairement sortie de l'index ; Google doit la retirer progressivement
https://courtiark.fr/fr/logiciel-courtier-assurance-frejus,fichier statique du depot,200,Logiciel pour courtier d&#x27;assurance à Fréjus — COURTIA · courtiark.fr,https://courtiark.fr/fr/logiciel-courtier-assurance-frejus,"noindex, follow",non,oui,"indexee historiquement, noindex depuis",/fr/*,"pSEO ville (local, noindex volontaire)",,NOINDEX,haute,page de masse volontairement sortie de l'index ; Google doit la retirer progressivement
https://courtiark.fr/fr/logiciel-courtier-assurance-gap,fichier statique du depot,200,Logiciel pour courtier d&#x27;assurance à Gap — COURTIA · courtiark.fr,https://courtiark.fr/fr/logiciel-courtier-assurance-gap,"noindex, follow",non,oui,"indexee historiquement, noindex depuis",/fr/*,page heritee non indexable,,NOINDEX,haute,conservee accessible mais hors index : decision editoriale
https://courtiark.fr/fr/logiciel-courtier-assurance-grasse,fichier statique du depot,200,Logiciel pour courtier d&#x27;assurance à Grasse — COURTIA · courtiark.fr,https://courtiark.fr/fr/logiciel-courtier-assurance-grasse,"noindex, follow",non,oui,"indexee historiquement, noindex depuis",/fr/*,"pSEO ville (local, noindex volontaire)",,NOINDEX,haute,page de masse volontairement sortie de l'index ; Google doit la retirer progressivement
https://courtiark.fr/fr/logiciel-courtier-assurance-grenoble,fichier statique du depot,200,Logiciel pour courtier d&#x27;assurance à Grenoble — COURTIA · courtiark.fr,https://courtiark.fr/fr/logiciel-courtier-assurance-grenoble,"noindex, follow",non,oui,"indexee historiquement, noindex depuis",/fr/*,"pSEO ville (local, noindex volontaire)",,NOINDEX,haute,page de masse volontairement sortie de l'index ; Google doit la retirer progressivement
https://courtiark.fr/fr/logiciel-courtier-assurance-haguenau,fichier statique du depot,200,Logiciel pour courtier d&#x27;assurance à Haguenau — COURTIA · courtiark.fr,https://courtiark.fr/fr/logiciel-courtier-assurance-haguenau,"noindex, follow",non,oui,"indexee historiquement, noindex depuis",/fr/*,"pSEO ville (local, noindex volontaire)",,NOINDEX,haute,page de masse volontairement sortie de l'index ; Google doit la retirer progressivement
https://courtiark.fr/fr/logiciel-courtier-assurance-hyeres,fichier statique du depot,200,Logiciel pour courtier d&#x27;assurance à Hyères — COURTIA · courtiark.fr,https://courtiark.fr/fr/logiciel-courtier-assurance-hyeres,"noindex, follow",non,oui,"indexee historiquement, noindex depuis",/fr/*,"pSEO ville (local, noindex volontaire)",,NOINDEX,haute,page de masse volontairement sortie de l'index ; Google doit la retirer progressivement
https://courtiark.fr/fr/logiciel-courtier-assurance-issy-les-moulineaux,fichier statique du depot,200,Logiciel pour courtier d&#x27;assurance à Issy-les-Moulineaux — COURTIA · courtiark.fr,https://courtiark.fr/fr/logiciel-courtier-assurance-issy-les-moulineaux,"noindex, follow",non,oui,"indexee historiquement, noindex depuis",/fr/*,"pSEO ville (local, noindex volontaire)",,NOINDEX,haute,page de masse volontairement sortie de l'index ; Google doit la retirer progressivement
https://courtiark.fr/fr/logiciel-courtier-assurance-istres,fichier statique du depot,200,Logiciel pour courtier d&#x27;assurance à Istres — COURTIA · courtiark.fr,https://courtiark.fr/fr/logiciel-courtier-assurance-istres,"noindex, follow",non,oui,"indexee historiquement, noindex depuis",/fr/*,"pSEO ville (local, noindex volontaire)",,NOINDEX,haute,page de masse volontairement sortie de l'index ; Google doit la retirer progressivement
https://courtiark.fr/fr/logiciel-courtier-assurance-ivry-sur-seine,fichier statique du depot,200,Logiciel pour courtier d&#x27;assurance à Ivry-sur-Seine — COURTIA · courtiark.fr,https://courtiark.fr/fr/logiciel-courtier-assurance-ivry-sur-seine,"noindex, follow",non,oui,"indexee historiquement, noindex depuis",/fr/*,"pSEO ville (local, noindex volontaire)",,NOINDEX,haute,page de masse volontairement sortie de l'index ; Google doit la retirer progressivement
https://courtiark.fr/fr/logiciel-courtier-assurance-la-defense,fichier statique du depot,200,Logiciel pour courtier d&#x27;assurance à La Défense — COURTIA · courtiark.fr,https://courtiark.fr/fr/logiciel-courtier-assurance-la-defense,"noindex, follow",non,oui,"indexee historiquement, noindex depuis",/fr/*,"pSEO ville (local, noindex volontaire)",,NOINDEX,haute,page de masse volontairement sortie de l'index ; Google doit la retirer progressivement
https://courtiark.fr/fr/logiciel-courtier-assurance-la-roche-sur-yon,fichier statique du depot,200,Logiciel pour courtier d&#x27;assurance à La Roche-sur-Yon — COURTIA · courtiark.fr,https://courtiark.fr/fr/logiciel-courtier-assurance-la-roche-sur-yon,"noindex, follow",non,oui,"indexee historiquement, noindex depuis",/fr/*,page heritee non indexable,,NOINDEX,haute,conservee accessible mais hors index : decision editoriale
https://courtiark.fr/fr/logiciel-courtier-assurance-la-rochelle,fichier statique du depot,200,Logiciel pour courtier d&#x27;assurance à La Rochelle — COURTIA · courtiark.fr,https://courtiark.fr/fr/logiciel-courtier-assurance-la-rochelle,"noindex, follow",non,oui,"indexee historiquement, noindex depuis",/fr/*,"pSEO ville (local, noindex volontaire)",,NOINDEX,haute,page de masse volontairement sortie de l'index ; Google doit la retirer progressivement
https://courtiark.fr/fr/logiciel-courtier-assurance-lannion,fichier statique du depot,200,Logiciel pour courtier d&#x27;assurance à Lannion — COURTIA · courtiark.fr,https://courtiark.fr/fr/logiciel-courtier-assurance-lannion,"noindex, follow",non,oui,"indexee historiquement, noindex depuis",/fr/*,"pSEO ville (local, noindex volontaire)",,NOINDEX,haute,page de masse volontairement sortie de l'index ; Google doit la retirer progressivement
https://courtiark.fr/fr/logiciel-courtier-assurance-laon,fichier statique du depot,200,Logiciel pour courtier d&#x27;assurance à Laon — COURTIA · courtiark.fr,https://courtiark.fr/fr/logiciel-courtier-assurance-laon,"noindex, follow",non,oui,"indexee historiquement, noindex depuis",/fr/*,"pSEO ville (local, noindex volontaire)",,NOINDEX,haute,page de masse volontairement sortie de l'index ; Google doit la retirer progressivement
https://courtiark.fr/fr/logiciel-courtier-assurance-laval,fichier statique du depot,200,Logiciel pour courtier d&#x27;assurance à Laval — COURTIA · courtiark.fr,https://courtiark.fr/fr/logiciel-courtier-assurance-laval,"noindex, follow",non,oui,"indexee historiquement, noindex depuis",/fr/*,"pSEO ville (local, noindex volontaire)",,NOINDEX,haute,page de masse volontairement sortie de l'index ; Google doit la retirer progressivement
https://courtiark.fr/fr/logiciel-courtier-assurance-le-havre,fichier statique du depot,200,Logiciel pour courtier d&#x27;assurance à Le Havre — COURTIA · courtiark.fr,https://courtiark.fr/fr/logiciel-courtier-assurance-le-havre,"noindex, follow",non,oui,"indexee historiquement, noindex depuis",/fr/*,"pSEO ville (local, noindex volontaire)",,NOINDEX,haute,page de masse volontairement sortie de l'index ; Google doit la retirer progressivement
https://courtiark.fr/fr/logiciel-courtier-assurance-le-mans,fichier statique du depot,200,Logiciel pour courtier d&#x27;assurance à Le Mans — COURTIA · courtiark.fr,https://courtiark.fr/fr/logiciel-courtier-assurance-le-mans,"noindex, follow",non,oui,"indexee historiquement, noindex depuis",/fr/*,"pSEO ville (local, noindex volontaire)",,NOINDEX,haute,page de masse volontairement sortie de l'index ; Google doit la retirer progressivement
https://courtiark.fr/fr/logiciel-courtier-assurance-lens,fichier statique du depot,200,Logiciel pour courtier d&#x27;assurance à Lens — COURTIA · courtiark.fr,https://courtiark.fr/fr/logiciel-courtier-assurance-lens,"noindex, follow",non,oui,"indexee historiquement, noindex depuis",/fr/*,"pSEO ville (local, noindex volontaire)",,NOINDEX,haute,page de masse volontairement sortie de l'index ; Google doit la retirer progressivement
https://courtiark.fr/fr/logiciel-courtier-assurance-levallois-perret,fichier statique du depot,200,Logiciel pour courtier d&#x27;assurance à Levallois-Perret — COURTIA · courtiark.fr,https://courtiark.fr/fr/logiciel-courtier-assurance-levallois-perret,"noindex, follow",non,oui,"indexee historiquement, noindex depuis",/fr/*,"pSEO ville (local, noindex volontaire)",,NOINDEX,haute,page de masse volontairement sortie de l'index ; Google doit la retirer progressivement
https://courtiark.fr/fr/logiciel-courtier-assurance-libourne,fichier statique du depot,200,Logiciel pour courtier d&#x27;assurance à Libourne — COURTIA · courtiark.fr,https://courtiark.fr/fr/logiciel-courtier-assurance-libourne,"noindex, follow",non,oui,"indexee historiquement, noindex depuis",/fr/*,"pSEO ville (local, noindex volontaire)",,NOINDEX,haute,page de masse volontairement sortie de l'index ; Google doit la retirer progressivement
https://courtiark.fr/fr/logiciel-courtier-assurance-lille,fichier statique du depot,200,Logiciel courtier assurance à Lille — CRM et gestion,https://courtiark.fr/fr/logiciel-courtier-assurance-lille,"index, follow, max-image-preview:large",non,oui,"indexee (historique, d'apres le rapport Search Console)",/fr/*,doublon semantique de l'ancien plan,https://courtiark.fr/crm-courtier-assurance,REDIRECT_308,haute,"correspondance par sujet, a confirmer si le contenu diverge"
https://courtiark.fr/fr/logiciel-courtier-assurance-limoges,fichier statique du depot,200,Logiciel pour courtier d&#x27;assurance à Limoges — COURTIA · courtiark.fr,https://courtiark.fr/fr/logiciel-courtier-assurance-limoges,"noindex, follow",non,oui,"indexee historiquement, noindex depuis",/fr/*,"pSEO ville (local, noindex volontaire)",,NOINDEX,haute,page de masse volontairement sortie de l'index ; Google doit la retirer progressivement
https://courtiark.fr/fr/logiciel-courtier-assurance-lisieux,fichier statique du depot,200,Logiciel pour courtier d&#x27;assurance à Lisieux — COURTIA · courtiark.fr,https://courtiark.fr/fr/logiciel-courtier-assurance-lisieux,"noindex, follow",non,oui,"indexee historiquement, noindex depuis",/fr/*,"pSEO ville (local, noindex volontaire)",,NOINDEX,haute,page de masse volontairement sortie de l'index ; Google doit la retirer progressivement
https://courtiark.fr/fr/logiciel-courtier-assurance-lorient,fichier statique du depot,200,Logiciel pour courtier d&#x27;assurance à Lorient — COURTIA · courtiark.fr,https://courtiark.fr/fr/logiciel-courtier-assurance-lorient,"noindex, follow",non,oui,"indexee historiquement, noindex depuis",/fr/*,"pSEO ville (local, noindex volontaire)",,NOINDEX,haute,page de masse volontairement sortie de l'index ; Google doit la retirer progressivement
https://courtiark.fr/fr/logiciel-courtier-assurance-lyon,fichier statique du depot,200,Logiciel courtier assurance à Lyon — CRM et automatisation,https://courtiark.fr/fr/logiciel-courtier-assurance-lyon,"index, follow, max-image-preview:large",non,oui,"indexee (historique, d'apres le rapport Search Console)",/fr/*,doublon semantique de l'ancien plan,https://courtiark.fr/crm-courtier-assurance,REDIRECT_308,haute,"correspondance par sujet, a confirmer si le contenu diverge"
https://courtiark.fr/fr/logiciel-courtier-assurance-macon,fichier statique du depot,200,Logiciel pour courtier d&#x27;assurance à Mâcon — COURTIA · courtiark.fr,https://courtiark.fr/fr/logiciel-courtier-assurance-macon,"noindex, follow",non,oui,"indexee historiquement, noindex depuis",/fr/*,"pSEO ville (local, noindex volontaire)",,NOINDEX,haute,page de masse volontairement sortie de l'index ; Google doit la retirer progressivement
https://courtiark.fr/fr/logiciel-courtier-assurance-maisons-alfort,fichier statique du depot,200,Logiciel pour courtier d&#x27;assurance à Maisons-Alfort — COURTIA · courtiark.fr,https://courtiark.fr/fr/logiciel-courtier-assurance-maisons-alfort,"noindex, follow",non,oui,"indexee historiquement, noindex depuis",/fr/*,"pSEO ville (local, noindex volontaire)",,NOINDEX,haute,page de masse volontairement sortie de l'index ; Google doit la retirer progressivement
https://courtiark.fr/fr/logiciel-courtier-assurance-manosque,fichier statique du depot,200,Logiciel pour courtier d&#x27;assurance à Manosque — COURTIA · courtiark.fr,https://courtiark.fr/fr/logiciel-courtier-assurance-manosque,"noindex, follow",non,oui,"indexee historiquement, noindex depuis",/fr/*,"pSEO ville (local, noindex volontaire)",,NOINDEX,haute,page de masse volontairement sortie de l'index ; Google doit la retirer progressivement
https://courtiark.fr/fr/logiciel-courtier-assurance-mantes-la-jolie,fichier statique du depot,200,Logiciel pour courtier d&#x27;assurance à Mantes-la-Jolie — COURTIA · courtiark.fr,https://courtiark.fr/fr/logiciel-courtier-assurance-mantes-la-jolie,"noindex, follow",non,oui,"indexee historiquement, noindex depuis",/fr/*,"pSEO ville (local, noindex volontaire)",,NOINDEX,haute,page de masse volontairement sortie de l'index ; Google doit la retirer progressivement
https://courtiark.fr/fr/logiciel-courtier-assurance-marseille,fichier statique du depot,200,Logiciel courtier assurance à Marseille — CRM et gestion,https://courtiark.fr/fr/logiciel-courtier-assurance-marseille,"index, follow, max-image-preview:large",non,oui,"indexee (historique, d'apres le rapport Search Console)",/fr/*,doublon semantique de l'ancien plan,https://courtiark.fr/crm-courtier-assurance,REDIRECT_308,haute,"correspondance par sujet, a confirmer si le contenu diverge"
https://courtiark.fr/fr/logiciel-courtier-assurance-martigues,fichier statique du depot,200,Logiciel pour courtier d&#x27;assurance à Martigues — COURTIA · courtiark.fr,https://courtiark.fr/fr/logiciel-courtier-assurance-martigues,"noindex, follow",non,oui,"indexee historiquement, noindex depuis",/fr/*,"pSEO ville (local, noindex volontaire)",,NOINDEX,haute,page de masse volontairement sortie de l'index ; Google doit la retirer progressivement
https://courtiark.fr/fr/logiciel-courtier-assurance-massy,fichier statique du depot,200,Logiciel pour courtier d&#x27;assurance à Massy — COURTIA · courtiark.fr,https://courtiark.fr/fr/logiciel-courtier-assurance-massy,"noindex, follow",non,oui,"indexee historiquement, noindex depuis",/fr/*,"pSEO ville (local, noindex volontaire)",,NOINDEX,haute,page de masse volontairement sortie de l'index ; Google doit la retirer progressivement
https://courtiark.fr/fr/logiciel-courtier-assurance-meaux,fichier statique du depot,200,Logiciel pour courtier d&#x27;assurance à Meaux — COURTIA · courtiark.fr,https://courtiark.fr/fr/logiciel-courtier-assurance-meaux,"noindex, follow",non,oui,"indexee historiquement, noindex depuis",/fr/*,"pSEO ville (local, noindex volontaire)",,NOINDEX,haute,page de masse volontairement sortie de l'index ; Google doit la retirer progressivement
https://courtiark.fr/fr/logiciel-courtier-assurance-melun,fichier statique du depot,200,Logiciel pour courtier d&#x27;assurance à Melun — COURTIA · courtiark.fr,https://courtiark.fr/fr/logiciel-courtier-assurance-melun,"noindex, follow",non,oui,"indexee historiquement, noindex depuis",/fr/*,"pSEO ville (local, noindex volontaire)",,NOINDEX,haute,page de masse volontairement sortie de l'index ; Google doit la retirer progressivement
https://courtiark.fr/fr/logiciel-courtier-assurance-menton,fichier statique du depot,200,Logiciel pour courtier d&#x27;assurance à Menton — COURTIA · courtiark.fr,https://courtiark.fr/fr/logiciel-courtier-assurance-menton,"noindex, follow",non,oui,"indexee historiquement, noindex depuis",/fr/*,"pSEO ville (local, noindex volontaire)",,NOINDEX,haute,page de masse volontairement sortie de l'index ; Google doit la retirer progressivement
https://courtiark.fr/fr/logiciel-courtier-assurance-merignac,fichier statique du depot,200,Logiciel pour courtier d&#x27;assurance à Mérignac — COURTIA · courtiark.fr,https://courtiark.fr/fr/logiciel-courtier-assurance-merignac,"noindex, follow",non,oui,"indexee historiquement, noindex depuis",/fr/*,"pSEO ville (local, noindex volontaire)",,NOINDEX,haute,page de masse volontairement sortie de l'index ; Google doit la retirer progressivement
https://courtiark.fr/fr/logiciel-courtier-assurance-metz,fichier statique du depot,200,Logiciel pour courtier d&#x27;assurance à Metz — COURTIA · courtiark.fr,https://courtiark.fr/fr/logiciel-courtier-assurance-metz,"noindex, follow",non,oui,"indexee historiquement, noindex depuis",/fr/*,"pSEO ville (local, noindex volontaire)",,NOINDEX,haute,page de masse volontairement sortie de l'index ; Google doit la retirer progressivement
https://courtiark.fr/fr/logiciel-courtier-assurance-mont-de-marsan,fichier statique du depot,200,Logiciel pour courtier d&#x27;assurance à Mont-de-Marsan — COURTIA · courtiark.fr,https://courtiark.fr/fr/logiciel-courtier-assurance-mont-de-marsan,"noindex, follow",non,oui,"indexee historiquement, noindex depuis",/fr/*,"pSEO ville (local, noindex volontaire)",,NOINDEX,haute,page de masse volontairement sortie de l'index ; Google doit la retirer progressivement
https://courtiark.fr/fr/logiciel-courtier-assurance-montauban,fichier statique du depot,200,Logiciel pour courtier d&#x27;assurance à Montauban — COURTIA · courtiark.fr,https://courtiark.fr/fr/logiciel-courtier-assurance-montauban,"noindex, follow",non,oui,"indexee historiquement, noindex depuis",/fr/*,"pSEO ville (local, noindex volontaire)",,NOINDEX,haute,page de masse volontairement sortie de l'index ; Google doit la retirer progressivement
https://courtiark.fr/fr/logiciel-courtier-assurance-montbeliard,fichier statique du depot,200,Logiciel pour courtier d&#x27;assurance à Montbéliard — COURTIA · courtiark.fr,https://courtiark.fr/fr/logiciel-courtier-assurance-montbeliard,"noindex, follow",non,oui,"indexee historiquement, noindex depuis",/fr/*,"pSEO ville (local, noindex volontaire)",,NOINDEX,haute,page de masse volontairement sortie de l'index ; Google doit la retirer progressivement
https://courtiark.fr/fr/logiciel-courtier-assurance-montlucon,fichier statique du depot,200,Logiciel pour courtier d&#x27;assurance à Montluçon — COURTIA · courtiark.fr,https://courtiark.fr/fr/logiciel-courtier-assurance-montlucon,"noindex, follow",non,oui,"indexee historiquement, noindex depuis",/fr/*,"pSEO ville (local, noindex volontaire)",,NOINDEX,haute,page de masse volontairement sortie de l'index ; Google doit la retirer progressivement
https://courtiark.fr/fr/logiciel-courtier-assurance-montpellier,fichier statique du depot,200,Logiciel courtier assurance à Montpellier — CRM et gestion,https://courtiark.fr/fr/logiciel-courtier-assurance-montpellier,"index, follow, max-image-preview:large",non,oui,"indexee (historique, d'apres le rapport Search Console)",/fr/*,doublon semantique de l'ancien plan,https://courtiark.fr/crm-courtier-assurance,REDIRECT_308,haute,"correspondance par sujet, a confirmer si le contenu diverge"
https://courtiark.fr/fr/logiciel-courtier-assurance-morlaix,fichier statique du depot,200,Logiciel pour courtier d&#x27;assurance à Morlaix — COURTIA · courtiark.fr,https://courtiark.fr/fr/logiciel-courtier-assurance-morlaix,"noindex, follow",non,oui,"indexee historiquement, noindex depuis",/fr/*,"pSEO ville (local, noindex volontaire)",,NOINDEX,haute,page de masse volontairement sortie de l'index ; Google doit la retirer progressivement
https://courtiark.fr/fr/logiciel-courtier-assurance-moulins,fichier statique du depot,200,Logiciel pour courtier d&#x27;assurance à Moulins — COURTIA · courtiark.fr,https://courtiark.fr/fr/logiciel-courtier-assurance-moulins,"noindex, follow",non,oui,"indexee historiquement, noindex depuis",/fr/*,"pSEO ville (local, noindex volontaire)",,NOINDEX,haute,page de masse volontairement sortie de l'index ; Google doit la retirer progressivement
https://courtiark.fr/fr/logiciel-courtier-assurance-mulhouse,fichier statique du depot,200,Logiciel pour courtier d&#x27;assurance à Mulhouse — COURTIA · courtiark.fr,https://courtiark.fr/fr/logiciel-courtier-assurance-mulhouse,"noindex, follow",non,oui,"indexee historiquement, noindex depuis",/fr/*,"pSEO ville (local, noindex volontaire)",,NOINDEX,haute,page de masse volontairement sortie de l'index ; Google doit la retirer progressivement
https://courtiark.fr/fr/logiciel-courtier-assurance-nancy,fichier statique du depot,200,Logiciel pour courtier d&#x27;assurance à Nancy — COURTIA · courtiark.fr,https://courtiark.fr/fr/logiciel-courtier-assurance-nancy,"noindex, follow",non,oui,"indexee historiquement, noindex depuis",/fr/*,"pSEO ville (local, noindex volontaire)",,NOINDEX,haute,page de masse volontairement sortie de l'index ; Google doit la retirer progressivement
https://courtiark.fr/fr/logiciel-courtier-assurance-nanterre,fichier statique du depot,200,Logiciel pour courtier d&#x27;assurance à Nanterre — COURTIA · courtiark.fr,https://courtiark.fr/fr/logiciel-courtier-assurance-nanterre,"noindex, follow",non,oui,"indexee historiquement, noindex depuis",/fr/*,"pSEO ville (local, noindex volontaire)",,NOINDEX,haute,page de masse volontairement sortie de l'index ; Google doit la retirer progressivement
https://courtiark.fr/fr/logiciel-courtier-assurance-nantes,fichier statique du depot,200,Logiciel courtier assurance à Nantes — CRM et automatisation,https://courtiark.fr/fr/logiciel-courtier-assurance-nantes,"index, follow, max-image-preview:large",non,oui,"indexee (historique, d'apres le rapport Search Console)",/fr/*,doublon semantique de l'ancien plan,https://courtiark.fr/crm-courtier-assurance,REDIRECT_308,haute,"correspondance par sujet, a confirmer si le contenu diverge"
https://courtiark.fr/fr/logiciel-courtier-assurance-narbonne,fichier statique du depot,200,Logiciel pour courtier d&#x27;assurance à Narbonne — COURTIA · courtiark.fr,https://courtiark.fr/fr/logiciel-courtier-assurance-narbonne,"noindex, follow",non,oui,"indexee historiquement, noindex depuis",/fr/*,"pSEO ville (local, noindex volontaire)",,NOINDEX,haute,page de masse volontairement sortie de l'index ; Google doit la retirer progressivement
https://courtiark.fr/fr/logiciel-courtier-assurance-nevers,fichier statique du depot,200,Logiciel pour courtier d&#x27;assurance à Nevers — COURTIA · courtiark.fr,https://courtiark.fr/fr/logiciel-courtier-assurance-nevers,"noindex, follow",non,oui,"indexee historiquement, noindex depuis",/fr/*,"pSEO ville (local, noindex volontaire)",,NOINDEX,haute,page de masse volontairement sortie de l'index ; Google doit la retirer progressivement
https://courtiark.fr/fr/logiciel-courtier-assurance-nice,fichier statique du depot,200,Logiciel courtier assurance à Nice — CRM et automatisation,https://courtiark.fr/fr/logiciel-courtier-assurance-nice,"index, follow, max-image-preview:large",non,oui,"indexee (historique, d'apres le rapport Search Console)",/fr/*,doublon semantique de l'ancien plan,https://courtiark.fr/crm-courtier-assurance,REDIRECT_308,haute,"correspondance par sujet, a confirmer si le contenu diverge"
https://courtiark.fr/fr/logiciel-courtier-assurance-nimes,fichier statique du depot,200,Logiciel pour courtier d&#x27;assurance à Nîmes — COURTIA · courtiark.fr,https://courtiark.fr/fr/logiciel-courtier-assurance-nimes,"noindex, follow",non,oui,"indexee historiquement, noindex depuis",/fr/*,"pSEO ville (local, noindex volontaire)",,NOINDEX,haute,page de masse volontairement sortie de l'index ; Google doit la retirer progressivement
https://courtiark.fr/fr/logiciel-courtier-assurance-niort,fichier statique du depot,200,Logiciel pour courtier d&#x27;assurance à Niort — COURTIA · courtiark.fr,https://courtiark.fr/fr/logiciel-courtier-assurance-niort,"noindex, follow",non,oui,"indexee historiquement, noindex depuis",/fr/*,"pSEO ville (local, noindex volontaire)",,NOINDEX,haute,page de masse volontairement sortie de l'index ; Google doit la retirer progressivement
https://courtiark.fr/fr/logiciel-courtier-assurance-noisy-le-grand,fichier statique du depot,200,Logiciel pour courtier d&#x27;assurance à Noisy-le-Grand — COURTIA · courtiark.fr,https://courtiark.fr/fr/logiciel-courtier-assurance-noisy-le-grand,"noindex, follow",non,oui,"indexee historiquement, noindex depuis",/fr/*,"pSEO ville (local, noindex volontaire)",,NOINDEX,haute,page de masse volontairement sortie de l'index ; Google doit la retirer progressivement
https://courtiark.fr/fr/logiciel-courtier-assurance-orleans,fichier statique du depot,200,Logiciel pour courtier d&#x27;assurance à Orléans — COURTIA · courtiark.fr,https://courtiark.fr/fr/logiciel-courtier-assurance-orleans,"noindex, follow",non,oui,"indexee historiquement, noindex depuis",/fr/*,"pSEO ville (local, noindex volontaire)",,NOINDEX,haute,page de masse volontairement sortie de l'index ; Google doit la retirer progressivement
https://courtiark.fr/fr/logiciel-courtier-assurance-pantin,fichier statique du depot,200,Logiciel pour courtier d&#x27;assurance à Pantin — COURTIA · courtiark.fr,https://courtiark.fr/fr/logiciel-courtier-assurance-pantin,"noindex, follow",non,oui,"indexee historiquement, noindex depuis",/fr/*,"pSEO ville (local, noindex volontaire)",,NOINDEX,haute,page de masse volontairement sortie de l'index ; Google doit la retirer progressivement
https://courtiark.fr/fr/logiciel-courtier-assurance-paris,fichier statique du depot,200,"Logiciel courtier assurance à Paris — CRM, automatisation, démo",https://courtiark.fr/fr/logiciel-courtier-assurance-paris,"index, follow, max-image-preview:large",non,oui,"indexee (historique, d'apres le rapport Search Console)",/fr/*,doublon semantique de l'ancien plan,https://courtiark.fr/crm-courtier-assurance,REDIRECT_308,haute,"correspondance par sujet, a confirmer si le contenu diverge"
https://courtiark.fr/fr/logiciel-courtier-assurance-pau,fichier statique du depot,200,Logiciel pour courtier d&#x27;assurance à Pau — COURTIA · courtiark.fr,https://courtiark.fr/fr/logiciel-courtier-assurance-pau,"noindex, follow",non,oui,"indexee historiquement, noindex depuis",/fr/*,page heritee non indexable,,NOINDEX,haute,conservee accessible mais hors index : decision editoriale
https://courtiark.fr/fr/logiciel-courtier-assurance-perigueux,fichier statique du depot,200,Logiciel pour courtier d&#x27;assurance à Périgueux — COURTIA · courtiark.fr,https://courtiark.fr/fr/logiciel-courtier-assurance-perigueux,"noindex, follow",non,oui,"indexee historiquement, noindex depuis",/fr/*,"pSEO ville (local, noindex volontaire)",,NOINDEX,haute,page de masse volontairement sortie de l'index ; Google doit la retirer progressivement
https://courtiark.fr/fr/logiciel-courtier-assurance-perpignan,fichier statique du depot,200,Logiciel pour courtier d&#x27;assurance à Perpignan — COURTIA · courtiark.fr,https://courtiark.fr/fr/logiciel-courtier-assurance-perpignan,"noindex, follow",non,oui,"indexee historiquement, noindex depuis",/fr/*,"pSEO ville (local, noindex volontaire)",,NOINDEX,haute,page de masse volontairement sortie de l'index ; Google doit la retirer progressivement
https://courtiark.fr/fr/logiciel-courtier-assurance-pessac,fichier statique du depot,200,Logiciel pour courtier d&#x27;assurance à Pessac — COURTIA · courtiark.fr,https://courtiark.fr/fr/logiciel-courtier-assurance-pessac,"noindex, follow",non,oui,"indexee historiquement, noindex depuis",/fr/*,"pSEO ville (local, noindex volontaire)",,NOINDEX,haute,page de masse volontairement sortie de l'index ; Google doit la retirer progressivement
https://courtiark.fr/fr/logiciel-courtier-assurance-poissy,fichier statique du depot,200,Logiciel pour courtier d&#x27;assurance à Poissy — COURTIA · courtiark.fr,https://courtiark.fr/fr/logiciel-courtier-assurance-poissy,"noindex, follow",non,oui,"indexee historiquement, noindex depuis",/fr/*,"pSEO ville (local, noindex volontaire)",,NOINDEX,haute,page de masse volontairement sortie de l'index ; Google doit la retirer progressivement
https://courtiark.fr/fr/logiciel-courtier-assurance-poitiers,fichier statique du depot,200,Logiciel pour courtier d&#x27;assurance à Poitiers — COURTIA · courtiark.fr,https://courtiark.fr/fr/logiciel-courtier-assurance-poitiers,"noindex, follow",non,oui,"indexee historiquement, noindex depuis",/fr/*,"pSEO ville (local, noindex volontaire)",,NOINDEX,haute,page de masse volontairement sortie de l'index ; Google doit la retirer progressivement
https://courtiark.fr/fr/logiciel-courtier-assurance-pontault-combault,fichier statique du depot,200,Logiciel pour courtier d&#x27;assurance à Pontault-Combault — COURTIA · courtiark.fr,https://courtiark.fr/fr/logiciel-courtier-assurance-pontault-combault,"noindex, follow",non,oui,"indexee historiquement, noindex depuis",/fr/*,"pSEO ville (local, noindex volontaire)",,NOINDEX,haute,page de masse volontairement sortie de l'index ; Google doit la retirer progressivement
https://courtiark.fr/fr/logiciel-courtier-assurance-quimper,fichier statique du depot,200,Logiciel pour courtier d&#x27;assurance à Quimper — COURTIA · courtiark.fr,https://courtiark.fr/fr/logiciel-courtier-assurance-quimper,"noindex, follow",non,oui,"indexee historiquement, noindex depuis",/fr/*,"pSEO ville (local, noindex volontaire)",,NOINDEX,haute,page de masse volontairement sortie de l'index ; Google doit la retirer progressivement
https://courtiark.fr/fr/logiciel-courtier-assurance-reims,fichier statique du depot,200,Logiciel pour courtier d&#x27;assurance à Reims — COURTIA · courtiark.fr,https://courtiark.fr/fr/logiciel-courtier-assurance-reims,"noindex, follow",non,oui,"indexee historiquement, noindex depuis",/fr/*,"pSEO ville (local, noindex volontaire)",,NOINDEX,haute,page de masse volontairement sortie de l'index ; Google doit la retirer progressivement
https://courtiark.fr/fr/logiciel-courtier-assurance-rennes,fichier statique du depot,200,Logiciel pour courtier d&#x27;assurance à Rennes — COURTIA · courtiark.fr,https://courtiark.fr/fr/logiciel-courtier-assurance-rennes,"noindex, follow",non,oui,"indexee historiquement, noindex depuis",/fr/*,"pSEO ville (local, noindex volontaire)",,NOINDEX,haute,page de masse volontairement sortie de l'index ; Google doit la retirer progressivement
https://courtiark.fr/fr/logiciel-courtier-assurance-roanne,fichier statique du depot,200,Logiciel pour courtier d&#x27;assurance à Roanne — COURTIA · courtiark.fr,https://courtiark.fr/fr/logiciel-courtier-assurance-roanne,"noindex, follow",non,oui,"indexee historiquement, noindex depuis",/fr/*,"pSEO ville (local, noindex volontaire)",,NOINDEX,haute,page de masse volontairement sortie de l'index ; Google doit la retirer progressivement
https://courtiark.fr/fr/logiciel-courtier-assurance-rochefort,fichier statique du depot,200,Logiciel pour courtier d&#x27;assurance à Rochefort — COURTIA · courtiark.fr,https://courtiark.fr/fr/logiciel-courtier-assurance-rochefort,"noindex, follow",non,oui,"indexee historiquement, noindex depuis",/fr/*,"pSEO ville (local, noindex volontaire)",,NOINDEX,haute,page de masse volontairement sortie de l'index ; Google doit la retirer progressivement
https://courtiark.fr/fr/logiciel-courtier-assurance-rodez,fichier statique du depot,200,Logiciel pour courtier d&#x27;assurance à Rodez — COURTIA · courtiark.fr,https://courtiark.fr/fr/logiciel-courtier-assurance-rodez,"noindex, follow",non,oui,"indexee historiquement, noindex depuis",/fr/*,"pSEO ville (local, noindex volontaire)",,NOINDEX,haute,page de masse volontairement sortie de l'index ; Google doit la retirer progressivement
https://courtiark.fr/fr/logiciel-courtier-assurance-romans-sur-isere,fichier statique du depot,200,Logiciel pour courtier d&#x27;assurance à Romans-sur-Isère — COURTIA · courtiark.fr,https://courtiark.fr/fr/logiciel-courtier-assurance-romans-sur-isere,"noindex, follow",non,oui,"indexee historiquement, noindex depuis",/fr/*,"pSEO ville (local, noindex volontaire)",,NOINDEX,haute,page de masse volontairement sortie de l'index ; Google doit la retirer progressivement
https://courtiark.fr/fr/logiciel-courtier-assurance-rosny-sous-bois,fichier statique du depot,200,Logiciel pour courtier d&#x27;assurance à Rosny-sous-Bois — COURTIA · courtiark.fr,https://courtiark.fr/fr/logiciel-courtier-assurance-rosny-sous-bois,"noindex, follow",non,oui,"indexee historiquement, noindex depuis",/fr/*,"pSEO ville (local, noindex volontaire)",,NOINDEX,haute,page de masse volontairement sortie de l'index ; Google doit la retirer progressivement
https://courtiark.fr/fr/logiciel-courtier-assurance-roubaix,fichier statique du depot,200,Logiciel pour courtier d&#x27;assurance à Roubaix — COURTIA · courtiark.fr,https://courtiark.fr/fr/logiciel-courtier-assurance-roubaix,"noindex, follow",non,oui,"indexee historiquement, noindex depuis",/fr/*,"pSEO ville (local, noindex volontaire)",,NOINDEX,haute,page de masse volontairement sortie de l'index ; Google doit la retirer progressivement
https://courtiark.fr/fr/logiciel-courtier-assurance-rouen,fichier statique du depot,200,Logiciel pour courtier d&#x27;assurance à Rouen — COURTIA · courtiark.fr,https://courtiark.fr/fr/logiciel-courtier-assurance-rouen,"noindex, follow",non,oui,"indexee historiquement, noindex depuis",/fr/*,"pSEO ville (local, noindex volontaire)",,NOINDEX,haute,page de masse volontairement sortie de l'index ; Google doit la retirer progressivement
https://courtiark.fr/fr/logiciel-courtier-assurance-saint-brieuc,fichier statique du depot,200,Logiciel pour courtier d&#x27;assurance à Saint-Brieuc — COURTIA · courtiark.fr,https://courtiark.fr/fr/logiciel-courtier-assurance-saint-brieuc,"noindex, follow",non,oui,"indexee historiquement, noindex depuis",/fr/*,"pSEO ville (local, noindex volontaire)",,NOINDEX,haute,page de masse volontairement sortie de l'index ; Google doit la retirer progressivement
https://courtiark.fr/fr/logiciel-courtier-assurance-saint-chamond,fichier statique du depot,200,Logiciel pour courtier d&#x27;assurance à Saint-Chamond — COURTIA · courtiark.fr,https://courtiark.fr/fr/logiciel-courtier-assurance-saint-chamond,"noindex, follow",non,oui,"indexee historiquement, noindex depuis",/fr/*,"pSEO ville (local, noindex volontaire)",,NOINDEX,haute,page de masse volontairement sortie de l'index ; Google doit la retirer progressivement
https://courtiark.fr/fr/logiciel-courtier-assurance-saint-etienne,fichier statique du depot,200,Logiciel pour courtier d&#x27;assurance à Saint-Étienne — COURTIA · courtiark.fr,https://courtiark.fr/fr/logiciel-courtier-assurance-saint-etienne,"noindex, follow",non,oui,"indexee historiquement, noindex depuis",/fr/*,"pSEO ville (local, noindex volontaire)",,NOINDEX,haute,page de masse volontairement sortie de l'index ; Google doit la retirer progressivement
https://courtiark.fr/fr/logiciel-courtier-assurance-saint-germain-en-laye,fichier statique du depot,200,Logiciel pour courtier d&#x27;assurance à Saint-Germain-en-Laye — COURTIA · courtiark.fr,https://courtiark.fr/fr/logiciel-courtier-assurance-saint-germain-en-laye,"noindex, follow",non,oui,"indexee historiquement, noindex depuis",/fr/*,"pSEO ville (local, noindex volontaire)",,NOINDEX,haute,page de masse volontairement sortie de l'index ; Google doit la retirer progressivement
https://courtiark.fr/fr/logiciel-courtier-assurance-saint-lo,fichier statique du depot,200,Logiciel pour courtier d&#x27;assurance à Saint-Lô — COURTIA · courtiark.fr,https://courtiark.fr/fr/logiciel-courtier-assurance-saint-lo,"noindex, follow",non,oui,"indexee historiquement, noindex depuis",/fr/*,page heritee non indexable,,NOINDEX,haute,conservee accessible mais hors index : decision editoriale
https://courtiark.fr/fr/logiciel-courtier-assurance-saint-malo,fichier statique du depot,200,Logiciel pour courtier d&#x27;assurance à Saint-Malo — COURTIA · courtiark.fr,https://courtiark.fr/fr/logiciel-courtier-assurance-saint-malo,"noindex, follow",non,oui,"indexee historiquement, noindex depuis",/fr/*,"pSEO ville (local, noindex volontaire)",,NOINDEX,haute,page de masse volontairement sortie de l'index ; Google doit la retirer progressivement
https://courtiark.fr/fr/logiciel-courtier-assurance-saint-nazaire,fichier statique du depot,200,Logiciel pour courtier d&#x27;assurance à Saint-Nazaire — COURTIA · courtiark.fr,https://courtiark.fr/fr/logiciel-courtier-assurance-saint-nazaire,"noindex, follow",non,oui,"indexee historiquement, noindex depuis",/fr/*,"pSEO ville (local, noindex volontaire)",,NOINDEX,haute,page de masse volontairement sortie de l'index ; Google doit la retirer progressivement
https://courtiark.fr/fr/logiciel-courtier-assurance-saintes,fichier statique du depot,200,Logiciel pour courtier d&#x27;assurance à Saintes — COURTIA · courtiark.fr,https://courtiark.fr/fr/logiciel-courtier-assurance-saintes,"noindex, follow",non,oui,"indexee historiquement, noindex depuis",/fr/*,"pSEO ville (local, noindex volontaire)",,NOINDEX,haute,page de masse volontairement sortie de l'index ; Google doit la retirer progressivement
https://courtiark.fr/fr/logiciel-courtier-assurance-salon-de-provence,fichier statique du depot,200,Logiciel pour courtier d&#x27;assurance à Salon-de-Provence — COURTIA · courtiark.fr,https://courtiark.fr/fr/logiciel-courtier-assurance-salon-de-provence,"noindex, follow",non,oui,"indexee historiquement, noindex depuis",/fr/*,"pSEO ville (local, noindex volontaire)",,NOINDEX,haute,page de masse volontairement sortie de l'index ; Google doit la retirer progressivement
https://courtiark.fr/fr/logiciel-courtier-assurance-sarcelles,fichier statique du depot,200,Logiciel pour courtier d&#x27;assurance à Sarcelles — COURTIA · courtiark.fr,https://courtiark.fr/fr/logiciel-courtier-assurance-sarcelles,"noindex, follow",non,oui,"indexee historiquement, noindex depuis",/fr/*,"pSEO ville (local, noindex volontaire)",,NOINDEX,haute,page de masse volontairement sortie de l'index ; Google doit la retirer progressivement
https://courtiark.fr/fr/logiciel-courtier-assurance-selestat,fichier statique du depot,200,Logiciel pour courtier d&#x27;assurance à Sélestat — COURTIA · courtiark.fr,https://courtiark.fr/fr/logiciel-courtier-assurance-selestat,"noindex, follow",non,oui,"indexee historiquement, noindex depuis",/fr/*,"pSEO ville (local, noindex volontaire)",,NOINDEX,haute,page de masse volontairement sortie de l'index ; Google doit la retirer progressivement
https://courtiark.fr/fr/logiciel-courtier-assurance-senart,fichier statique du depot,200,Logiciel pour courtier d&#x27;assurance à Sénart — COURTIA · courtiark.fr,https://courtiark.fr/fr/logiciel-courtier-assurance-senart,"noindex, follow",non,oui,"indexee historiquement, noindex depuis",/fr/*,"pSEO ville (local, noindex volontaire)",,NOINDEX,haute,page de masse volontairement sortie de l'index ; Google doit la retirer progressivement
https://courtiark.fr/fr/logiciel-courtier-assurance-sete,fichier statique du depot,200,Logiciel pour courtier d&#x27;assurance à Sète — COURTIA · courtiark.fr,https://courtiark.fr/fr/logiciel-courtier-assurance-sete,"noindex, follow",non,oui,"indexee historiquement, noindex depuis",/fr/*,"pSEO ville (local, noindex volontaire)",,NOINDEX,haute,page de masse volontairement sortie de l'index ; Google doit la retirer progressivement
https://courtiark.fr/fr/logiciel-courtier-assurance-soissons,fichier statique du depot,200,Logiciel pour courtier d&#x27;assurance à Soissons — COURTIA · courtiark.fr,https://courtiark.fr/fr/logiciel-courtier-assurance-soissons,"noindex, follow",non,oui,"indexee historiquement, noindex depuis",/fr/*,"pSEO ville (local, noindex volontaire)",,NOINDEX,haute,page de masse volontairement sortie de l'index ; Google doit la retirer progressivement
https://courtiark.fr/fr/logiciel-courtier-assurance-strasbourg,fichier statique du depot,200,Logiciel courtier assurance à Strasbourg — CRM et automatisation,https://courtiark.fr/fr/logiciel-courtier-assurance-strasbourg,"index, follow, max-image-preview:large",non,oui,"indexee (historique, d'apres le rapport Search Console)",/fr/*,doublon semantique de l'ancien plan,https://courtiark.fr/crm-courtier-assurance,REDIRECT_308,haute,"correspondance par sujet, a confirmer si le contenu diverge"
https://courtiark.fr/fr/logiciel-courtier-assurance-tarbes,fichier statique du depot,200,Logiciel pour courtier d&#x27;assurance à Tarbes — COURTIA · courtiark.fr,https://courtiark.fr/fr/logiciel-courtier-assurance-tarbes,"noindex, follow",non,oui,"indexee historiquement, noindex depuis",/fr/*,"pSEO ville (local, noindex volontaire)",,NOINDEX,haute,page de masse volontairement sortie de l'index ; Google doit la retirer progressivement
https://courtiark.fr/fr/logiciel-courtier-assurance-thionville,fichier statique du depot,200,Logiciel pour courtier d&#x27;assurance à Thionville — COURTIA · courtiark.fr,https://courtiark.fr/fr/logiciel-courtier-assurance-thionville,"noindex, follow",non,oui,"indexee historiquement, noindex depuis",/fr/*,"pSEO ville (local, noindex volontaire)",,NOINDEX,haute,page de masse volontairement sortie de l'index ; Google doit la retirer progressivement
https://courtiark.fr/fr/logiciel-courtier-assurance-toulon,fichier statique du depot,200,Logiciel pour courtier d&#x27;assurance à Toulon — COURTIA · courtiark.fr,https://courtiark.fr/fr/logiciel-courtier-assurance-toulon,"noindex, follow",non,oui,"indexee historiquement, noindex depuis",/fr/*,"pSEO ville (local, noindex volontaire)",,NOINDEX,haute,page de masse volontairement sortie de l'index ; Google doit la retirer progressivement
https://courtiark.fr/fr/logiciel-courtier-assurance-toulouse,fichier statique du depot,200,Logiciel courtier assurance à Toulouse — CRM et gestion,https://courtiark.fr/fr/logiciel-courtier-assurance-toulouse,"index, follow, max-image-preview:large",non,oui,"indexee (historique, d'apres le rapport Search Console)",/fr/*,doublon semantique de l'ancien plan,https://courtiark.fr/crm-courtier-assurance,REDIRECT_308,haute,"correspondance par sujet, a confirmer si le contenu diverge"
https://courtiark.fr/fr/logiciel-courtier-assurance-tourcoing,fichier statique du depot,200,Logiciel pour courtier d&#x27;assurance à Tourcoing — COURTIA · courtiark.fr,https://courtiark.fr/fr/logiciel-courtier-assurance-tourcoing,"noindex, follow",non,oui,"indexee historiquement, noindex depuis",/fr/*,"pSEO ville (local, noindex volontaire)",,NOINDEX,haute,page de masse volontairement sortie de l'index ; Google doit la retirer progressivement
https://courtiark.fr/fr/logiciel-courtier-assurance-tours,fichier statique du depot,200,Logiciel pour courtier d&#x27;assurance à Tours — COURTIA · courtiark.fr,https://courtiark.fr/fr/logiciel-courtier-assurance-tours,"noindex, follow",non,oui,"indexee historiquement, noindex depuis",/fr/*,"pSEO ville (local, noindex volontaire)",,NOINDEX,haute,page de masse volontairement sortie de l'index ; Google doit la retirer progressivement
https://courtiark.fr/fr/logiciel-courtier-assurance-troyes,fichier statique du depot,200,Logiciel pour courtier d&#x27;assurance à Troyes — COURTIA · courtiark.fr,https://courtiark.fr/fr/logiciel-courtier-assurance-troyes,"noindex, follow",non,oui,"indexee historiquement, noindex depuis",/fr/*,"pSEO ville (local, noindex volontaire)",,NOINDEX,haute,page de masse volontairement sortie de l'index ; Google doit la retirer progressivement
https://courtiark.fr/fr/logiciel-courtier-assurance-valence,fichier statique du depot,200,Logiciel pour courtier d&#x27;assurance à Valence — COURTIA · courtiark.fr,https://courtiark.fr/fr/logiciel-courtier-assurance-valence,"noindex, follow",non,oui,"indexee historiquement, noindex depuis",/fr/*,"pSEO ville (local, noindex volontaire)",,NOINDEX,haute,page de masse volontairement sortie de l'index ; Google doit la retirer progressivement
https://courtiark.fr/fr/logiciel-courtier-assurance-valenciennes,fichier statique du depot,200,Logiciel pour courtier d&#x27;assurance à Valenciennes — COURTIA · courtiark.fr,https://courtiark.fr/fr/logiciel-courtier-assurance-valenciennes,"noindex, follow",non,oui,"indexee historiquement, noindex depuis",/fr/*,"pSEO ville (local, noindex volontaire)",,NOINDEX,haute,page de masse volontairement sortie de l'index ; Google doit la retirer progressivement
https://courtiark.fr/fr/logiciel-courtier-assurance-vannes,fichier statique du depot,200,Logiciel pour courtier d&#x27;assurance à Vannes — COURTIA · courtiark.fr,https://courtiark.fr/fr/logiciel-courtier-assurance-vannes,"noindex, follow",non,oui,"indexee historiquement, noindex depuis",/fr/*,"pSEO ville (local, noindex volontaire)",,NOINDEX,haute,page de masse volontairement sortie de l'index ; Google doit la retirer progressivement
https://courtiark.fr/fr/logiciel-courtier-assurance-venissieux,fichier statique du depot,200,Logiciel pour courtier d&#x27;assurance à Vénissieux — COURTIA · courtiark.fr,https://courtiark.fr/fr/logiciel-courtier-assurance-venissieux,"noindex, follow",non,oui,"indexee historiquement, noindex depuis",/fr/*,"pSEO ville (local, noindex volontaire)",,NOINDEX,haute,page de masse volontairement sortie de l'index ; Google doit la retirer progressivement
https://courtiark.fr/fr/logiciel-courtier-assurance-versailles,fichier statique du depot,200,Logiciel pour courtier d&#x27;assurance à Versailles — COURTIA · courtiark.fr,https://courtiark.fr/fr/logiciel-courtier-assurance-versailles,"noindex, follow",non,oui,"indexee historiquement, noindex depuis",/fr/*,"pSEO ville (local, noindex volontaire)",,NOINDEX,haute,page de masse volontairement sortie de l'index ; Google doit la retirer progressivement
https://courtiark.fr/fr/logiciel-courtier-assurance-vichy,fichier statique du depot,200,Logiciel pour courtier d&#x27;assurance à Vichy — COURTIA · courtiark.fr,https://courtiark.fr/fr/logiciel-courtier-assurance-vichy,"noindex, follow",non,oui,"indexee historiquement, noindex depuis",/fr/*,"pSEO ville (local, noindex volontaire)",,NOINDEX,haute,page de masse volontairement sortie de l'index ; Google doit la retirer progressivement
https://courtiark.fr/fr/logiciel-courtier-assurance-vierzon,fichier statique du depot,200,Logiciel pour courtier d&#x27;assurance à Vierzon — COURTIA · courtiark.fr,https://courtiark.fr/fr/logiciel-courtier-assurance-vierzon,"noindex, follow",non,oui,"indexee historiquement, noindex depuis",/fr/*,"pSEO ville (local, noindex volontaire)",,NOINDEX,haute,page de masse volontairement sortie de l'index ; Google doit la retirer progressivement
https://courtiark.fr/fr/logiciel-courtier-assurance-villeurbanne,fichier statique du depot,200,Logiciel pour courtier d&#x27;assurance à Villeurbanne — COURTIA · courtiark.fr,https://courtiark.fr/fr/logiciel-courtier-assurance-villeurbanne,"noindex, follow",non,oui,"indexee historiquement, noindex depuis",/fr/*,"pSEO ville (local, noindex volontaire)",,NOINDEX,haute,page de masse volontairement sortie de l'index ; Google doit la retirer progressivement
https://courtiark.fr/fr/logiciel-courtier-assurance-vincennes,fichier statique du depot,200,Logiciel pour courtier d&#x27;assurance à Vincennes — COURTIA · courtiark.fr,https://courtiark.fr/fr/logiciel-courtier-assurance-vincennes,"noindex, follow",non,oui,"indexee historiquement, noindex depuis",/fr/*,"pSEO ville (local, noindex volontaire)",,NOINDEX,haute,page de masse volontairement sortie de l'index ; Google doit la retirer progressivement
https://courtiark.fr/fr/logiciel-courtier-auto,fichier statique du depot,200,"Logiciel pour courtier auto : contrats, flottes, échéances — COURTIA",https://courtiark.fr/fr/logiciel-courtier-auto,"index, follow",non,oui,"indexee (historique, d'apres le rapport Search Console)",/fr/*,doublon semantique de l'ancien plan,https://courtiark.fr/crm-courtier-assurance,REDIRECT_308,moyenne,"correspondance par sujet, a confirmer si le contenu diverge"
https://courtiark.fr/fr/logiciel-courtier-decennale,fichier statique du depot,200,Logiciel courtier décennale et construction : suivi des dossiers — COURTIA,https://courtiark.fr/fr/logiciel-courtier-decennale,"index, follow",non,oui,"indexee (historique, d'apres le rapport Search Console)",/fr/*,doublon semantique de l'ancien plan,https://courtiark.fr/crm-courtier-assurance,REDIRECT_308,moyenne,"correspondance par sujet, a confirmer si le contenu diverge"
https://courtiark.fr/fr/logiciel-courtier-emprunteur,fichier statique du depot,200,Logiciel pour courtier assurance emprunteur — COURTIA · courtiark.fr,https://courtiark.fr/fr/logiciel-courtier-emprunteur,"index, follow, max-image-preview:large",non,oui,"indexee (historique, d'apres le rapport Search Console)",/fr/*,doublon semantique de l'ancien plan,https://courtiark.fr/crm-courtier-assurance,REDIRECT_308,moyenne,"correspondance par sujet, a confirmer si le contenu diverge"
https://courtiark.fr/fr/logiciel-courtier-emprunteur-agen,fichier statique du depot,200,Logiciel pour courtier emprunteur à Agen — COURTIA · courtiark.fr,https://courtiark.fr/fr/logiciel-courtier-emprunteur-agen,"noindex, follow",non,oui,"indexee historiquement, noindex depuis",/fr/*,"pSEO ville (local, noindex volontaire)",,NOINDEX,haute,page de masse volontairement sortie de l'index ; Google doit la retirer progressivement
https://courtiark.fr/fr/logiciel-courtier-emprunteur-aix-en-provence,fichier statique du depot,200,Logiciel pour courtier emprunteur à Aix-en-Provence — COURTIA · courtiark.fr,https://courtiark.fr/fr/logiciel-courtier-emprunteur-aix-en-provence,"noindex, follow",non,oui,"indexee historiquement, noindex depuis",/fr/*,"pSEO ville (local, noindex volontaire)",,NOINDEX,haute,page de masse volontairement sortie de l'index ; Google doit la retirer progressivement
https://courtiark.fr/fr/logiciel-courtier-emprunteur-ajaccio,fichier statique du depot,200,Logiciel pour courtier emprunteur à Ajaccio — COURTIA · courtiark.fr,https://courtiark.fr/fr/logiciel-courtier-emprunteur-ajaccio,"noindex, follow",non,oui,"indexee historiquement, noindex depuis",/fr/*,"pSEO ville (local, noindex volontaire)",,NOINDEX,haute,page de masse volontairement sortie de l'index ; Google doit la retirer progressivement
https://courtiark.fr/fr/logiciel-courtier-emprunteur-albi,fichier statique du depot,200,Logiciel pour courtier emprunteur à Albi — COURTIA · courtiark.fr,https://courtiark.fr/fr/logiciel-courtier-emprunteur-albi,"noindex, follow",non,oui,"indexee historiquement, noindex depuis",/fr/*,"pSEO ville (local, noindex volontaire)",,NOINDEX,haute,page de masse volontairement sortie de l'index ; Google doit la retirer progressivement
https://courtiark.fr/fr/logiciel-courtier-emprunteur-alencon,fichier statique du depot,200,Logiciel pour courtier emprunteur à Alençon — COURTIA · courtiark.fr,https://courtiark.fr/fr/logiciel-courtier-emprunteur-alencon,"noindex, follow",non,oui,"indexee historiquement, noindex depuis",/fr/*,"pSEO ville (local, noindex volontaire)",,NOINDEX,haute,page de masse volontairement sortie de l'index ; Google doit la retirer progressivement
https://courtiark.fr/fr/logiciel-courtier-emprunteur-amiens,fichier statique du depot,200,Logiciel pour courtier emprunteur à Amiens — COURTIA · courtiark.fr,https://courtiark.fr/fr/logiciel-courtier-emprunteur-amiens,"noindex, follow",non,oui,"indexee historiquement, noindex depuis",/fr/*,"pSEO ville (local, noindex volontaire)",,NOINDEX,haute,page de masse volontairement sortie de l'index ; Google doit la retirer progressivement
https://courtiark.fr/fr/logiciel-courtier-emprunteur-angers,fichier statique du depot,200,Logiciel pour courtier emprunteur à Angers — COURTIA · courtiark.fr,https://courtiark.fr/fr/logiciel-courtier-emprunteur-angers,"noindex, follow",non,oui,"indexee historiquement, noindex depuis",/fr/*,"pSEO ville (local, noindex volontaire)",,NOINDEX,haute,page de masse volontairement sortie de l'index ; Google doit la retirer progressivement
https://courtiark.fr/fr/logiciel-courtier-emprunteur-anglet,fichier statique du depot,200,Logiciel pour courtier emprunteur à Anglet — COURTIA · courtiark.fr,https://courtiark.fr/fr/logiciel-courtier-emprunteur-anglet,"noindex, follow",non,oui,"indexee historiquement, noindex depuis",/fr/*,"pSEO ville (local, noindex volontaire)",,NOINDEX,haute,page de masse volontairement sortie de l'index ; Google doit la retirer progressivement
https://courtiark.fr/fr/logiciel-courtier-emprunteur-angouleme,fichier statique du depot,200,Logiciel pour courtier emprunteur à Angoulême — COURTIA · courtiark.fr,https://courtiark.fr/fr/logiciel-courtier-emprunteur-angouleme,"noindex, follow",non,oui,"indexee historiquement, noindex depuis",/fr/*,"pSEO ville (local, noindex volontaire)",,NOINDEX,haute,page de masse volontairement sortie de l'index ; Google doit la retirer progressivement
https://courtiark.fr/fr/logiciel-courtier-emprunteur-annecy,fichier statique du depot,200,Logiciel pour courtier emprunteur à Annecy — COURTIA · courtiark.fr,https://courtiark.fr/fr/logiciel-courtier-emprunteur-annecy,"noindex, follow",non,oui,"indexee historiquement, noindex depuis",/fr/*,"pSEO ville (local, noindex volontaire)",,NOINDEX,haute,page de masse volontairement sortie de l'index ; Google doit la retirer progressivement
https://courtiark.fr/fr/logiciel-courtier-emprunteur-antibes,fichier statique du depot,200,Logiciel pour courtier emprunteur à Antibes — COURTIA · courtiark.fr,https://courtiark.fr/fr/logiciel-courtier-emprunteur-antibes,"noindex, follow",non,oui,"indexee historiquement, noindex depuis",/fr/*,"pSEO ville (local, noindex volontaire)",,NOINDEX,haute,page de masse volontairement sortie de l'index ; Google doit la retirer progressivement
https://courtiark.fr/fr/logiciel-courtier-emprunteur-antony,fichier statique du depot,200,Logiciel pour courtier emprunteur à Antony — COURTIA · courtiark.fr,https://courtiark.fr/fr/logiciel-courtier-emprunteur-antony,"noindex, follow",non,oui,"indexee historiquement, noindex depuis",/fr/*,"pSEO ville (local, noindex volontaire)",,NOINDEX,haute,page de masse volontairement sortie de l'index ; Google doit la retirer progressivement
https://courtiark.fr/fr/logiciel-courtier-emprunteur-arles,fichier statique du depot,200,Logiciel pour courtier emprunteur à Arles — COURTIA · courtiark.fr,https://courtiark.fr/fr/logiciel-courtier-emprunteur-arles,"noindex, follow",non,oui,"indexee historiquement, noindex depuis",/fr/*,"pSEO ville (local, noindex volontaire)",,NOINDEX,haute,page de masse volontairement sortie de l'index ; Google doit la retirer progressivement
https://courtiark.fr/fr/logiciel-courtier-emprunteur-arras,fichier statique du depot,200,Logiciel pour courtier emprunteur à Arras — COURTIA · courtiark.fr,https://courtiark.fr/fr/logiciel-courtier-emprunteur-arras,"noindex, follow",non,oui,"indexee historiquement, noindex depuis",/fr/*,"pSEO ville (local, noindex volontaire)",,NOINDEX,haute,page de masse volontairement sortie de l'index ; Google doit la retirer progressivement
https://courtiark.fr/fr/logiciel-courtier-emprunteur-aubagne,fichier statique du depot,200,Logiciel pour courtier emprunteur à Aubagne — COURTIA · courtiark.fr,https://courtiark.fr/fr/logiciel-courtier-emprunteur-aubagne,"noindex, follow",non,oui,"indexee historiquement, noindex depuis",/fr/*,"pSEO ville (local, noindex volontaire)",,NOINDEX,haute,page de masse volontairement sortie de l'index ; Google doit la retirer progressivement
https://courtiark.fr/fr/logiciel-courtier-emprunteur-aubervilliers,fichier statique du depot,200,Logiciel pour courtier emprunteur à Aubervilliers — COURTIA · courtiark.fr,https://courtiark.fr/fr/logiciel-courtier-emprunteur-aubervilliers,"noindex, follow",non,oui,"indexee historiquement, noindex depuis",/fr/*,"pSEO ville (local, noindex volontaire)",,NOINDEX,haute,page de masse volontairement sortie de l'index ; Google doit la retirer progressivement
https://courtiark.fr/fr/logiciel-courtier-emprunteur-auch,fichier statique du depot,200,Logiciel pour courtier emprunteur à Auch — COURTIA · courtiark.fr,https://courtiark.fr/fr/logiciel-courtier-emprunteur-auch,"noindex, follow",non,oui,"indexee historiquement, noindex depuis",/fr/*,"pSEO ville (local, noindex volontaire)",,NOINDEX,haute,page de masse volontairement sortie de l'index ; Google doit la retirer progressivement
https://courtiark.fr/fr/logiciel-courtier-emprunteur-aulnay-sous-bois,fichier statique du depot,200,Logiciel pour courtier emprunteur à Aulnay-sous-Bois — COURTIA · courtiark.fr,https://courtiark.fr/fr/logiciel-courtier-emprunteur-aulnay-sous-bois,"noindex, follow",non,oui,"indexee historiquement, noindex depuis",/fr/*,"pSEO ville (local, noindex volontaire)",,NOINDEX,haute,page de masse volontairement sortie de l'index ; Google doit la retirer progressivement
https://courtiark.fr/fr/logiciel-courtier-emprunteur-avignon,fichier statique du depot,200,Logiciel pour courtier emprunteur à Avignon — COURTIA · courtiark.fr,https://courtiark.fr/fr/logiciel-courtier-emprunteur-avignon,"noindex, follow",non,oui,"indexee historiquement, noindex depuis",/fr/*,"pSEO ville (local, noindex volontaire)",,NOINDEX,haute,page de masse volontairement sortie de l'index ; Google doit la retirer progressivement
https://courtiark.fr/fr/logiciel-courtier-emprunteur-bagnolet,fichier statique du depot,200,Logiciel pour courtier emprunteur à Bagnolet — COURTIA · courtiark.fr,https://courtiark.fr/fr/logiciel-courtier-emprunteur-bagnolet,"noindex, follow",non,oui,"indexee historiquement, noindex depuis",/fr/*,"pSEO ville (local, noindex volontaire)",,NOINDEX,haute,page de masse volontairement sortie de l'index ; Google doit la retirer progressivement
https://courtiark.fr/fr/logiciel-courtier-emprunteur-bastia,fichier statique du depot,200,Logiciel pour courtier emprunteur à Bastia — COURTIA · courtiark.fr,https://courtiark.fr/fr/logiciel-courtier-emprunteur-bastia,"noindex, follow",non,oui,"indexee historiquement, noindex depuis",/fr/*,"pSEO ville (local, noindex volontaire)",,NOINDEX,haute,page de masse volontairement sortie de l'index ; Google doit la retirer progressivement
https://courtiark.fr/fr/logiciel-courtier-emprunteur-bayeux,fichier statique du depot,200,Logiciel pour courtier emprunteur à Bayeux — COURTIA · courtiark.fr,https://courtiark.fr/fr/logiciel-courtier-emprunteur-bayeux,"noindex, follow",non,oui,"indexee historiquement, noindex depuis",/fr/*,"pSEO ville (local, noindex volontaire)",,NOINDEX,haute,page de masse volontairement sortie de l'index ; Google doit la retirer progressivement
https://courtiark.fr/fr/logiciel-courtier-emprunteur-bayonne,fichier statique du depot,200,Logiciel pour courtier emprunteur à Bayonne — COURTIA · courtiark.fr,https://courtiark.fr/fr/logiciel-courtier-emprunteur-bayonne,"noindex, follow",non,oui,"indexee historiquement, noindex depuis",/fr/*,"pSEO ville (local, noindex volontaire)",,NOINDEX,haute,page de masse volontairement sortie de l'index ; Google doit la retirer progressivement
https://courtiark.fr/fr/logiciel-courtier-emprunteur-beauvais,fichier statique du depot,200,Logiciel pour courtier emprunteur à Beauvais — COURTIA · courtiark.fr,https://courtiark.fr/fr/logiciel-courtier-emprunteur-beauvais,"noindex, follow",non,oui,"indexee historiquement, noindex depuis",/fr/*,"pSEO ville (local, noindex volontaire)",,NOINDEX,haute,page de masse volontairement sortie de l'index ; Google doit la retirer progressivement
https://courtiark.fr/fr/logiciel-courtier-emprunteur-belfort,fichier statique du depot,200,Logiciel pour courtier emprunteur à Belfort — COURTIA · courtiark.fr,https://courtiark.fr/fr/logiciel-courtier-emprunteur-belfort,"noindex, follow",non,oui,"indexee historiquement, noindex depuis",/fr/*,"pSEO ville (local, noindex volontaire)",,NOINDEX,haute,page de masse volontairement sortie de l'index ; Google doit la retirer progressivement
https://courtiark.fr/fr/logiciel-courtier-emprunteur-bergerac,fichier statique du depot,200,Logiciel pour courtier emprunteur à Bergerac — COURTIA · courtiark.fr,https://courtiark.fr/fr/logiciel-courtier-emprunteur-bergerac,"noindex, follow",non,oui,"indexee historiquement, noindex depuis",/fr/*,"pSEO ville (local, noindex volontaire)",,NOINDEX,haute,page de masse volontairement sortie de l'index ; Google doit la retirer progressivement
https://courtiark.fr/fr/logiciel-courtier-emprunteur-besancon,fichier statique du depot,200,Logiciel pour courtier emprunteur à Besançon — COURTIA · courtiark.fr,https://courtiark.fr/fr/logiciel-courtier-emprunteur-besancon,"noindex, follow",non,oui,"indexee historiquement, noindex depuis",/fr/*,"pSEO ville (local, noindex volontaire)",,NOINDEX,haute,page de masse volontairement sortie de l'index ; Google doit la retirer progressivement
https://courtiark.fr/fr/logiciel-courtier-emprunteur-beziers,fichier statique du depot,200,Logiciel pour courtier emprunteur à Béziers — COURTIA · courtiark.fr,https://courtiark.fr/fr/logiciel-courtier-emprunteur-beziers,"noindex, follow",non,oui,"indexee historiquement, noindex depuis",/fr/*,"pSEO ville (local, noindex volontaire)",,NOINDEX,haute,page de masse volontairement sortie de l'index ; Google doit la retirer progressivement
https://courtiark.fr/fr/logiciel-courtier-emprunteur-biarritz,fichier statique du depot,200,Logiciel pour courtier emprunteur à Biarritz — COURTIA · courtiark.fr,https://courtiark.fr/fr/logiciel-courtier-emprunteur-biarritz,"noindex, follow",non,oui,"indexee historiquement, noindex depuis",/fr/*,"pSEO ville (local, noindex volontaire)",,NOINDEX,haute,page de masse volontairement sortie de l'index ; Google doit la retirer progressivement
https://courtiark.fr/fr/logiciel-courtier-emprunteur-blois,fichier statique du depot,200,Logiciel pour courtier emprunteur à Blois — COURTIA · courtiark.fr,https://courtiark.fr/fr/logiciel-courtier-emprunteur-blois,"noindex, follow",non,oui,"indexee historiquement, noindex depuis",/fr/*,"pSEO ville (local, noindex volontaire)",,NOINDEX,haute,page de masse volontairement sortie de l'index ; Google doit la retirer progressivement
https://courtiark.fr/fr/logiciel-courtier-emprunteur-bobigny,fichier statique du depot,200,Logiciel pour courtier emprunteur à Bobigny — COURTIA · courtiark.fr,https://courtiark.fr/fr/logiciel-courtier-emprunteur-bobigny,"noindex, follow",non,oui,"indexee historiquement, noindex depuis",/fr/*,"pSEO ville (local, noindex volontaire)",,NOINDEX,haute,page de masse volontairement sortie de l'index ; Google doit la retirer progressivement
https://courtiark.fr/fr/logiciel-courtier-emprunteur-bondy,fichier statique du depot,200,Logiciel pour courtier emprunteur à Bondy — COURTIA · courtiark.fr,https://courtiark.fr/fr/logiciel-courtier-emprunteur-bondy,"noindex, follow",non,oui,"indexee historiquement, noindex depuis",/fr/*,"pSEO ville (local, noindex volontaire)",,NOINDEX,haute,page de masse volontairement sortie de l'index ; Google doit la retirer progressivement
https://courtiark.fr/fr/logiciel-courtier-emprunteur-bordeaux,fichier statique du depot,200,Logiciel pour courtier emprunteur à Bordeaux — COURTIA · courtiark.fr,https://courtiark.fr/fr/logiciel-courtier-emprunteur-bordeaux,"noindex, follow",non,oui,"indexee historiquement, noindex depuis",/fr/*,"pSEO ville (local, noindex volontaire)",,NOINDEX,haute,page de masse volontairement sortie de l'index ; Google doit la retirer progressivement
https://courtiark.fr/fr/logiciel-courtier-emprunteur-boulogne-sur-mer,fichier statique du depot,200,Logiciel pour courtier emprunteur à Boulogne-sur-Mer — COURTIA · courtiark.fr,https://courtiark.fr/fr/logiciel-courtier-emprunteur-boulogne-sur-mer,"noindex, follow",non,oui,"indexee historiquement, noindex depuis",/fr/*,page heritee non indexable,,NOINDEX,haute,conservee accessible mais hors index : decision editoriale
https://courtiark.fr/fr/logiciel-courtier-emprunteur-bourg-en-bresse,fichier statique du depot,200,Logiciel pour courtier emprunteur à Bourg-en-Bresse — COURTIA · courtiark.fr,https://courtiark.fr/fr/logiciel-courtier-emprunteur-bourg-en-bresse,"noindex, follow",non,oui,"indexee historiquement, noindex depuis",/fr/*,"pSEO ville (local, noindex volontaire)",,NOINDEX,haute,page de masse volontairement sortie de l'index ; Google doit la retirer progressivement
https://courtiark.fr/fr/logiciel-courtier-emprunteur-bourges,fichier statique du depot,200,Logiciel pour courtier emprunteur à Bourges — COURTIA · courtiark.fr,https://courtiark.fr/fr/logiciel-courtier-emprunteur-bourges,"noindex, follow",non,oui,"indexee historiquement, noindex depuis",/fr/*,"pSEO ville (local, noindex volontaire)",,NOINDEX,haute,page de masse volontairement sortie de l'index ; Google doit la retirer progressivement
https://courtiark.fr/fr/logiciel-courtier-emprunteur-brest,fichier statique du depot,200,Logiciel pour courtier emprunteur à Brest — COURTIA · courtiark.fr,https://courtiark.fr/fr/logiciel-courtier-emprunteur-brest,"noindex, follow",non,oui,"indexee historiquement, noindex depuis",/fr/*,"pSEO ville (local, noindex volontaire)",,NOINDEX,haute,page de masse volontairement sortie de l'index ; Google doit la retirer progressivement
https://courtiark.fr/fr/logiciel-courtier-emprunteur-caen,fichier statique du depot,200,Logiciel pour courtier emprunteur à Caen — COURTIA · courtiark.fr,https://courtiark.fr/fr/logiciel-courtier-emprunteur-caen,"noindex, follow",non,oui,"indexee historiquement, noindex depuis",/fr/*,"pSEO ville (local, noindex volontaire)",,NOINDEX,haute,page de masse volontairement sortie de l'index ; Google doit la retirer progressivement
https://courtiark.fr/fr/logiciel-courtier-emprunteur-cagnes-sur-mer,fichier statique du depot,200,Logiciel pour courtier emprunteur à Cagnes-sur-Mer — COURTIA · courtiark.fr,https://courtiark.fr/fr/logiciel-courtier-emprunteur-cagnes-sur-mer,"noindex, follow",non,oui,"indexee historiquement, noindex depuis",/fr/*,page heritee non indexable,,NOINDEX,haute,conservee accessible mais hors index : decision editoriale
https://courtiark.fr/fr/logiciel-courtier-emprunteur-cahors,fichier statique du depot,200,Logiciel pour courtier emprunteur à Cahors — COURTIA · courtiark.fr,https://courtiark.fr/fr/logiciel-courtier-emprunteur-cahors,"noindex, follow",non,oui,"indexee historiquement, noindex depuis",/fr/*,"pSEO ville (local, noindex volontaire)",,NOINDEX,haute,page de masse volontairement sortie de l'index ; Google doit la retirer progressivement
https://courtiark.fr/fr/logiciel-courtier-emprunteur-calais,fichier statique du depot,200,Logiciel pour courtier emprunteur à Calais — COURTIA · courtiark.fr,https://courtiark.fr/fr/logiciel-courtier-emprunteur-calais,"noindex, follow",non,oui,"indexee historiquement, noindex depuis",/fr/*,"pSEO ville (local, noindex volontaire)",,NOINDEX,haute,page de masse volontairement sortie de l'index ; Google doit la retirer progressivement
https://courtiark.fr/fr/logiciel-courtier-emprunteur-cambrai,fichier statique du depot,200,Logiciel pour courtier emprunteur à Cambrai — COURTIA · courtiark.fr,https://courtiark.fr/fr/logiciel-courtier-emprunteur-cambrai,"noindex, follow",non,oui,"indexee historiquement, noindex depuis",/fr/*,"pSEO ville (local, noindex volontaire)",,NOINDEX,haute,page de masse volontairement sortie de l'index ; Google doit la retirer progressivement
https://courtiark.fr/fr/logiciel-courtier-emprunteur-cannes,fichier statique du depot,200,Logiciel pour courtier emprunteur à Cannes — COURTIA · courtiark.fr,https://courtiark.fr/fr/logiciel-courtier-emprunteur-cannes,"noindex, follow",non,oui,"indexee historiquement, noindex depuis",/fr/*,"pSEO ville (local, noindex volontaire)",,NOINDEX,haute,page de masse volontairement sortie de l'index ; Google doit la retirer progressivement
https://courtiark.fr/fr/logiciel-courtier-emprunteur-carcassonne,fichier statique du depot,200,Logiciel pour courtier emprunteur à Carcassonne — COURTIA · courtiark.fr,https://courtiark.fr/fr/logiciel-courtier-emprunteur-carcassonne,"noindex, follow",non,oui,"indexee historiquement, noindex depuis",/fr/*,"pSEO ville (local, noindex volontaire)",,NOINDEX,haute,page de masse volontairement sortie de l'index ; Google doit la retirer progressivement
https://courtiark.fr/fr/logiciel-courtier-emprunteur-carpentras,fichier statique du depot,200,Logiciel pour courtier emprunteur à Carpentras — COURTIA · courtiark.fr,https://courtiark.fr/fr/logiciel-courtier-emprunteur-carpentras,"noindex, follow",non,oui,"indexee historiquement, noindex depuis",/fr/*,"pSEO ville (local, noindex volontaire)",,NOINDEX,haute,page de masse volontairement sortie de l'index ; Google doit la retirer progressivement
https://courtiark.fr/fr/logiciel-courtier-emprunteur-cergy,fichier statique du depot,200,Logiciel pour courtier emprunteur à Cergy — COURTIA · courtiark.fr,https://courtiark.fr/fr/logiciel-courtier-emprunteur-cergy,"noindex, follow",non,oui,"indexee historiquement, noindex depuis",/fr/*,"pSEO ville (local, noindex volontaire)",,NOINDEX,haute,page de masse volontairement sortie de l'index ; Google doit la retirer progressivement
https://courtiark.fr/fr/logiciel-courtier-emprunteur-chalon-sur-saone,fichier statique du depot,200,Logiciel pour courtier emprunteur à Chalon-sur-Saône — COURTIA · courtiark.fr,https://courtiark.fr/fr/logiciel-courtier-emprunteur-chalon-sur-saone,"noindex, follow",non,oui,"indexee historiquement, noindex depuis",/fr/*,"pSEO ville (local, noindex volontaire)",,NOINDEX,haute,page de masse volontairement sortie de l'index ; Google doit la retirer progressivement
https://courtiark.fr/fr/logiciel-courtier-emprunteur-chambery,fichier statique du depot,200,Logiciel pour courtier emprunteur à Chambéry — COURTIA · courtiark.fr,https://courtiark.fr/fr/logiciel-courtier-emprunteur-chambery,"noindex, follow",non,oui,"indexee historiquement, noindex depuis",/fr/*,"pSEO ville (local, noindex volontaire)",,NOINDEX,haute,page de masse volontairement sortie de l'index ; Google doit la retirer progressivement
https://courtiark.fr/fr/logiciel-courtier-emprunteur-charenton,fichier statique du depot,200,Logiciel pour courtier emprunteur à Charenton — COURTIA · courtiark.fr,https://courtiark.fr/fr/logiciel-courtier-emprunteur-charenton,"noindex, follow",non,oui,"indexee historiquement, noindex depuis",/fr/*,"pSEO ville (local, noindex volontaire)",,NOINDEX,haute,page de masse volontairement sortie de l'index ; Google doit la retirer progressivement
https://courtiark.fr/fr/logiciel-courtier-emprunteur-charleville-mezieres,fichier statique du depot,200,Logiciel pour courtier emprunteur à Charleville-Mézières — COURTIA · courtiark.fr,https://courtiark.fr/fr/logiciel-courtier-emprunteur-charleville-mezieres,"noindex, follow",non,oui,"indexee historiquement, noindex depuis",/fr/*,"pSEO ville (local, noindex volontaire)",,NOINDEX,haute,page de masse volontairement sortie de l'index ; Google doit la retirer progressivement
https://courtiark.fr/fr/logiciel-courtier-emprunteur-chartres,fichier statique du depot,200,Logiciel pour courtier emprunteur à Chartres — COURTIA · courtiark.fr,https://courtiark.fr/fr/logiciel-courtier-emprunteur-chartres,"noindex, follow",non,oui,"indexee historiquement, noindex depuis",/fr/*,"pSEO ville (local, noindex volontaire)",,NOINDEX,haute,page de masse volontairement sortie de l'index ; Google doit la retirer progressivement
https://courtiark.fr/fr/logiciel-courtier-emprunteur-chateauroux,fichier statique du depot,200,Logiciel pour courtier emprunteur à Châteauroux — COURTIA · courtiark.fr,https://courtiark.fr/fr/logiciel-courtier-emprunteur-chateauroux,"noindex, follow",non,oui,"indexee historiquement, noindex depuis",/fr/*,"pSEO ville (local, noindex volontaire)",,NOINDEX,haute,page de masse volontairement sortie de l'index ; Google doit la retirer progressivement
https://courtiark.fr/fr/logiciel-courtier-emprunteur-chelles,fichier statique du depot,200,Logiciel pour courtier emprunteur à Chelles — COURTIA · courtiark.fr,https://courtiark.fr/fr/logiciel-courtier-emprunteur-chelles,"noindex, follow",non,oui,"indexee historiquement, noindex depuis",/fr/*,"pSEO ville (local, noindex volontaire)",,NOINDEX,haute,page de masse volontairement sortie de l'index ; Google doit la retirer progressivement
https://courtiark.fr/fr/logiciel-courtier-emprunteur-cherbourg,fichier statique du depot,200,Logiciel pour courtier emprunteur à Cherbourg — COURTIA · courtiark.fr,https://courtiark.fr/fr/logiciel-courtier-emprunteur-cherbourg,"noindex, follow",non,oui,"indexee historiquement, noindex depuis",/fr/*,"pSEO ville (local, noindex volontaire)",,NOINDEX,haute,page de masse volontairement sortie de l'index ; Google doit la retirer progressivement
https://courtiark.fr/fr/logiciel-courtier-emprunteur-cholet,fichier statique du depot,200,Logiciel pour courtier emprunteur à Cholet — COURTIA · courtiark.fr,https://courtiark.fr/fr/logiciel-courtier-emprunteur-cholet,"noindex, follow",non,oui,"indexee historiquement, noindex depuis",/fr/*,"pSEO ville (local, noindex volontaire)",,NOINDEX,haute,page de masse volontairement sortie de l'index ; Google doit la retirer progressivement
https://courtiark.fr/fr/logiciel-courtier-emprunteur-clermont-ferrand,fichier statique du depot,200,Logiciel pour courtier emprunteur à Clermont-Ferrand — COURTIA · courtiark.fr,https://courtiark.fr/fr/logiciel-courtier-emprunteur-clermont-ferrand,"noindex, follow",non,oui,"indexee historiquement, noindex depuis",/fr/*,"pSEO ville (local, noindex volontaire)",,NOINDEX,haute,page de masse volontairement sortie de l'index ; Google doit la retirer progressivement
https://courtiark.fr/fr/logiciel-courtier-emprunteur-clichy,fichier statique du depot,200,Logiciel pour courtier emprunteur à Clichy — COURTIA · courtiark.fr,https://courtiark.fr/fr/logiciel-courtier-emprunteur-clichy,"noindex, follow",non,oui,"indexee historiquement, noindex depuis",/fr/*,"pSEO ville (local, noindex volontaire)",,NOINDEX,haute,page de masse volontairement sortie de l'index ; Google doit la retirer progressivement
https://courtiark.fr/fr/logiciel-courtier-emprunteur-colmar,fichier statique du depot,200,Logiciel pour courtier emprunteur à Colmar — COURTIA · courtiark.fr,https://courtiark.fr/fr/logiciel-courtier-emprunteur-colmar,"noindex, follow",non,oui,"indexee historiquement, noindex depuis",/fr/*,"pSEO ville (local, noindex volontaire)",,NOINDEX,haute,page de masse volontairement sortie de l'index ; Google doit la retirer progressivement
https://courtiark.fr/fr/logiciel-courtier-emprunteur-compiegne,fichier statique du depot,200,Logiciel pour courtier emprunteur à Compiègne — COURTIA · courtiark.fr,https://courtiark.fr/fr/logiciel-courtier-emprunteur-compiegne,"noindex, follow",non,oui,"indexee historiquement, noindex depuis",/fr/*,"pSEO ville (local, noindex volontaire)",,NOINDEX,haute,page de masse volontairement sortie de l'index ; Google doit la retirer progressivement
https://courtiark.fr/fr/logiciel-courtier-emprunteur-courbevoie,fichier statique du depot,200,Logiciel pour courtier emprunteur à Courbevoie — COURTIA · courtiark.fr,https://courtiark.fr/fr/logiciel-courtier-emprunteur-courbevoie,"noindex, follow",non,oui,"indexee historiquement, noindex depuis",/fr/*,"pSEO ville (local, noindex volontaire)",,NOINDEX,haute,page de masse volontairement sortie de l'index ; Google doit la retirer progressivement
https://courtiark.fr/fr/logiciel-courtier-emprunteur-creteil,fichier statique du depot,200,Logiciel pour courtier emprunteur à Créteil — COURTIA · courtiark.fr,https://courtiark.fr/fr/logiciel-courtier-emprunteur-creteil,"noindex, follow",non,oui,"indexee historiquement, noindex depuis",/fr/*,"pSEO ville (local, noindex volontaire)",,NOINDEX,haute,page de masse volontairement sortie de l'index ; Google doit la retirer progressivement
https://courtiark.fr/fr/logiciel-courtier-emprunteur-dax,fichier statique du depot,200,Logiciel pour courtier emprunteur à Dax — COURTIA · courtiark.fr,https://courtiark.fr/fr/logiciel-courtier-emprunteur-dax,"noindex, follow",non,oui,"indexee historiquement, noindex depuis",/fr/*,page heritee non indexable,,NOINDEX,haute,conservee accessible mais hors index : decision editoriale
https://courtiark.fr/fr/logiciel-courtier-emprunteur-dijon,fichier statique du depot,200,Logiciel pour courtier emprunteur à Dijon — COURTIA · courtiark.fr,https://courtiark.fr/fr/logiciel-courtier-emprunteur-dijon,"noindex, follow",non,oui,"indexee historiquement, noindex depuis",/fr/*,"pSEO ville (local, noindex volontaire)",,NOINDEX,haute,page de masse volontairement sortie de l'index ; Google doit la retirer progressivement
https://courtiark.fr/fr/logiciel-courtier-emprunteur-dole,fichier statique du depot,200,Logiciel pour courtier emprunteur à Dole — COURTIA · courtiark.fr,https://courtiark.fr/fr/logiciel-courtier-emprunteur-dole,"noindex, follow",non,oui,"indexee historiquement, noindex depuis",/fr/*,"pSEO ville (local, noindex volontaire)",,NOINDEX,haute,page de masse volontairement sortie de l'index ; Google doit la retirer progressivement
https://courtiark.fr/fr/logiciel-courtier-emprunteur-douai,fichier statique du depot,200,Logiciel pour courtier emprunteur à Douai — COURTIA · courtiark.fr,https://courtiark.fr/fr/logiciel-courtier-emprunteur-douai,"noindex, follow",non,oui,"indexee historiquement, noindex depuis",/fr/*,"pSEO ville (local, noindex volontaire)",,NOINDEX,haute,page de masse volontairement sortie de l'index ; Google doit la retirer progressivement
https://courtiark.fr/fr/logiciel-courtier-emprunteur-draguignan,fichier statique du depot,200,Logiciel pour courtier emprunteur à Draguignan — COURTIA · courtiark.fr,https://courtiark.fr/fr/logiciel-courtier-emprunteur-draguignan,"noindex, follow",non,oui,"indexee historiquement, noindex depuis",/fr/*,"pSEO ville (local, noindex volontaire)",,NOINDEX,haute,page de masse volontairement sortie de l'index ; Google doit la retirer progressivement
https://courtiark.fr/fr/logiciel-courtier-emprunteur-drancy,fichier statique du depot,200,Logiciel pour courtier emprunteur à Drancy — COURTIA · courtiark.fr,https://courtiark.fr/fr/logiciel-courtier-emprunteur-drancy,"noindex, follow",non,oui,"indexee historiquement, noindex depuis",/fr/*,"pSEO ville (local, noindex volontaire)",,NOINDEX,haute,page de masse volontairement sortie de l'index ; Google doit la retirer progressivement
https://courtiark.fr/fr/logiciel-courtier-emprunteur-dreux,fichier statique du depot,200,Logiciel pour courtier emprunteur à Dreux — COURTIA · courtiark.fr,https://courtiark.fr/fr/logiciel-courtier-emprunteur-dreux,"noindex, follow",non,oui,"indexee historiquement, noindex depuis",/fr/*,"pSEO ville (local, noindex volontaire)",,NOINDEX,haute,page de masse volontairement sortie de l'index ; Google doit la retirer progressivement
https://courtiark.fr/fr/logiciel-courtier-emprunteur-dunkerque,fichier statique du depot,200,Logiciel pour courtier emprunteur à Dunkerque — COURTIA · courtiark.fr,https://courtiark.fr/fr/logiciel-courtier-emprunteur-dunkerque,"noindex, follow",non,oui,"indexee historiquement, noindex depuis",/fr/*,"pSEO ville (local, noindex volontaire)",,NOINDEX,haute,page de masse volontairement sortie de l'index ; Google doit la retirer progressivement
https://courtiark.fr/fr/logiciel-courtier-emprunteur-epinal,fichier statique du depot,200,Logiciel pour courtier emprunteur à Épinal — COURTIA · courtiark.fr,https://courtiark.fr/fr/logiciel-courtier-emprunteur-epinal,"noindex, follow",non,oui,"indexee historiquement, noindex depuis",/fr/*,"pSEO ville (local, noindex volontaire)",,NOINDEX,haute,page de masse volontairement sortie de l'index ; Google doit la retirer progressivement
https://courtiark.fr/fr/logiciel-courtier-emprunteur-evreux,fichier statique du depot,200,Logiciel pour courtier emprunteur à Évreux — COURTIA · courtiark.fr,https://courtiark.fr/fr/logiciel-courtier-emprunteur-evreux,"noindex, follow",non,oui,"indexee historiquement, noindex depuis",/fr/*,"pSEO ville (local, noindex volontaire)",,NOINDEX,haute,page de masse volontairement sortie de l'index ; Google doit la retirer progressivement
https://courtiark.fr/fr/logiciel-courtier-emprunteur-evry,fichier statique du depot,200,Logiciel pour courtier emprunteur à Évry — COURTIA · courtiark.fr,https://courtiark.fr/fr/logiciel-courtier-emprunteur-evry,"noindex, follow",non,oui,"indexee historiquement, noindex depuis",/fr/*,"pSEO ville (local, noindex volontaire)",,NOINDEX,haute,page de masse volontairement sortie de l'index ; Google doit la retirer progressivement
https://courtiark.fr/fr/logiciel-courtier-emprunteur-fontainebleau,fichier statique du depot,200,Logiciel pour courtier emprunteur à Fontainebleau — COURTIA · courtiark.fr,https://courtiark.fr/fr/logiciel-courtier-emprunteur-fontainebleau,"noindex, follow",non,oui,"indexee historiquement, noindex depuis",/fr/*,"pSEO ville (local, noindex volontaire)",,NOINDEX,haute,page de masse volontairement sortie de l'index ; Google doit la retirer progressivement
https://courtiark.fr/fr/logiciel-courtier-emprunteur-forbach,fichier statique du depot,200,Logiciel pour courtier emprunteur à Forbach — COURTIA · courtiark.fr,https://courtiark.fr/fr/logiciel-courtier-emprunteur-forbach,"noindex, follow",non,oui,"indexee historiquement, noindex depuis",/fr/*,"pSEO ville (local, noindex volontaire)",,NOINDEX,haute,page de masse volontairement sortie de l'index ; Google doit la retirer progressivement
https://courtiark.fr/fr/logiciel-courtier-emprunteur-frejus,fichier statique du depot,200,Logiciel pour courtier emprunteur à Fréjus — COURTIA · courtiark.fr,https://courtiark.fr/fr/logiciel-courtier-emprunteur-frejus,"noindex, follow",non,oui,"indexee historiquement, noindex depuis",/fr/*,"pSEO ville (local, noindex volontaire)",,NOINDEX,haute,page de masse volontairement sortie de l'index ; Google doit la retirer progressivement
https://courtiark.fr/fr/logiciel-courtier-emprunteur-gap,fichier statique du depot,200,Logiciel pour courtier emprunteur à Gap — COURTIA · courtiark.fr,https://courtiark.fr/fr/logiciel-courtier-emprunteur-gap,"noindex, follow",non,oui,"indexee historiquement, noindex depuis",/fr/*,page heritee non indexable,,NOINDEX,haute,conservee accessible mais hors index : decision editoriale
https://courtiark.fr/fr/logiciel-courtier-emprunteur-grasse,fichier statique du depot,200,Logiciel pour courtier emprunteur à Grasse — COURTIA · courtiark.fr,https://courtiark.fr/fr/logiciel-courtier-emprunteur-grasse,"noindex, follow",non,oui,"indexee historiquement, noindex depuis",/fr/*,"pSEO ville (local, noindex volontaire)",,NOINDEX,haute,page de masse volontairement sortie de l'index ; Google doit la retirer progressivement
https://courtiark.fr/fr/logiciel-courtier-emprunteur-grenoble,fichier statique du depot,200,Logiciel pour courtier emprunteur à Grenoble — COURTIA · courtiark.fr,https://courtiark.fr/fr/logiciel-courtier-emprunteur-grenoble,"noindex, follow",non,oui,"indexee historiquement, noindex depuis",/fr/*,"pSEO ville (local, noindex volontaire)",,NOINDEX,haute,page de masse volontairement sortie de l'index ; Google doit la retirer progressivement
https://courtiark.fr/fr/logiciel-courtier-emprunteur-haguenau,fichier statique du depot,200,Logiciel pour courtier emprunteur à Haguenau — COURTIA · courtiark.fr,https://courtiark.fr/fr/logiciel-courtier-emprunteur-haguenau,"noindex, follow",non,oui,"indexee historiquement, noindex depuis",/fr/*,"pSEO ville (local, noindex volontaire)",,NOINDEX,haute,page de masse volontairement sortie de l'index ; Google doit la retirer progressivement
https://courtiark.fr/fr/logiciel-courtier-emprunteur-hyeres,fichier statique du depot,200,Logiciel pour courtier emprunteur à Hyères — COURTIA · courtiark.fr,https://courtiark.fr/fr/logiciel-courtier-emprunteur-hyeres,"noindex, follow",non,oui,"indexee historiquement, noindex depuis",/fr/*,"pSEO ville (local, noindex volontaire)",,NOINDEX,haute,page de masse volontairement sortie de l'index ; Google doit la retirer progressivement
https://courtiark.fr/fr/logiciel-courtier-emprunteur-issy-les-moulineaux,fichier statique du depot,200,Logiciel pour courtier emprunteur à Issy-les-Moulineaux — COURTIA · courtiark.fr,https://courtiark.fr/fr/logiciel-courtier-emprunteur-issy-les-moulineaux,"noindex, follow",non,oui,"indexee historiquement, noindex depuis",/fr/*,"pSEO ville (local, noindex volontaire)",,NOINDEX,haute,page de masse volontairement sortie de l'index ; Google doit la retirer progressivement
https://courtiark.fr/fr/logiciel-courtier-emprunteur-istres,fichier statique du depot,200,Logiciel pour courtier emprunteur à Istres — COURTIA · courtiark.fr,https://courtiark.fr/fr/logiciel-courtier-emprunteur-istres,"noindex, follow",non,oui,"indexee historiquement, noindex depuis",/fr/*,"pSEO ville (local, noindex volontaire)",,NOINDEX,haute,page de masse volontairement sortie de l'index ; Google doit la retirer progressivement
https://courtiark.fr/fr/logiciel-courtier-emprunteur-ivry-sur-seine,fichier statique du depot,200,Logiciel pour courtier emprunteur à Ivry-sur-Seine — COURTIA · courtiark.fr,https://courtiark.fr/fr/logiciel-courtier-emprunteur-ivry-sur-seine,"noindex, follow",non,oui,"indexee historiquement, noindex depuis",/fr/*,"pSEO ville (local, noindex volontaire)",,NOINDEX,haute,page de masse volontairement sortie de l'index ; Google doit la retirer progressivement
https://courtiark.fr/fr/logiciel-courtier-emprunteur-la-defense,fichier statique du depot,200,Logiciel pour courtier emprunteur à La Défense — COURTIA · courtiark.fr,https://courtiark.fr/fr/logiciel-courtier-emprunteur-la-defense,"noindex, follow",non,oui,"indexee historiquement, noindex depuis",/fr/*,"pSEO ville (local, noindex volontaire)",,NOINDEX,haute,page de masse volontairement sortie de l'index ; Google doit la retirer progressivement
https://courtiark.fr/fr/logiciel-courtier-emprunteur-la-roche-sur-yon,fichier statique du depot,200,Logiciel pour courtier emprunteur à La Roche-sur-Yon — COURTIA · courtiark.fr,https://courtiark.fr/fr/logiciel-courtier-emprunteur-la-roche-sur-yon,"noindex, follow",non,oui,"indexee historiquement, noindex depuis",/fr/*,page heritee non indexable,,NOINDEX,haute,conservee accessible mais hors index : decision editoriale
https://courtiark.fr/fr/logiciel-courtier-emprunteur-la-rochelle,fichier statique du depot,200,Logiciel pour courtier emprunteur à La Rochelle — COURTIA · courtiark.fr,https://courtiark.fr/fr/logiciel-courtier-emprunteur-la-rochelle,"noindex, follow",non,oui,"indexee historiquement, noindex depuis",/fr/*,"pSEO ville (local, noindex volontaire)",,NOINDEX,haute,page de masse volontairement sortie de l'index ; Google doit la retirer progressivement
https://courtiark.fr/fr/logiciel-courtier-emprunteur-lannion,fichier statique du depot,200,Logiciel pour courtier emprunteur à Lannion — COURTIA · courtiark.fr,https://courtiark.fr/fr/logiciel-courtier-emprunteur-lannion,"noindex, follow",non,oui,"indexee historiquement, noindex depuis",/fr/*,"pSEO ville (local, noindex volontaire)",,NOINDEX,haute,page de masse volontairement sortie de l'index ; Google doit la retirer progressivement
https://courtiark.fr/fr/logiciel-courtier-emprunteur-laon,fichier statique du depot,200,Logiciel pour courtier emprunteur à Laon — COURTIA · courtiark.fr,https://courtiark.fr/fr/logiciel-courtier-emprunteur-laon,"noindex, follow",non,oui,"indexee historiquement, noindex depuis",/fr/*,"pSEO ville (local, noindex volontaire)",,NOINDEX,haute,page de masse volontairement sortie de l'index ; Google doit la retirer progressivement
https://courtiark.fr/fr/logiciel-courtier-emprunteur-laval,fichier statique du depot,200,Logiciel pour courtier emprunteur à Laval — COURTIA · courtiark.fr,https://courtiark.fr/fr/logiciel-courtier-emprunteur-laval,"noindex, follow",non,oui,"indexee historiquement, noindex depuis",/fr/*,"pSEO ville (local, noindex volontaire)",,NOINDEX,haute,page de masse volontairement sortie de l'index ; Google doit la retirer progressivement
https://courtiark.fr/fr/logiciel-courtier-emprunteur-le-havre,fichier statique du depot,200,Logiciel pour courtier emprunteur à Le Havre — COURTIA · courtiark.fr,https://courtiark.fr/fr/logiciel-courtier-emprunteur-le-havre,"noindex, follow",non,oui,"indexee historiquement, noindex depuis",/fr/*,"pSEO ville (local, noindex volontaire)",,NOINDEX,haute,page de masse volontairement sortie de l'index ; Google doit la retirer progressivement
https://courtiark.fr/fr/logiciel-courtier-emprunteur-le-mans,fichier statique du depot,200,Logiciel pour courtier emprunteur à Le Mans — COURTIA · courtiark.fr,https://courtiark.fr/fr/logiciel-courtier-emprunteur-le-mans,"noindex, follow",non,oui,"indexee historiquement, noindex depuis",/fr/*,"pSEO ville (local, noindex volontaire)",,NOINDEX,haute,page de masse volontairement sortie de l'index ; Google doit la retirer progressivement
https://courtiark.fr/fr/logiciel-courtier-emprunteur-lens,fichier statique du depot,200,Logiciel pour courtier emprunteur à Lens — COURTIA · courtiark.fr,https://courtiark.fr/fr/logiciel-courtier-emprunteur-lens,"noindex, follow",non,oui,"indexee historiquement, noindex depuis",/fr/*,"pSEO ville (local, noindex volontaire)",,NOINDEX,haute,page de masse volontairement sortie de l'index ; Google doit la retirer progressivement
https://courtiark.fr/fr/logiciel-courtier-emprunteur-levallois-perret,fichier statique du depot,200,Logiciel pour courtier emprunteur à Levallois-Perret — COURTIA · courtiark.fr,https://courtiark.fr/fr/logiciel-courtier-emprunteur-levallois-perret,"noindex, follow",non,oui,"indexee historiquement, noindex depuis",/fr/*,"pSEO ville (local, noindex volontaire)",,NOINDEX,haute,page de masse volontairement sortie de l'index ; Google doit la retirer progressivement
https://courtiark.fr/fr/logiciel-courtier-emprunteur-libourne,fichier statique du depot,200,Logiciel pour courtier emprunteur à Libourne — COURTIA · courtiark.fr,https://courtiark.fr/fr/logiciel-courtier-emprunteur-libourne,"noindex, follow",non,oui,"indexee historiquement, noindex depuis",/fr/*,"pSEO ville (local, noindex volontaire)",,NOINDEX,haute,page de masse volontairement sortie de l'index ; Google doit la retirer progressivement
https://courtiark.fr/fr/logiciel-courtier-emprunteur-lille,fichier statique du depot,200,Logiciel pour courtier emprunteur à Lille — COURTIA · courtiark.fr,https://courtiark.fr/fr/logiciel-courtier-emprunteur-lille,"noindex, follow",non,oui,"indexee historiquement, noindex depuis",/fr/*,"pSEO ville (local, noindex volontaire)",,NOINDEX,haute,page de masse volontairement sortie de l'index ; Google doit la retirer progressivement
https://courtiark.fr/fr/logiciel-courtier-emprunteur-limoges,fichier statique du depot,200,Logiciel pour courtier emprunteur à Limoges — COURTIA · courtiark.fr,https://courtiark.fr/fr/logiciel-courtier-emprunteur-limoges,"noindex, follow",non,oui,"indexee historiquement, noindex depuis",/fr/*,"pSEO ville (local, noindex volontaire)",,NOINDEX,haute,page de masse volontairement sortie de l'index ; Google doit la retirer progressivement
https://courtiark.fr/fr/logiciel-courtier-emprunteur-lisieux,fichier statique du depot,200,Logiciel pour courtier emprunteur à Lisieux — COURTIA · courtiark.fr,https://courtiark.fr/fr/logiciel-courtier-emprunteur-lisieux,"noindex, follow",non,oui,"indexee historiquement, noindex depuis",/fr/*,"pSEO ville (local, noindex volontaire)",,NOINDEX,haute,page de masse volontairement sortie de l'index ; Google doit la retirer progressivement
https://courtiark.fr/fr/logiciel-courtier-emprunteur-lorient,fichier statique du depot,200,Logiciel pour courtier emprunteur à Lorient — COURTIA · courtiark.fr,https://courtiark.fr/fr/logiciel-courtier-emprunteur-lorient,"noindex, follow",non,oui,"indexee historiquement, noindex depuis",/fr/*,"pSEO ville (local, noindex volontaire)",,NOINDEX,haute,page de masse volontairement sortie de l'index ; Google doit la retirer progressivement
https://courtiark.fr/fr/logiciel-courtier-emprunteur-lyon,fichier statique du depot,200,Logiciel pour courtier emprunteur à Lyon — COURTIA · courtiark.fr,https://courtiark.fr/fr/logiciel-courtier-emprunteur-lyon,"noindex, follow",non,oui,"indexee historiquement, noindex depuis",/fr/*,"pSEO ville (local, noindex volontaire)",,NOINDEX,haute,page de masse volontairement sortie de l'index ; Google doit la retirer progressivement
https://courtiark.fr/fr/logiciel-courtier-emprunteur-macon,fichier statique du depot,200,Logiciel pour courtier emprunteur à Mâcon — COURTIA · courtiark.fr,https://courtiark.fr/fr/logiciel-courtier-emprunteur-macon,"noindex, follow",non,oui,"indexee historiquement, noindex depuis",/fr/*,"pSEO ville (local, noindex volontaire)",,NOINDEX,haute,page de masse volontairement sortie de l'index ; Google doit la retirer progressivement
https://courtiark.fr/fr/logiciel-courtier-emprunteur-maisons-alfort,fichier statique du depot,200,Logiciel pour courtier emprunteur à Maisons-Alfort — COURTIA · courtiark.fr,https://courtiark.fr/fr/logiciel-courtier-emprunteur-maisons-alfort,"noindex, follow",non,oui,"indexee historiquement, noindex depuis",/fr/*,"pSEO ville (local, noindex volontaire)",,NOINDEX,haute,page de masse volontairement sortie de l'index ; Google doit la retirer progressivement
https://courtiark.fr/fr/logiciel-courtier-emprunteur-manosque,fichier statique du depot,200,Logiciel pour courtier emprunteur à Manosque — COURTIA · courtiark.fr,https://courtiark.fr/fr/logiciel-courtier-emprunteur-manosque,"noindex, follow",non,oui,"indexee historiquement, noindex depuis",/fr/*,"pSEO ville (local, noindex volontaire)",,NOINDEX,haute,page de masse volontairement sortie de l'index ; Google doit la retirer progressivement
https://courtiark.fr/fr/logiciel-courtier-emprunteur-mantes-la-jolie,fichier statique du depot,200,Logiciel pour courtier emprunteur à Mantes-la-Jolie — COURTIA · courtiark.fr,https://courtiark.fr/fr/logiciel-courtier-emprunteur-mantes-la-jolie,"noindex, follow",non,oui,"indexee historiquement, noindex depuis",/fr/*,"pSEO ville (local, noindex volontaire)",,NOINDEX,haute,page de masse volontairement sortie de l'index ; Google doit la retirer progressivement
https://courtiark.fr/fr/logiciel-courtier-emprunteur-marseille,fichier statique du depot,200,Logiciel pour courtier emprunteur à Marseille — COURTIA · courtiark.fr,https://courtiark.fr/fr/logiciel-courtier-emprunteur-marseille,"noindex, follow",non,oui,"indexee historiquement, noindex depuis",/fr/*,"pSEO ville (local, noindex volontaire)",,NOINDEX,haute,page de masse volontairement sortie de l'index ; Google doit la retirer progressivement
https://courtiark.fr/fr/logiciel-courtier-emprunteur-martigues,fichier statique du depot,200,Logiciel pour courtier emprunteur à Martigues — COURTIA · courtiark.fr,https://courtiark.fr/fr/logiciel-courtier-emprunteur-martigues,"noindex, follow",non,oui,"indexee historiquement, noindex depuis",/fr/*,"pSEO ville (local, noindex volontaire)",,NOINDEX,haute,page de masse volontairement sortie de l'index ; Google doit la retirer progressivement
https://courtiark.fr/fr/logiciel-courtier-emprunteur-massy,fichier statique du depot,200,Logiciel pour courtier emprunteur à Massy — COURTIA · courtiark.fr,https://courtiark.fr/fr/logiciel-courtier-emprunteur-massy,"noindex, follow",non,oui,"indexee historiquement, noindex depuis",/fr/*,"pSEO ville (local, noindex volontaire)",,NOINDEX,haute,page de masse volontairement sortie de l'index ; Google doit la retirer progressivement
https://courtiark.fr/fr/logiciel-courtier-emprunteur-meaux,fichier statique du depot,200,Logiciel pour courtier emprunteur à Meaux — COURTIA · courtiark.fr,https://courtiark.fr/fr/logiciel-courtier-emprunteur-meaux,"noindex, follow",non,oui,"indexee historiquement, noindex depuis",/fr/*,"pSEO ville (local, noindex volontaire)",,NOINDEX,haute,page de masse volontairement sortie de l'index ; Google doit la retirer progressivement
https://courtiark.fr/fr/logiciel-courtier-emprunteur-melun,fichier statique du depot,200,Logiciel pour courtier emprunteur à Melun — COURTIA · courtiark.fr,https://courtiark.fr/fr/logiciel-courtier-emprunteur-melun,"noindex, follow",non,oui,"indexee historiquement, noindex depuis",/fr/*,"pSEO ville (local, noindex volontaire)",,NOINDEX,haute,page de masse volontairement sortie de l'index ; Google doit la retirer progressivement
https://courtiark.fr/fr/logiciel-courtier-emprunteur-menton,fichier statique du depot,200,Logiciel pour courtier emprunteur à Menton — COURTIA · courtiark.fr,https://courtiark.fr/fr/logiciel-courtier-emprunteur-menton,"noindex, follow",non,oui,"indexee historiquement, noindex depuis",/fr/*,"pSEO ville (local, noindex volontaire)",,NOINDEX,haute,page de masse volontairement sortie de l'index ; Google doit la retirer progressivement
https://courtiark.fr/fr/logiciel-courtier-emprunteur-merignac,fichier statique du depot,200,Logiciel pour courtier emprunteur à Mérignac — COURTIA · courtiark.fr,https://courtiark.fr/fr/logiciel-courtier-emprunteur-merignac,"noindex, follow",non,oui,"indexee historiquement, noindex depuis",/fr/*,"pSEO ville (local, noindex volontaire)",,NOINDEX,haute,page de masse volontairement sortie de l'index ; Google doit la retirer progressivement
https://courtiark.fr/fr/logiciel-courtier-emprunteur-metz,fichier statique du depot,200,Logiciel pour courtier emprunteur à Metz — COURTIA · courtiark.fr,https://courtiark.fr/fr/logiciel-courtier-emprunteur-metz,"noindex, follow",non,oui,"indexee historiquement, noindex depuis",/fr/*,"pSEO ville (local, noindex volontaire)",,NOINDEX,haute,page de masse volontairement sortie de l'index ; Google doit la retirer progressivement
https://courtiark.fr/fr/logiciel-courtier-emprunteur-mont-de-marsan,fichier statique du depot,200,Logiciel pour courtier emprunteur à Mont-de-Marsan — COURTIA · courtiark.fr,https://courtiark.fr/fr/logiciel-courtier-emprunteur-mont-de-marsan,"noindex, follow",non,oui,"indexee historiquement, noindex depuis",/fr/*,"pSEO ville (local, noindex volontaire)",,NOINDEX,haute,page de masse volontairement sortie de l'index ; Google doit la retirer progressivement
https://courtiark.fr/fr/logiciel-courtier-emprunteur-montauban,fichier statique du depot,200,Logiciel pour courtier emprunteur à Montauban — COURTIA · courtiark.fr,https://courtiark.fr/fr/logiciel-courtier-emprunteur-montauban,"noindex, follow",non,oui,"indexee historiquement, noindex depuis",/fr/*,"pSEO ville (local, noindex volontaire)",,NOINDEX,haute,page de masse volontairement sortie de l'index ; Google doit la retirer progressivement
https://courtiark.fr/fr/logiciel-courtier-emprunteur-montbeliard,fichier statique du depot,200,Logiciel pour courtier emprunteur à Montbéliard — COURTIA · courtiark.fr,https://courtiark.fr/fr/logiciel-courtier-emprunteur-montbeliard,"noindex, follow",non,oui,"indexee historiquement, noindex depuis",/fr/*,"pSEO ville (local, noindex volontaire)",,NOINDEX,haute,page de masse volontairement sortie de l'index ; Google doit la retirer progressivement
https://courtiark.fr/fr/logiciel-courtier-emprunteur-montlucon,fichier statique du depot,200,Logiciel pour courtier emprunteur à Montluçon — COURTIA · courtiark.fr,https://courtiark.fr/fr/logiciel-courtier-emprunteur-montlucon,"noindex, follow",non,oui,"indexee historiquement, noindex depuis",/fr/*,"pSEO ville (local, noindex volontaire)",,NOINDEX,haute,page de masse volontairement sortie de l'index ; Google doit la retirer progressivement
https://courtiark.fr/fr/logiciel-courtier-emprunteur-montpellier,fichier statique du depot,200,Logiciel pour courtier emprunteur à Montpellier — COURTIA · courtiark.fr,https://courtiark.fr/fr/logiciel-courtier-emprunteur-montpellier,"noindex, follow",non,oui,"indexee historiquement, noindex depuis",/fr/*,"pSEO ville (local, noindex volontaire)",,NOINDEX,haute,page de masse volontairement sortie de l'index ; Google doit la retirer progressivement
https://courtiark.fr/fr/logiciel-courtier-emprunteur-morlaix,fichier statique du depot,200,Logiciel pour courtier emprunteur à Morlaix — COURTIA · courtiark.fr,https://courtiark.fr/fr/logiciel-courtier-emprunteur-morlaix,"noindex, follow",non,oui,"indexee historiquement, noindex depuis",/fr/*,"pSEO ville (local, noindex volontaire)",,NOINDEX,haute,page de masse volontairement sortie de l'index ; Google doit la retirer progressivement
https://courtiark.fr/fr/logiciel-courtier-emprunteur-moulins,fichier statique du depot,200,Logiciel pour courtier emprunteur à Moulins — COURTIA · courtiark.fr,https://courtiark.fr/fr/logiciel-courtier-emprunteur-moulins,"noindex, follow",non,oui,"indexee historiquement, noindex depuis",/fr/*,"pSEO ville (local, noindex volontaire)",,NOINDEX,haute,page de masse volontairement sortie de l'index ; Google doit la retirer progressivement
https://courtiark.fr/fr/logiciel-courtier-emprunteur-mulhouse,fichier statique du depot,200,Logiciel pour courtier emprunteur à Mulhouse — COURTIA · courtiark.fr,https://courtiark.fr/fr/logiciel-courtier-emprunteur-mulhouse,"noindex, follow",non,oui,"indexee historiquement, noindex depuis",/fr/*,"pSEO ville (local, noindex volontaire)",,NOINDEX,haute,page de masse volontairement sortie de l'index ; Google doit la retirer progressivement
https://courtiark.fr/fr/logiciel-courtier-emprunteur-nancy,fichier statique du depot,200,Logiciel pour courtier emprunteur à Nancy — COURTIA · courtiark.fr,https://courtiark.fr/fr/logiciel-courtier-emprunteur-nancy,"noindex, follow",non,oui,"indexee historiquement, noindex depuis",/fr/*,"pSEO ville (local, noindex volontaire)",,NOINDEX,haute,page de masse volontairement sortie de l'index ; Google doit la retirer progressivement
https://courtiark.fr/fr/logiciel-courtier-emprunteur-nanterre,fichier statique du depot,200,Logiciel pour courtier emprunteur à Nanterre — COURTIA · courtiark.fr,https://courtiark.fr/fr/logiciel-courtier-emprunteur-nanterre,"noindex, follow",non,oui,"indexee historiquement, noindex depuis",/fr/*,"pSEO ville (local, noindex volontaire)",,NOINDEX,haute,page de masse volontairement sortie de l'index ; Google doit la retirer progressivement
https://courtiark.fr/fr/logiciel-courtier-emprunteur-nantes,fichier statique du depot,200,Logiciel pour courtier emprunteur à Nantes — COURTIA · courtiark.fr,https://courtiark.fr/fr/logiciel-courtier-emprunteur-nantes,"noindex, follow",non,oui,"indexee historiquement, noindex depuis",/fr/*,"pSEO ville (local, noindex volontaire)",,NOINDEX,haute,page de masse volontairement sortie de l'index ; Google doit la retirer progressivement
https://courtiark.fr/fr/logiciel-courtier-emprunteur-narbonne,fichier statique du depot,200,Logiciel pour courtier emprunteur à Narbonne — COURTIA · courtiark.fr,https://courtiark.fr/fr/logiciel-courtier-emprunteur-narbonne,"noindex, follow",non,oui,"indexee historiquement, noindex depuis",/fr/*,"pSEO ville (local, noindex volontaire)",,NOINDEX,haute,page de masse volontairement sortie de l'index ; Google doit la retirer progressivement
https://courtiark.fr/fr/logiciel-courtier-emprunteur-nevers,fichier statique du depot,200,Logiciel pour courtier emprunteur à Nevers — COURTIA · courtiark.fr,https://courtiark.fr/fr/logiciel-courtier-emprunteur-nevers,"noindex, follow",non,oui,"indexee historiquement, noindex depuis",/fr/*,"pSEO ville (local, noindex volontaire)",,NOINDEX,haute,page de masse volontairement sortie de l'index ; Google doit la retirer progressivement
https://courtiark.fr/fr/logiciel-courtier-emprunteur-nice,fichier statique du depot,200,Logiciel pour courtier emprunteur à Nice — COURTIA · courtiark.fr,https://courtiark.fr/fr/logiciel-courtier-emprunteur-nice,"noindex, follow",non,oui,"indexee historiquement, noindex depuis",/fr/*,"pSEO ville (local, noindex volontaire)",,NOINDEX,haute,page de masse volontairement sortie de l'index ; Google doit la retirer progressivement
https://courtiark.fr/fr/logiciel-courtier-emprunteur-nimes,fichier statique du depot,200,Logiciel pour courtier emprunteur à Nîmes — COURTIA · courtiark.fr,https://courtiark.fr/fr/logiciel-courtier-emprunteur-nimes,"noindex, follow",non,oui,"indexee historiquement, noindex depuis",/fr/*,"pSEO ville (local, noindex volontaire)",,NOINDEX,haute,page de masse volontairement sortie de l'index ; Google doit la retirer progressivement
https://courtiark.fr/fr/logiciel-courtier-emprunteur-niort,fichier statique du depot,200,Logiciel pour courtier emprunteur à Niort — COURTIA · courtiark.fr,https://courtiark.fr/fr/logiciel-courtier-emprunteur-niort,"noindex, follow",non,oui,"indexee historiquement, noindex depuis",/fr/*,"pSEO ville (local, noindex volontaire)",,NOINDEX,haute,page de masse volontairement sortie de l'index ; Google doit la retirer progressivement
https://courtiark.fr/fr/logiciel-courtier-emprunteur-noisy-le-grand,fichier statique du depot,200,Logiciel pour courtier emprunteur à Noisy-le-Grand — COURTIA · courtiark.fr,https://courtiark.fr/fr/logiciel-courtier-emprunteur-noisy-le-grand,"noindex, follow",non,oui,"indexee historiquement, noindex depuis",/fr/*,"pSEO ville (local, noindex volontaire)",,NOINDEX,haute,page de masse volontairement sortie de l'index ; Google doit la retirer progressivement
https://courtiark.fr/fr/logiciel-courtier-emprunteur-orleans,fichier statique du depot,200,Logiciel pour courtier emprunteur à Orléans — COURTIA · courtiark.fr,https://courtiark.fr/fr/logiciel-courtier-emprunteur-orleans,"noindex, follow",non,oui,"indexee historiquement, noindex depuis",/fr/*,"pSEO ville (local, noindex volontaire)",,NOINDEX,haute,page de masse volontairement sortie de l'index ; Google doit la retirer progressivement
https://courtiark.fr/fr/logiciel-courtier-emprunteur-pantin,fichier statique du depot,200,Logiciel pour courtier emprunteur à Pantin — COURTIA · courtiark.fr,https://courtiark.fr/fr/logiciel-courtier-emprunteur-pantin,"noindex, follow",non,oui,"indexee historiquement, noindex depuis",/fr/*,"pSEO ville (local, noindex volontaire)",,NOINDEX,haute,page de masse volontairement sortie de l'index ; Google doit la retirer progressivement
https://courtiark.fr/fr/logiciel-courtier-emprunteur-paris,fichier statique du depot,200,Logiciel pour courtier emprunteur à Paris — COURTIA · courtiark.fr,https://courtiark.fr/fr/logiciel-courtier-emprunteur-paris,"noindex, follow",non,oui,"indexee historiquement, noindex depuis",/fr/*,"pSEO ville (local, noindex volontaire)",,NOINDEX,haute,page de masse volontairement sortie de l'index ; Google doit la retirer progressivement
https://courtiark.fr/fr/logiciel-courtier-emprunteur-pau,fichier statique du depot,200,Logiciel pour courtier emprunteur à Pau — COURTIA · courtiark.fr,https://courtiark.fr/fr/logiciel-courtier-emprunteur-pau,"noindex, follow",non,oui,"indexee historiquement, noindex depuis",/fr/*,page heritee non indexable,,NOINDEX,haute,conservee accessible mais hors index : decision editoriale
https://courtiark.fr/fr/logiciel-courtier-emprunteur-perigueux,fichier statique du depot,200,Logiciel pour courtier emprunteur à Périgueux — COURTIA · courtiark.fr,https://courtiark.fr/fr/logiciel-courtier-emprunteur-perigueux,"noindex, follow",non,oui,"indexee historiquement, noindex depuis",/fr/*,"pSEO ville (local, noindex volontaire)",,NOINDEX,haute,page de masse volontairement sortie de l'index ; Google doit la retirer progressivement
https://courtiark.fr/fr/logiciel-courtier-emprunteur-perpignan,fichier statique du depot,200,Logiciel pour courtier emprunteur à Perpignan — COURTIA · courtiark.fr,https://courtiark.fr/fr/logiciel-courtier-emprunteur-perpignan,"noindex, follow",non,oui,"indexee historiquement, noindex depuis",/fr/*,"pSEO ville (local, noindex volontaire)",,NOINDEX,haute,page de masse volontairement sortie de l'index ; Google doit la retirer progressivement
https://courtiark.fr/fr/logiciel-courtier-emprunteur-pessac,fichier statique du depot,200,Logiciel pour courtier emprunteur à Pessac — COURTIA · courtiark.fr,https://courtiark.fr/fr/logiciel-courtier-emprunteur-pessac,"noindex, follow",non,oui,"indexee historiquement, noindex depuis",/fr/*,"pSEO ville (local, noindex volontaire)",,NOINDEX,haute,page de masse volontairement sortie de l'index ; Google doit la retirer progressivement
https://courtiark.fr/fr/logiciel-courtier-emprunteur-poissy,fichier statique du depot,200,Logiciel pour courtier emprunteur à Poissy — COURTIA · courtiark.fr,https://courtiark.fr/fr/logiciel-courtier-emprunteur-poissy,"noindex, follow",non,oui,"indexee historiquement, noindex depuis",/fr/*,"pSEO ville (local, noindex volontaire)",,NOINDEX,haute,page de masse volontairement sortie de l'index ; Google doit la retirer progressivement
https://courtiark.fr/fr/logiciel-courtier-emprunteur-poitiers,fichier statique du depot,200,Logiciel pour courtier emprunteur à Poitiers — COURTIA · courtiark.fr,https://courtiark.fr/fr/logiciel-courtier-emprunteur-poitiers,"noindex, follow",non,oui,"indexee historiquement, noindex depuis",/fr/*,"pSEO ville (local, noindex volontaire)",,NOINDEX,haute,page de masse volontairement sortie de l'index ; Google doit la retirer progressivement
https://courtiark.fr/fr/logiciel-courtier-emprunteur-pontault-combault,fichier statique du depot,200,Logiciel pour courtier emprunteur à Pontault-Combault — COURTIA · courtiark.fr,https://courtiark.fr/fr/logiciel-courtier-emprunteur-pontault-combault,"noindex, follow",non,oui,"indexee historiquement, noindex depuis",/fr/*,"pSEO ville (local, noindex volontaire)",,NOINDEX,haute,page de masse volontairement sortie de l'index ; Google doit la retirer progressivement
https://courtiark.fr/fr/logiciel-courtier-emprunteur-quimper,fichier statique du depot,200,Logiciel pour courtier emprunteur à Quimper — COURTIA · courtiark.fr,https://courtiark.fr/fr/logiciel-courtier-emprunteur-quimper,"noindex, follow",non,oui,"indexee historiquement, noindex depuis",/fr/*,"pSEO ville (local, noindex volontaire)",,NOINDEX,haute,page de masse volontairement sortie de l'index ; Google doit la retirer progressivement
https://courtiark.fr/fr/logiciel-courtier-emprunteur-reims,fichier statique du depot,200,Logiciel pour courtier emprunteur à Reims — COURTIA · courtiark.fr,https://courtiark.fr/fr/logiciel-courtier-emprunteur-reims,"noindex, follow",non,oui,"indexee historiquement, noindex depuis",/fr/*,"pSEO ville (local, noindex volontaire)",,NOINDEX,haute,page de masse volontairement sortie de l'index ; Google doit la retirer progressivement
https://courtiark.fr/fr/logiciel-courtier-emprunteur-rennes,fichier statique du depot,200,Logiciel pour courtier emprunteur à Rennes — COURTIA · courtiark.fr,https://courtiark.fr/fr/logiciel-courtier-emprunteur-rennes,"noindex, follow",non,oui,"indexee historiquement, noindex depuis",/fr/*,"pSEO ville (local, noindex volontaire)",,NOINDEX,haute,page de masse volontairement sortie de l'index ; Google doit la retirer progressivement
https://courtiark.fr/fr/logiciel-courtier-emprunteur-roanne,fichier statique du depot,200,Logiciel pour courtier emprunteur à Roanne — COURTIA · courtiark.fr,https://courtiark.fr/fr/logiciel-courtier-emprunteur-roanne,"noindex, follow",non,oui,"indexee historiquement, noindex depuis",/fr/*,"pSEO ville (local, noindex volontaire)",,NOINDEX,haute,page de masse volontairement sortie de l'index ; Google doit la retirer progressivement
https://courtiark.fr/fr/logiciel-courtier-emprunteur-rochefort,fichier statique du depot,200,Logiciel pour courtier emprunteur à Rochefort — COURTIA · courtiark.fr,https://courtiark.fr/fr/logiciel-courtier-emprunteur-rochefort,"noindex, follow",non,oui,"indexee historiquement, noindex depuis",/fr/*,"pSEO ville (local, noindex volontaire)",,NOINDEX,haute,page de masse volontairement sortie de l'index ; Google doit la retirer progressivement
https://courtiark.fr/fr/logiciel-courtier-emprunteur-rodez,fichier statique du depot,200,Logiciel pour courtier emprunteur à Rodez — COURTIA · courtiark.fr,https://courtiark.fr/fr/logiciel-courtier-emprunteur-rodez,"noindex, follow",non,oui,"indexee historiquement, noindex depuis",/fr/*,"pSEO ville (local, noindex volontaire)",,NOINDEX,haute,page de masse volontairement sortie de l'index ; Google doit la retirer progressivement
https://courtiark.fr/fr/logiciel-courtier-emprunteur-romans-sur-isere,fichier statique du depot,200,Logiciel pour courtier emprunteur à Romans-sur-Isère — COURTIA · courtiark.fr,https://courtiark.fr/fr/logiciel-courtier-emprunteur-romans-sur-isere,"noindex, follow",non,oui,"indexee historiquement, noindex depuis",/fr/*,"pSEO ville (local, noindex volontaire)",,NOINDEX,haute,page de masse volontairement sortie de l'index ; Google doit la retirer progressivement
https://courtiark.fr/fr/logiciel-courtier-emprunteur-rosny-sous-bois,fichier statique du depot,200,Logiciel pour courtier emprunteur à Rosny-sous-Bois — COURTIA · courtiark.fr,https://courtiark.fr/fr/logiciel-courtier-emprunteur-rosny-sous-bois,"noindex, follow",non,oui,"indexee historiquement, noindex depuis",/fr/*,"pSEO ville (local, noindex volontaire)",,NOINDEX,haute,page de masse volontairement sortie de l'index ; Google doit la retirer progressivement
https://courtiark.fr/fr/logiciel-courtier-emprunteur-roubaix,fichier statique du depot,200,Logiciel pour courtier emprunteur à Roubaix — COURTIA · courtiark.fr,https://courtiark.fr/fr/logiciel-courtier-emprunteur-roubaix,"noindex, follow",non,oui,"indexee historiquement, noindex depuis",/fr/*,"pSEO ville (local, noindex volontaire)",,NOINDEX,haute,page de masse volontairement sortie de l'index ; Google doit la retirer progressivement
https://courtiark.fr/fr/logiciel-courtier-emprunteur-rouen,fichier statique du depot,200,Logiciel pour courtier emprunteur à Rouen — COURTIA · courtiark.fr,https://courtiark.fr/fr/logiciel-courtier-emprunteur-rouen,"noindex, follow",non,oui,"indexee historiquement, noindex depuis",/fr/*,"pSEO ville (local, noindex volontaire)",,NOINDEX,haute,page de masse volontairement sortie de l'index ; Google doit la retirer progressivement
https://courtiark.fr/fr/logiciel-courtier-emprunteur-saint-brieuc,fichier statique du depot,200,Logiciel pour courtier emprunteur à Saint-Brieuc — COURTIA · courtiark.fr,https://courtiark.fr/fr/logiciel-courtier-emprunteur-saint-brieuc,"noindex, follow",non,oui,"indexee historiquement, noindex depuis",/fr/*,"pSEO ville (local, noindex volontaire)",,NOINDEX,haute,page de masse volontairement sortie de l'index ; Google doit la retirer progressivement
https://courtiark.fr/fr/logiciel-courtier-emprunteur-saint-chamond,fichier statique du depot,200,Logiciel pour courtier emprunteur à Saint-Chamond — COURTIA · courtiark.fr,https://courtiark.fr/fr/logiciel-courtier-emprunteur-saint-chamond,"noindex, follow",non,oui,"indexee historiquement, noindex depuis",/fr/*,"pSEO ville (local, noindex volontaire)",,NOINDEX,haute,page de masse volontairement sortie de l'index ; Google doit la retirer progressivement
https://courtiark.fr/fr/logiciel-courtier-emprunteur-saint-etienne,fichier statique du depot,200,Logiciel pour courtier emprunteur à Saint-Étienne — COURTIA · courtiark.fr,https://courtiark.fr/fr/logiciel-courtier-emprunteur-saint-etienne,"noindex, follow",non,oui,"indexee historiquement, noindex depuis",/fr/*,"pSEO ville (local, noindex volontaire)",,NOINDEX,haute,page de masse volontairement sortie de l'index ; Google doit la retirer progressivement
https://courtiark.fr/fr/logiciel-courtier-emprunteur-saint-germain-en-laye,fichier statique du depot,200,Logiciel pour courtier emprunteur à Saint-Germain-en-Laye — COURTIA · courtiark.fr,https://courtiark.fr/fr/logiciel-courtier-emprunteur-saint-germain-en-laye,"noindex, follow",non,oui,"indexee historiquement, noindex depuis",/fr/*,"pSEO ville (local, noindex volontaire)",,NOINDEX,haute,page de masse volontairement sortie de l'index ; Google doit la retirer progressivement
https://courtiark.fr/fr/logiciel-courtier-emprunteur-saint-lo,fichier statique du depot,200,Logiciel pour courtier emprunteur à Saint-Lô — COURTIA · courtiark.fr,https://courtiark.fr/fr/logiciel-courtier-emprunteur-saint-lo,"noindex, follow",non,oui,"indexee historiquement, noindex depuis",/fr/*,page heritee non indexable,,NOINDEX,haute,conservee accessible mais hors index : decision editoriale
https://courtiark.fr/fr/logiciel-courtier-emprunteur-saint-malo,fichier statique du depot,200,Logiciel pour courtier emprunteur à Saint-Malo — COURTIA · courtiark.fr,https://courtiark.fr/fr/logiciel-courtier-emprunteur-saint-malo,"noindex, follow",non,oui,"indexee historiquement, noindex depuis",/fr/*,"pSEO ville (local, noindex volontaire)",,NOINDEX,haute,page de masse volontairement sortie de l'index ; Google doit la retirer progressivement
https://courtiark.fr/fr/logiciel-courtier-emprunteur-saint-nazaire,fichier statique du depot,200,Logiciel pour courtier emprunteur à Saint-Nazaire — COURTIA · courtiark.fr,https://courtiark.fr/fr/logiciel-courtier-emprunteur-saint-nazaire,"noindex, follow",non,oui,"indexee historiquement, noindex depuis",/fr/*,"pSEO ville (local, noindex volontaire)",,NOINDEX,haute,page de masse volontairement sortie de l'index ; Google doit la retirer progressivement
https://courtiark.fr/fr/logiciel-courtier-emprunteur-saintes,fichier statique du depot,200,Logiciel pour courtier emprunteur à Saintes — COURTIA · courtiark.fr,https://courtiark.fr/fr/logiciel-courtier-emprunteur-saintes,"noindex, follow",non,oui,"indexee historiquement, noindex depuis",/fr/*,"pSEO ville (local, noindex volontaire)",,NOINDEX,haute,page de masse volontairement sortie de l'index ; Google doit la retirer progressivement
https://courtiark.fr/fr/logiciel-courtier-emprunteur-salon-de-provence,fichier statique du depot,200,Logiciel pour courtier emprunteur à Salon-de-Provence — COURTIA · courtiark.fr,https://courtiark.fr/fr/logiciel-courtier-emprunteur-salon-de-provence,"noindex, follow",non,oui,"indexee historiquement, noindex depuis",/fr/*,"pSEO ville (local, noindex volontaire)",,NOINDEX,haute,page de masse volontairement sortie de l'index ; Google doit la retirer progressivement
https://courtiark.fr/fr/logiciel-courtier-emprunteur-sarcelles,fichier statique du depot,200,Logiciel pour courtier emprunteur à Sarcelles — COURTIA · courtiark.fr,https://courtiark.fr/fr/logiciel-courtier-emprunteur-sarcelles,"noindex, follow",non,oui,"indexee historiquement, noindex depuis",/fr/*,"pSEO ville (local, noindex volontaire)",,NOINDEX,haute,page de masse volontairement sortie de l'index ; Google doit la retirer progressivement
https://courtiark.fr/fr/logiciel-courtier-emprunteur-selestat,fichier statique du depot,200,Logiciel pour courtier emprunteur à Sélestat — COURTIA · courtiark.fr,https://courtiark.fr/fr/logiciel-courtier-emprunteur-selestat,"noindex, follow",non,oui,"indexee historiquement, noindex depuis",/fr/*,"pSEO ville (local, noindex volontaire)",,NOINDEX,haute,page de masse volontairement sortie de l'index ; Google doit la retirer progressivement
https://courtiark.fr/fr/logiciel-courtier-emprunteur-senart,fichier statique du depot,200,Logiciel pour courtier emprunteur à Sénart — COURTIA · courtiark.fr,https://courtiark.fr/fr/logiciel-courtier-emprunteur-senart,"noindex, follow",non,oui,"indexee historiquement, noindex depuis",/fr/*,"pSEO ville (local, noindex volontaire)",,NOINDEX,haute,page de masse volontairement sortie de l'index ; Google doit la retirer progressivement
https://courtiark.fr/fr/logiciel-courtier-emprunteur-sete,fichier statique du depot,200,Logiciel pour courtier emprunteur à Sète — COURTIA · courtiark.fr,https://courtiark.fr/fr/logiciel-courtier-emprunteur-sete,"noindex, follow",non,oui,"indexee historiquement, noindex depuis",/fr/*,"pSEO ville (local, noindex volontaire)",,NOINDEX,haute,page de masse volontairement sortie de l'index ; Google doit la retirer progressivement
https://courtiark.fr/fr/logiciel-courtier-emprunteur-soissons,fichier statique du depot,200,Logiciel pour courtier emprunteur à Soissons — COURTIA · courtiark.fr,https://courtiark.fr/fr/logiciel-courtier-emprunteur-soissons,"noindex, follow",non,oui,"indexee historiquement, noindex depuis",/fr/*,"pSEO ville (local, noindex volontaire)",,NOINDEX,haute,page de masse volontairement sortie de l'index ; Google doit la retirer progressivement
https://courtiark.fr/fr/logiciel-courtier-emprunteur-strasbourg,fichier statique du depot,200,Logiciel pour courtier emprunteur à Strasbourg — COURTIA · courtiark.fr,https://courtiark.fr/fr/logiciel-courtier-emprunteur-strasbourg,"noindex, follow",non,oui,"indexee historiquement, noindex depuis",/fr/*,"pSEO ville (local, noindex volontaire)",,NOINDEX,haute,page de masse volontairement sortie de l'index ; Google doit la retirer progressivement
https://courtiark.fr/fr/logiciel-courtier-emprunteur-tarbes,fichier statique du depot,200,Logiciel pour courtier emprunteur à Tarbes — COURTIA · courtiark.fr,https://courtiark.fr/fr/logiciel-courtier-emprunteur-tarbes,"noindex, follow",non,oui,"indexee historiquement, noindex depuis",/fr/*,"pSEO ville (local, noindex volontaire)",,NOINDEX,haute,page de masse volontairement sortie de l'index ; Google doit la retirer progressivement
https://courtiark.fr/fr/logiciel-courtier-emprunteur-thionville,fichier statique du depot,200,Logiciel pour courtier emprunteur à Thionville — COURTIA · courtiark.fr,https://courtiark.fr/fr/logiciel-courtier-emprunteur-thionville,"noindex, follow",non,oui,"indexee historiquement, noindex depuis",/fr/*,"pSEO ville (local, noindex volontaire)",,NOINDEX,haute,page de masse volontairement sortie de l'index ; Google doit la retirer progressivement
https://courtiark.fr/fr/logiciel-courtier-emprunteur-toulon,fichier statique du depot,200,Logiciel pour courtier emprunteur à Toulon — COURTIA · courtiark.fr,https://courtiark.fr/fr/logiciel-courtier-emprunteur-toulon,"noindex, follow",non,oui,"indexee historiquement, noindex depuis",/fr/*,"pSEO ville (local, noindex volontaire)",,NOINDEX,haute,page de masse volontairement sortie de l'index ; Google doit la retirer progressivement
https://courtiark.fr/fr/logiciel-courtier-emprunteur-toulouse,fichier statique du depot,200,Logiciel pour courtier emprunteur à Toulouse — COURTIA · courtiark.fr,https://courtiark.fr/fr/logiciel-courtier-emprunteur-toulouse,"noindex, follow",non,oui,"indexee historiquement, noindex depuis",/fr/*,"pSEO ville (local, noindex volontaire)",,NOINDEX,haute,page de masse volontairement sortie de l'index ; Google doit la retirer progressivement
https://courtiark.fr/fr/logiciel-courtier-emprunteur-tourcoing,fichier statique du depot,200,Logiciel pour courtier emprunteur à Tourcoing — COURTIA · courtiark.fr,https://courtiark.fr/fr/logiciel-courtier-emprunteur-tourcoing,"noindex, follow",non,oui,"indexee historiquement, noindex depuis",/fr/*,"pSEO ville (local, noindex volontaire)",,NOINDEX,haute,page de masse volontairement sortie de l'index ; Google doit la retirer progressivement
https://courtiark.fr/fr/logiciel-courtier-emprunteur-tours,fichier statique du depot,200,Logiciel pour courtier emprunteur à Tours — COURTIA · courtiark.fr,https://courtiark.fr/fr/logiciel-courtier-emprunteur-tours,"noindex, follow",non,oui,"indexee historiquement, noindex depuis",/fr/*,"pSEO ville (local, noindex volontaire)",,NOINDEX,haute,page de masse volontairement sortie de l'index ; Google doit la retirer progressivement
https://courtiark.fr/fr/logiciel-courtier-emprunteur-troyes,fichier statique du depot,200,Logiciel pour courtier emprunteur à Troyes — COURTIA · courtiark.fr,https://courtiark.fr/fr/logiciel-courtier-emprunteur-troyes,"noindex, follow",non,oui,"indexee historiquement, noindex depuis",/fr/*,"pSEO ville (local, noindex volontaire)",,NOINDEX,haute,page de masse volontairement sortie de l'index ; Google doit la retirer progressivement
https://courtiark.fr/fr/logiciel-courtier-emprunteur-valence,fichier statique du depot,200,Logiciel pour courtier emprunteur à Valence — COURTIA · courtiark.fr,https://courtiark.fr/fr/logiciel-courtier-emprunteur-valence,"noindex, follow",non,oui,"indexee historiquement, noindex depuis",/fr/*,"pSEO ville (local, noindex volontaire)",,NOINDEX,haute,page de masse volontairement sortie de l'index ; Google doit la retirer progressivement
https://courtiark.fr/fr/logiciel-courtier-emprunteur-valenciennes,fichier statique du depot,200,Logiciel pour courtier emprunteur à Valenciennes — COURTIA · courtiark.fr,https://courtiark.fr/fr/logiciel-courtier-emprunteur-valenciennes,"noindex, follow",non,oui,"indexee historiquement, noindex depuis",/fr/*,"pSEO ville (local, noindex volontaire)",,NOINDEX,haute,page de masse volontairement sortie de l'index ; Google doit la retirer progressivement
https://courtiark.fr/fr/logiciel-courtier-emprunteur-vannes,fichier statique du depot,200,Logiciel pour courtier emprunteur à Vannes — COURTIA · courtiark.fr,https://courtiark.fr/fr/logiciel-courtier-emprunteur-vannes,"noindex, follow",non,oui,"indexee historiquement, noindex depuis",/fr/*,"pSEO ville (local, noindex volontaire)",,NOINDEX,haute,page de masse volontairement sortie de l'index ; Google doit la retirer progressivement
https://courtiark.fr/fr/logiciel-courtier-emprunteur-venissieux,fichier statique du depot,200,Logiciel pour courtier emprunteur à Vénissieux — COURTIA · courtiark.fr,https://courtiark.fr/fr/logiciel-courtier-emprunteur-venissieux,"noindex, follow",non,oui,"indexee historiquement, noindex depuis",/fr/*,"pSEO ville (local, noindex volontaire)",,NOINDEX,haute,page de masse volontairement sortie de l'index ; Google doit la retirer progressivement
https://courtiark.fr/fr/logiciel-courtier-emprunteur-versailles,fichier statique du depot,200,Logiciel pour courtier emprunteur à Versailles — COURTIA · courtiark.fr,https://courtiark.fr/fr/logiciel-courtier-emprunteur-versailles,"noindex, follow",non,oui,"indexee historiquement, noindex depuis",/fr/*,"pSEO ville (local, noindex volontaire)",,NOINDEX,haute,page de masse volontairement sortie de l'index ; Google doit la retirer progressivement
https://courtiark.fr/fr/logiciel-courtier-emprunteur-vichy,fichier statique du depot,200,Logiciel pour courtier emprunteur à Vichy — COURTIA · courtiark.fr,https://courtiark.fr/fr/logiciel-courtier-emprunteur-vichy,"noindex, follow",non,oui,"indexee historiquement, noindex depuis",/fr/*,"pSEO ville (local, noindex volontaire)",,NOINDEX,haute,page de masse volontairement sortie de l'index ; Google doit la retirer progressivement
https://courtiark.fr/fr/logiciel-courtier-emprunteur-vierzon,fichier statique du depot,200,Logiciel pour courtier emprunteur à Vierzon — COURTIA · courtiark.fr,https://courtiark.fr/fr/logiciel-courtier-emprunteur-vierzon,"noindex, follow",non,oui,"indexee historiquement, noindex depuis",/fr/*,"pSEO ville (local, noindex volontaire)",,NOINDEX,haute,page de masse volontairement sortie de l'index ; Google doit la retirer progressivement
https://courtiark.fr/fr/logiciel-courtier-emprunteur-villeurbanne,fichier statique du depot,200,Logiciel pour courtier emprunteur à Villeurbanne — COURTIA · courtiark.fr,https://courtiark.fr/fr/logiciel-courtier-emprunteur-villeurbanne,"noindex, follow",non,oui,"indexee historiquement, noindex depuis",/fr/*,"pSEO ville (local, noindex volontaire)",,NOINDEX,haute,page de masse volontairement sortie de l'index ; Google doit la retirer progressivement
https://courtiark.fr/fr/logiciel-courtier-emprunteur-vincennes,fichier statique du depot,200,Logiciel pour courtier emprunteur à Vincennes — COURTIA · courtiark.fr,https://courtiark.fr/fr/logiciel-courtier-emprunteur-vincennes,"noindex, follow",non,oui,"indexee historiquement, noindex depuis",/fr/*,"pSEO ville (local, noindex volontaire)",,NOINDEX,haute,page de masse volontairement sortie de l'index ; Google doit la retirer progressivement
https://courtiark.fr/fr/logiciel-courtier-entreprise,fichier statique du depot,200,"Logiciel pour courtier d&#x27;entreprise : risques pro, multi-sites — COURTIA",https://courtiark.fr/fr/logiciel-courtier-entreprise,"index, follow",non,oui,"indexee (historique, d'apres le rapport Search Console)",/fr/*,doublon semantique de l'ancien plan,https://courtiark.fr/crm-courtier-assurance,REDIRECT_308,moyenne,"correspondance par sujet, a confirmer si le contenu diverge"
https://courtiark.fr/fr/logiciel-courtier-equipe,fichier statique du depot,200,Faire travailler une équipe de courtage dans un seul outil — COURTIA,https://courtiark.fr/fr/logiciel-courtier-equipe,"index, follow",non,oui,"indexee (historique, d'apres le rapport Search Console)",/fr/*,doublon semantique de l'ancien plan,https://courtiark.fr/crm-courtier-assurance,REDIRECT_308,moyenne,"correspondance par sujet, a confirmer si le contenu diverge"
https://courtiark.fr/fr/logiciel-courtier-grossiste,fichier statique du depot,308,Logiciel pour courtier grossiste — COURTIA · courtiark.fr,https://courtiark.fr/fr/logiciel-courtier-grossiste,"index, follow, max-image-preview:large",non,oui,"indexee (historique, d'apres le rapport Search Console)",/fr/*,doublon semantique de l'ancien plan,https://courtiark.fr/crm-courtier-assurance,REDIRECT_308,moyenne,"correspondance par sujet, a confirmer si le contenu diverge"
https://courtiark.fr/fr/logiciel-courtier-habitation,fichier statique du depot,308,Logiciel pour courtier habitation et MRH : suivi et échéances — COURTIA,https://courtiark.fr/fr/logiciel-courtier-habitation,"index, follow",non,oui,"indexee (historique, d'apres le rapport Search Console)",/fr/*,doublon semantique de l'ancien plan,https://courtiark.fr/crm-courtier-assurance,REDIRECT_308,moyenne,"correspondance par sujet, a confirmer si le contenu diverge"
https://courtiark.fr/fr/logiciel-courtier-iard,fichier statique du depot,200,Logiciel pour courtier IARD et risques pro — COURTIA · courtiark.fr,https://courtiark.fr/fr/logiciel-courtier-iard,"index, follow, max-image-preview:large",non,oui,"indexee (historique, d'apres le rapport Search Console)",/fr/*,doublon semantique de l'ancien plan,https://courtiark.fr/crm-courtier-assurance,REDIRECT_308,moyenne,"correspondance par sujet, a confirmer si le contenu diverge"
https://courtiark.fr/fr/logiciel-courtier-iard-agen,fichier statique du depot,200,Logiciel pour courtier IARD à Agen — COURTIA · courtiark.fr,https://courtiark.fr/fr/logiciel-courtier-iard-agen,"noindex, follow",non,oui,"indexee historiquement, noindex depuis",/fr/*,"pSEO ville (local, noindex volontaire)",,NOINDEX,haute,page de masse volontairement sortie de l'index ; Google doit la retirer progressivement
https://courtiark.fr/fr/logiciel-courtier-iard-aix-en-provence,fichier statique du depot,200,Logiciel pour courtier IARD à Aix-en-Provence — COURTIA · courtiark.fr,https://courtiark.fr/fr/logiciel-courtier-iard-aix-en-provence,"noindex, follow",non,oui,"indexee historiquement, noindex depuis",/fr/*,"pSEO ville (local, noindex volontaire)",,NOINDEX,haute,page de masse volontairement sortie de l'index ; Google doit la retirer progressivement
https://courtiark.fr/fr/logiciel-courtier-iard-ajaccio,fichier statique du depot,200,Logiciel pour courtier IARD à Ajaccio — COURTIA · courtiark.fr,https://courtiark.fr/fr/logiciel-courtier-iard-ajaccio,"noindex, follow",non,oui,"indexee historiquement, noindex depuis",/fr/*,"pSEO ville (local, noindex volontaire)",,NOINDEX,haute,page de masse volontairement sortie de l'index ; Google doit la retirer progressivement
https://courtiark.fr/fr/logiciel-courtier-iard-albi,fichier statique du depot,200,Logiciel pour courtier IARD à Albi — COURTIA · courtiark.fr,https://courtiark.fr/fr/logiciel-courtier-iard-albi,"noindex, follow",non,oui,"indexee historiquement, noindex depuis",/fr/*,"pSEO ville (local, noindex volontaire)",,NOINDEX,haute,page de masse volontairement sortie de l'index ; Google doit la retirer progressivement
https://courtiark.fr/fr/logiciel-courtier-iard-alencon,fichier statique du depot,200,Logiciel pour courtier IARD à Alençon — COURTIA · courtiark.fr,https://courtiark.fr/fr/logiciel-courtier-iard-alencon,"noindex, follow",non,oui,"indexee historiquement, noindex depuis",/fr/*,"pSEO ville (local, noindex volontaire)",,NOINDEX,haute,page de masse volontairement sortie de l'index ; Google doit la retirer progressivement
https://courtiark.fr/fr/logiciel-courtier-iard-amiens,fichier statique du depot,200,Logiciel pour courtier IARD à Amiens — COURTIA · courtiark.fr,https://courtiark.fr/fr/logiciel-courtier-iard-amiens,"noindex, follow",non,oui,"indexee historiquement, noindex depuis",/fr/*,"pSEO ville (local, noindex volontaire)",,NOINDEX,haute,page de masse volontairement sortie de l'index ; Google doit la retirer progressivement
https://courtiark.fr/fr/logiciel-courtier-iard-angers,fichier statique du depot,200,Logiciel pour courtier IARD à Angers — COURTIA · courtiark.fr,https://courtiark.fr/fr/logiciel-courtier-iard-angers,"noindex, follow",non,oui,"indexee historiquement, noindex depuis",/fr/*,"pSEO ville (local, noindex volontaire)",,NOINDEX,haute,page de masse volontairement sortie de l'index ; Google doit la retirer progressivement
https://courtiark.fr/fr/logiciel-courtier-iard-anglet,fichier statique du depot,200,Logiciel pour courtier IARD à Anglet — COURTIA · courtiark.fr,https://courtiark.fr/fr/logiciel-courtier-iard-anglet,"noindex, follow",non,oui,"indexee historiquement, noindex depuis",/fr/*,"pSEO ville (local, noindex volontaire)",,NOINDEX,haute,page de masse volontairement sortie de l'index ; Google doit la retirer progressivement
https://courtiark.fr/fr/logiciel-courtier-iard-angouleme,fichier statique du depot,200,Logiciel pour courtier IARD à Angoulême — COURTIA · courtiark.fr,https://courtiark.fr/fr/logiciel-courtier-iard-angouleme,"noindex, follow",non,oui,"indexee historiquement, noindex depuis",/fr/*,"pSEO ville (local, noindex volontaire)",,NOINDEX,haute,page de masse volontairement sortie de l'index ; Google doit la retirer progressivement
https://courtiark.fr/fr/logiciel-courtier-iard-annecy,fichier statique du depot,200,Logiciel pour courtier IARD à Annecy — COURTIA · courtiark.fr,https://courtiark.fr/fr/logiciel-courtier-iard-annecy,"noindex, follow",non,oui,"indexee historiquement, noindex depuis",/fr/*,"pSEO ville (local, noindex volontaire)",,NOINDEX,haute,page de masse volontairement sortie de l'index ; Google doit la retirer progressivement
https://courtiark.fr/fr/logiciel-courtier-iard-antibes,fichier statique du depot,200,Logiciel pour courtier IARD à Antibes — COURTIA · courtiark.fr,https://courtiark.fr/fr/logiciel-courtier-iard-antibes,"noindex, follow",non,oui,"indexee historiquement, noindex depuis",/fr/*,"pSEO ville (local, noindex volontaire)",,NOINDEX,haute,page de masse volontairement sortie de l'index ; Google doit la retirer progressivement
https://courtiark.fr/fr/logiciel-courtier-iard-antony,fichier statique du depot,200,Logiciel pour courtier IARD à Antony — COURTIA · courtiark.fr,https://courtiark.fr/fr/logiciel-courtier-iard-antony,"noindex, follow",non,oui,"indexee historiquement, noindex depuis",/fr/*,"pSEO ville (local, noindex volontaire)",,NOINDEX,haute,page de masse volontairement sortie de l'index ; Google doit la retirer progressivement
https://courtiark.fr/fr/logiciel-courtier-iard-arles,fichier statique du depot,200,Logiciel pour courtier IARD à Arles — COURTIA · courtiark.fr,https://courtiark.fr/fr/logiciel-courtier-iard-arles,"noindex, follow",non,oui,"indexee historiquement, noindex depuis",/fr/*,"pSEO ville (local, noindex volontaire)",,NOINDEX,haute,page de masse volontairement sortie de l'index ; Google doit la retirer progressivement
https://courtiark.fr/fr/logiciel-courtier-iard-arras,fichier statique du depot,200,Logiciel pour courtier IARD à Arras — COURTIA · courtiark.fr,https://courtiark.fr/fr/logiciel-courtier-iard-arras,"noindex, follow",non,oui,"indexee historiquement, noindex depuis",/fr/*,"pSEO ville (local, noindex volontaire)",,NOINDEX,haute,page de masse volontairement sortie de l'index ; Google doit la retirer progressivement
https://courtiark.fr/fr/logiciel-courtier-iard-aubagne,fichier statique du depot,200,Logiciel pour courtier IARD à Aubagne — COURTIA · courtiark.fr,https://courtiark.fr/fr/logiciel-courtier-iard-aubagne,"noindex, follow",non,oui,"indexee historiquement, noindex depuis",/fr/*,"pSEO ville (local, noindex volontaire)",,NOINDEX,haute,page de masse volontairement sortie de l'index ; Google doit la retirer progressivement
https://courtiark.fr/fr/logiciel-courtier-iard-aubervilliers,fichier statique du depot,200,Logiciel pour courtier IARD à Aubervilliers — COURTIA · courtiark.fr,https://courtiark.fr/fr/logiciel-courtier-iard-aubervilliers,"noindex, follow",non,oui,"indexee historiquement, noindex depuis",/fr/*,"pSEO ville (local, noindex volontaire)",,NOINDEX,haute,page de masse volontairement sortie de l'index ; Google doit la retirer progressivement
https://courtiark.fr/fr/logiciel-courtier-iard-auch,fichier statique du depot,200,Logiciel pour courtier IARD à Auch — COURTIA · courtiark.fr,https://courtiark.fr/fr/logiciel-courtier-iard-auch,"noindex, follow",non,oui,"indexee historiquement, noindex depuis",/fr/*,"pSEO ville (local, noindex volontaire)",,NOINDEX,haute,page de masse volontairement sortie de l'index ; Google doit la retirer progressivement
https://courtiark.fr/fr/logiciel-courtier-iard-aulnay-sous-bois,fichier statique du depot,200,Logiciel pour courtier IARD à Aulnay-sous-Bois — COURTIA · courtiark.fr,https://courtiark.fr/fr/logiciel-courtier-iard-aulnay-sous-bois,"noindex, follow",non,oui,"indexee historiquement, noindex depuis",/fr/*,"pSEO ville (local, noindex volontaire)",,NOINDEX,haute,page de masse volontairement sortie de l'index ; Google doit la retirer progressivement
https://courtiark.fr/fr/logiciel-courtier-iard-avignon,fichier statique du depot,200,Logiciel pour courtier IARD à Avignon — COURTIA · courtiark.fr,https://courtiark.fr/fr/logiciel-courtier-iard-avignon,"noindex, follow",non,oui,"indexee historiquement, noindex depuis",/fr/*,"pSEO ville (local, noindex volontaire)",,NOINDEX,haute,page de masse volontairement sortie de l'index ; Google doit la retirer progressivement
https://courtiark.fr/fr/logiciel-courtier-iard-bagnolet,fichier statique du depot,200,Logiciel pour courtier IARD à Bagnolet — COURTIA · courtiark.fr,https://courtiark.fr/fr/logiciel-courtier-iard-bagnolet,"noindex, follow",non,oui,"indexee historiquement, noindex depuis",/fr/*,"pSEO ville (local, noindex volontaire)",,NOINDEX,haute,page de masse volontairement sortie de l'index ; Google doit la retirer progressivement
https://courtiark.fr/fr/logiciel-courtier-iard-bastia,fichier statique du depot,200,Logiciel pour courtier IARD à Bastia — COURTIA · courtiark.fr,https://courtiark.fr/fr/logiciel-courtier-iard-bastia,"noindex, follow",non,oui,"indexee historiquement, noindex depuis",/fr/*,"pSEO ville (local, noindex volontaire)",,NOINDEX,haute,page de masse volontairement sortie de l'index ; Google doit la retirer progressivement
https://courtiark.fr/fr/logiciel-courtier-iard-bayeux,fichier statique du depot,200,Logiciel pour courtier IARD à Bayeux — COURTIA · courtiark.fr,https://courtiark.fr/fr/logiciel-courtier-iard-bayeux,"noindex, follow",non,oui,"indexee historiquement, noindex depuis",/fr/*,"pSEO ville (local, noindex volontaire)",,NOINDEX,haute,page de masse volontairement sortie de l'index ; Google doit la retirer progressivement
https://courtiark.fr/fr/logiciel-courtier-iard-bayonne,fichier statique du depot,200,Logiciel pour courtier IARD à Bayonne — COURTIA · courtiark.fr,https://courtiark.fr/fr/logiciel-courtier-iard-bayonne,"noindex, follow",non,oui,"indexee historiquement, noindex depuis",/fr/*,"pSEO ville (local, noindex volontaire)",,NOINDEX,haute,page de masse volontairement sortie de l'index ; Google doit la retirer progressivement
https://courtiark.fr/fr/logiciel-courtier-iard-beauvais,fichier statique du depot,200,Logiciel pour courtier IARD à Beauvais — COURTIA · courtiark.fr,https://courtiark.fr/fr/logiciel-courtier-iard-beauvais,"noindex, follow",non,oui,"indexee historiquement, noindex depuis",/fr/*,"pSEO ville (local, noindex volontaire)",,NOINDEX,haute,page de masse volontairement sortie de l'index ; Google doit la retirer progressivement
https://courtiark.fr/fr/logiciel-courtier-iard-belfort,fichier statique du depot,200,Logiciel pour courtier IARD à Belfort — COURTIA · courtiark.fr,https://courtiark.fr/fr/logiciel-courtier-iard-belfort,"noindex, follow",non,oui,"indexee historiquement, noindex depuis",/fr/*,"pSEO ville (local, noindex volontaire)",,NOINDEX,haute,page de masse volontairement sortie de l'index ; Google doit la retirer progressivement
https://courtiark.fr/fr/logiciel-courtier-iard-bergerac,fichier statique du depot,200,Logiciel pour courtier IARD à Bergerac — COURTIA · courtiark.fr,https://courtiark.fr/fr/logiciel-courtier-iard-bergerac,"noindex, follow",non,oui,"indexee historiquement, noindex depuis",/fr/*,"pSEO ville (local, noindex volontaire)",,NOINDEX,haute,page de masse volontairement sortie de l'index ; Google doit la retirer progressivement
https://courtiark.fr/fr/logiciel-courtier-iard-besancon,fichier statique du depot,200,Logiciel pour courtier IARD à Besançon — COURTIA · courtiark.fr,https://courtiark.fr/fr/logiciel-courtier-iard-besancon,"noindex, follow",non,oui,"indexee historiquement, noindex depuis",/fr/*,"pSEO ville (local, noindex volontaire)",,NOINDEX,haute,page de masse volontairement sortie de l'index ; Google doit la retirer progressivement
https://courtiark.fr/fr/logiciel-courtier-iard-beziers,fichier statique du depot,200,Logiciel pour courtier IARD à Béziers — COURTIA · courtiark.fr,https://courtiark.fr/fr/logiciel-courtier-iard-beziers,"noindex, follow",non,oui,"indexee historiquement, noindex depuis",/fr/*,"pSEO ville (local, noindex volontaire)",,NOINDEX,haute,page de masse volontairement sortie de l'index ; Google doit la retirer progressivement
https://courtiark.fr/fr/logiciel-courtier-iard-biarritz,fichier statique du depot,200,Logiciel pour courtier IARD à Biarritz — COURTIA · courtiark.fr,https://courtiark.fr/fr/logiciel-courtier-iard-biarritz,"noindex, follow",non,oui,"indexee historiquement, noindex depuis",/fr/*,"pSEO ville (local, noindex volontaire)",,NOINDEX,haute,page de masse volontairement sortie de l'index ; Google doit la retirer progressivement
https://courtiark.fr/fr/logiciel-courtier-iard-blois,fichier statique du depot,200,Logiciel pour courtier IARD à Blois — COURTIA · courtiark.fr,https://courtiark.fr/fr/logiciel-courtier-iard-blois,"noindex, follow",non,oui,"indexee historiquement, noindex depuis",/fr/*,"pSEO ville (local, noindex volontaire)",,NOINDEX,haute,page de masse volontairement sortie de l'index ; Google doit la retirer progressivement
https://courtiark.fr/fr/logiciel-courtier-iard-bobigny,fichier statique du depot,200,Logiciel pour courtier IARD à Bobigny — COURTIA · courtiark.fr,https://courtiark.fr/fr/logiciel-courtier-iard-bobigny,"noindex, follow",non,oui,"indexee historiquement, noindex depuis",/fr/*,"pSEO ville (local, noindex volontaire)",,NOINDEX,haute,page de masse volontairement sortie de l'index ; Google doit la retirer progressivement
https://courtiark.fr/fr/logiciel-courtier-iard-bondy,fichier statique du depot,200,Logiciel pour courtier IARD à Bondy — COURTIA · courtiark.fr,https://courtiark.fr/fr/logiciel-courtier-iard-bondy,"noindex, follow",non,oui,"indexee historiquement, noindex depuis",/fr/*,"pSEO ville (local, noindex volontaire)",,NOINDEX,haute,page de masse volontairement sortie de l'index ; Google doit la retirer progressivement
https://courtiark.fr/fr/logiciel-courtier-iard-bordeaux,fichier statique du depot,200,Logiciel pour courtier IARD à Bordeaux — COURTIA · courtiark.fr,https://courtiark.fr/fr/logiciel-courtier-iard-bordeaux,"noindex, follow",non,oui,"indexee historiquement, noindex depuis",/fr/*,"pSEO ville (local, noindex volontaire)",,NOINDEX,haute,page de masse volontairement sortie de l'index ; Google doit la retirer progressivement
https://courtiark.fr/fr/logiciel-courtier-iard-boulogne-sur-mer,fichier statique du depot,200,Logiciel pour courtier IARD à Boulogne-sur-Mer — COURTIA · courtiark.fr,https://courtiark.fr/fr/logiciel-courtier-iard-boulogne-sur-mer,"noindex, follow",non,oui,"indexee historiquement, noindex depuis",/fr/*,page heritee non indexable,,NOINDEX,haute,conservee accessible mais hors index : decision editoriale
https://courtiark.fr/fr/logiciel-courtier-iard-bourg-en-bresse,fichier statique du depot,200,Logiciel pour courtier IARD à Bourg-en-Bresse — COURTIA · courtiark.fr,https://courtiark.fr/fr/logiciel-courtier-iard-bourg-en-bresse,"noindex, follow",non,oui,"indexee historiquement, noindex depuis",/fr/*,"pSEO ville (local, noindex volontaire)",,NOINDEX,haute,page de masse volontairement sortie de l'index ; Google doit la retirer progressivement
https://courtiark.fr/fr/logiciel-courtier-iard-bourges,fichier statique du depot,200,Logiciel pour courtier IARD à Bourges — COURTIA · courtiark.fr,https://courtiark.fr/fr/logiciel-courtier-iard-bourges,"noindex, follow",non,oui,"indexee historiquement, noindex depuis",/fr/*,"pSEO ville (local, noindex volontaire)",,NOINDEX,haute,page de masse volontairement sortie de l'index ; Google doit la retirer progressivement
https://courtiark.fr/fr/logiciel-courtier-iard-brest,fichier statique du depot,200,Logiciel pour courtier IARD à Brest — COURTIA · courtiark.fr,https://courtiark.fr/fr/logiciel-courtier-iard-brest,"noindex, follow",non,oui,"indexee historiquement, noindex depuis",/fr/*,"pSEO ville (local, noindex volontaire)",,NOINDEX,haute,page de masse volontairement sortie de l'index ; Google doit la retirer progressivement
https://courtiark.fr/fr/logiciel-courtier-iard-caen,fichier statique du depot,200,Logiciel pour courtier IARD à Caen — COURTIA · courtiark.fr,https://courtiark.fr/fr/logiciel-courtier-iard-caen,"noindex, follow",non,oui,"indexee historiquement, noindex depuis",/fr/*,"pSEO ville (local, noindex volontaire)",,NOINDEX,haute,page de masse volontairement sortie de l'index ; Google doit la retirer progressivement
https://courtiark.fr/fr/logiciel-courtier-iard-cagnes-sur-mer,fichier statique du depot,200,Logiciel pour courtier IARD à Cagnes-sur-Mer — COURTIA · courtiark.fr,https://courtiark.fr/fr/logiciel-courtier-iard-cagnes-sur-mer,"noindex, follow",non,oui,"indexee historiquement, noindex depuis",/fr/*,page heritee non indexable,,NOINDEX,haute,conservee accessible mais hors index : decision editoriale
https://courtiark.fr/fr/logiciel-courtier-iard-cahors,fichier statique du depot,200,Logiciel pour courtier IARD à Cahors — COURTIA · courtiark.fr,https://courtiark.fr/fr/logiciel-courtier-iard-cahors,"noindex, follow",non,oui,"indexee historiquement, noindex depuis",/fr/*,"pSEO ville (local, noindex volontaire)",,NOINDEX,haute,page de masse volontairement sortie de l'index ; Google doit la retirer progressivement
https://courtiark.fr/fr/logiciel-courtier-iard-calais,fichier statique du depot,200,Logiciel pour courtier IARD à Calais — COURTIA · courtiark.fr,https://courtiark.fr/fr/logiciel-courtier-iard-calais,"noindex, follow",non,oui,"indexee historiquement, noindex depuis",/fr/*,"pSEO ville (local, noindex volontaire)",,NOINDEX,haute,page de masse volontairement sortie de l'index ; Google doit la retirer progressivement
https://courtiark.fr/fr/logiciel-courtier-iard-cambrai,fichier statique du depot,200,Logiciel pour courtier IARD à Cambrai — COURTIA · courtiark.fr,https://courtiark.fr/fr/logiciel-courtier-iard-cambrai,"noindex, follow",non,oui,"indexee historiquement, noindex depuis",/fr/*,"pSEO ville (local, noindex volontaire)",,NOINDEX,haute,page de masse volontairement sortie de l'index ; Google doit la retirer progressivement
https://courtiark.fr/fr/logiciel-courtier-iard-cannes,fichier statique du depot,200,Logiciel pour courtier IARD à Cannes — COURTIA · courtiark.fr,https://courtiark.fr/fr/logiciel-courtier-iard-cannes,"noindex, follow",non,oui,"indexee historiquement, noindex depuis",/fr/*,"pSEO ville (local, noindex volontaire)",,NOINDEX,haute,page de masse volontairement sortie de l'index ; Google doit la retirer progressivement
https://courtiark.fr/fr/logiciel-courtier-iard-carcassonne,fichier statique du depot,200,Logiciel pour courtier IARD à Carcassonne — COURTIA · courtiark.fr,https://courtiark.fr/fr/logiciel-courtier-iard-carcassonne,"noindex, follow",non,oui,"indexee historiquement, noindex depuis",/fr/*,"pSEO ville (local, noindex volontaire)",,NOINDEX,haute,page de masse volontairement sortie de l'index ; Google doit la retirer progressivement
https://courtiark.fr/fr/logiciel-courtier-iard-carpentras,fichier statique du depot,200,Logiciel pour courtier IARD à Carpentras — COURTIA · courtiark.fr,https://courtiark.fr/fr/logiciel-courtier-iard-carpentras,"noindex, follow",non,oui,"indexee historiquement, noindex depuis",/fr/*,"pSEO ville (local, noindex volontaire)",,NOINDEX,haute,page de masse volontairement sortie de l'index ; Google doit la retirer progressivement
https://courtiark.fr/fr/logiciel-courtier-iard-cergy,fichier statique du depot,200,Logiciel pour courtier IARD à Cergy — COURTIA · courtiark.fr,https://courtiark.fr/fr/logiciel-courtier-iard-cergy,"noindex, follow",non,oui,"indexee historiquement, noindex depuis",/fr/*,"pSEO ville (local, noindex volontaire)",,NOINDEX,haute,page de masse volontairement sortie de l'index ; Google doit la retirer progressivement
https://courtiark.fr/fr/logiciel-courtier-iard-chalon-sur-saone,fichier statique du depot,200,Logiciel pour courtier IARD à Chalon-sur-Saône — COURTIA · courtiark.fr,https://courtiark.fr/fr/logiciel-courtier-iard-chalon-sur-saone,"noindex, follow",non,oui,"indexee historiquement, noindex depuis",/fr/*,"pSEO ville (local, noindex volontaire)",,NOINDEX,haute,page de masse volontairement sortie de l'index ; Google doit la retirer progressivement
https://courtiark.fr/fr/logiciel-courtier-iard-chambery,fichier statique du depot,200,Logiciel pour courtier IARD à Chambéry — COURTIA · courtiark.fr,https://courtiark.fr/fr/logiciel-courtier-iard-chambery,"noindex, follow",non,oui,"indexee historiquement, noindex depuis",/fr/*,"pSEO ville (local, noindex volontaire)",,NOINDEX,haute,page de masse volontairement sortie de l'index ; Google doit la retirer progressivement
https://courtiark.fr/fr/logiciel-courtier-iard-charenton,fichier statique du depot,200,Logiciel pour courtier IARD à Charenton — COURTIA · courtiark.fr,https://courtiark.fr/fr/logiciel-courtier-iard-charenton,"noindex, follow",non,oui,"indexee historiquement, noindex depuis",/fr/*,"pSEO ville (local, noindex volontaire)",,NOINDEX,haute,page de masse volontairement sortie de l'index ; Google doit la retirer progressivement
https://courtiark.fr/fr/logiciel-courtier-iard-charleville-mezieres,fichier statique du depot,200,Logiciel pour courtier IARD à Charleville-Mézières — COURTIA · courtiark.fr,https://courtiark.fr/fr/logiciel-courtier-iard-charleville-mezieres,"noindex, follow",non,oui,"indexee historiquement, noindex depuis",/fr/*,"pSEO ville (local, noindex volontaire)",,NOINDEX,haute,page de masse volontairement sortie de l'index ; Google doit la retirer progressivement
https://courtiark.fr/fr/logiciel-courtier-iard-chartres,fichier statique du depot,200,Logiciel pour courtier IARD à Chartres — COURTIA · courtiark.fr,https://courtiark.fr/fr/logiciel-courtier-iard-chartres,"noindex, follow",non,oui,"indexee historiquement, noindex depuis",/fr/*,"pSEO ville (local, noindex volontaire)",,NOINDEX,haute,page de masse volontairement sortie de l'index ; Google doit la retirer progressivement
https://courtiark.fr/fr/logiciel-courtier-iard-chateauroux,fichier statique du depot,200,Logiciel pour courtier IARD à Châteauroux — COURTIA · courtiark.fr,https://courtiark.fr/fr/logiciel-courtier-iard-chateauroux,"noindex, follow",non,oui,"indexee historiquement, noindex depuis",/fr/*,"pSEO ville (local, noindex volontaire)",,NOINDEX,haute,page de masse volontairement sortie de l'index ; Google doit la retirer progressivement
https://courtiark.fr/fr/logiciel-courtier-iard-chelles,fichier statique du depot,200,Logiciel pour courtier IARD à Chelles — COURTIA · courtiark.fr,https://courtiark.fr/fr/logiciel-courtier-iard-chelles,"noindex, follow",non,oui,"indexee historiquement, noindex depuis",/fr/*,"pSEO ville (local, noindex volontaire)",,NOINDEX,haute,page de masse volontairement sortie de l'index ; Google doit la retirer progressivement
https://courtiark.fr/fr/logiciel-courtier-iard-cherbourg,fichier statique du depot,200,Logiciel pour courtier IARD à Cherbourg — COURTIA · courtiark.fr,https://courtiark.fr/fr/logiciel-courtier-iard-cherbourg,"noindex, follow",non,oui,"indexee historiquement, noindex depuis",/fr/*,"pSEO ville (local, noindex volontaire)",,NOINDEX,haute,page de masse volontairement sortie de l'index ; Google doit la retirer progressivement
https://courtiark.fr/fr/logiciel-courtier-iard-cholet,fichier statique du depot,200,Logiciel pour courtier IARD à Cholet — COURTIA · courtiark.fr,https://courtiark.fr/fr/logiciel-courtier-iard-cholet,"noindex, follow",non,oui,"indexee historiquement, noindex depuis",/fr/*,"pSEO ville (local, noindex volontaire)",,NOINDEX,haute,page de masse volontairement sortie de l'index ; Google doit la retirer progressivement
https://courtiark.fr/fr/logiciel-courtier-iard-clermont-ferrand,fichier statique du depot,200,Logiciel pour courtier IARD à Clermont-Ferrand — COURTIA · courtiark.fr,https://courtiark.fr/fr/logiciel-courtier-iard-clermont-ferrand,"noindex, follow",non,oui,"indexee historiquement, noindex depuis",/fr/*,"pSEO ville (local, noindex volontaire)",,NOINDEX,haute,page de masse volontairement sortie de l'index ; Google doit la retirer progressivement
https://courtiark.fr/fr/logiciel-courtier-iard-clichy,fichier statique du depot,200,Logiciel pour courtier IARD à Clichy — COURTIA · courtiark.fr,https://courtiark.fr/fr/logiciel-courtier-iard-clichy,"noindex, follow",non,oui,"indexee historiquement, noindex depuis",/fr/*,"pSEO ville (local, noindex volontaire)",,NOINDEX,haute,page de masse volontairement sortie de l'index ; Google doit la retirer progressivement
https://courtiark.fr/fr/logiciel-courtier-iard-colmar,fichier statique du depot,200,Logiciel pour courtier IARD à Colmar — COURTIA · courtiark.fr,https://courtiark.fr/fr/logiciel-courtier-iard-colmar,"noindex, follow",non,oui,"indexee historiquement, noindex depuis",/fr/*,"pSEO ville (local, noindex volontaire)",,NOINDEX,haute,page de masse volontairement sortie de l'index ; Google doit la retirer progressivement
https://courtiark.fr/fr/logiciel-courtier-iard-compiegne,fichier statique du depot,200,Logiciel pour courtier IARD à Compiègne — COURTIA · courtiark.fr,https://courtiark.fr/fr/logiciel-courtier-iard-compiegne,"noindex, follow",non,oui,"indexee historiquement, noindex depuis",/fr/*,"pSEO ville (local, noindex volontaire)",,NOINDEX,haute,page de masse volontairement sortie de l'index ; Google doit la retirer progressivement
https://courtiark.fr/fr/logiciel-courtier-iard-courbevoie,fichier statique du depot,200,Logiciel pour courtier IARD à Courbevoie — COURTIA · courtiark.fr,https://courtiark.fr/fr/logiciel-courtier-iard-courbevoie,"noindex, follow",non,oui,"indexee historiquement, noindex depuis",/fr/*,"pSEO ville (local, noindex volontaire)",,NOINDEX,haute,page de masse volontairement sortie de l'index ; Google doit la retirer progressivement
https://courtiark.fr/fr/logiciel-courtier-iard-creteil,fichier statique du depot,200,Logiciel pour courtier IARD à Créteil — COURTIA · courtiark.fr,https://courtiark.fr/fr/logiciel-courtier-iard-creteil,"noindex, follow",non,oui,"indexee historiquement, noindex depuis",/fr/*,"pSEO ville (local, noindex volontaire)",,NOINDEX,haute,page de masse volontairement sortie de l'index ; Google doit la retirer progressivement
https://courtiark.fr/fr/logiciel-courtier-iard-dax,fichier statique du depot,200,Logiciel pour courtier IARD à Dax — COURTIA · courtiark.fr,https://courtiark.fr/fr/logiciel-courtier-iard-dax,"noindex, follow",non,oui,"indexee historiquement, noindex depuis",/fr/*,page heritee non indexable,,NOINDEX,haute,conservee accessible mais hors index : decision editoriale
https://courtiark.fr/fr/logiciel-courtier-iard-dijon,fichier statique du depot,200,Logiciel pour courtier IARD à Dijon — COURTIA · courtiark.fr,https://courtiark.fr/fr/logiciel-courtier-iard-dijon,"noindex, follow",non,oui,"indexee historiquement, noindex depuis",/fr/*,"pSEO ville (local, noindex volontaire)",,NOINDEX,haute,page de masse volontairement sortie de l'index ; Google doit la retirer progressivement
https://courtiark.fr/fr/logiciel-courtier-iard-dole,fichier statique du depot,200,Logiciel pour courtier IARD à Dole — COURTIA · courtiark.fr,https://courtiark.fr/fr/logiciel-courtier-iard-dole,"noindex, follow",non,oui,"indexee historiquement, noindex depuis",/fr/*,"pSEO ville (local, noindex volontaire)",,NOINDEX,haute,page de masse volontairement sortie de l'index ; Google doit la retirer progressivement
https://courtiark.fr/fr/logiciel-courtier-iard-douai,fichier statique du depot,200,Logiciel pour courtier IARD à Douai — COURTIA · courtiark.fr,https://courtiark.fr/fr/logiciel-courtier-iard-douai,"noindex, follow",non,oui,"indexee historiquement, noindex depuis",/fr/*,"pSEO ville (local, noindex volontaire)",,NOINDEX,haute,page de masse volontairement sortie de l'index ; Google doit la retirer progressivement
https://courtiark.fr/fr/logiciel-courtier-iard-draguignan,fichier statique du depot,200,Logiciel pour courtier IARD à Draguignan — COURTIA · courtiark.fr,https://courtiark.fr/fr/logiciel-courtier-iard-draguignan,"noindex, follow",non,oui,"indexee historiquement, noindex depuis",/fr/*,"pSEO ville (local, noindex volontaire)",,NOINDEX,haute,page de masse volontairement sortie de l'index ; Google doit la retirer progressivement
https://courtiark.fr/fr/logiciel-courtier-iard-drancy,fichier statique du depot,200,Logiciel pour courtier IARD à Drancy — COURTIA · courtiark.fr,https://courtiark.fr/fr/logiciel-courtier-iard-drancy,"noindex, follow",non,oui,"indexee historiquement, noindex depuis",/fr/*,"pSEO ville (local, noindex volontaire)",,NOINDEX,haute,page de masse volontairement sortie de l'index ; Google doit la retirer progressivement
https://courtiark.fr/fr/logiciel-courtier-iard-dreux,fichier statique du depot,200,Logiciel pour courtier IARD à Dreux — COURTIA · courtiark.fr,https://courtiark.fr/fr/logiciel-courtier-iard-dreux,"noindex, follow",non,oui,"indexee historiquement, noindex depuis",/fr/*,"pSEO ville (local, noindex volontaire)",,NOINDEX,haute,page de masse volontairement sortie de l'index ; Google doit la retirer progressivement
https://courtiark.fr/fr/logiciel-courtier-iard-dunkerque,fichier statique du depot,200,Logiciel pour courtier IARD à Dunkerque — COURTIA · courtiark.fr,https://courtiark.fr/fr/logiciel-courtier-iard-dunkerque,"noindex, follow",non,oui,"indexee historiquement, noindex depuis",/fr/*,"pSEO ville (local, noindex volontaire)",,NOINDEX,haute,page de masse volontairement sortie de l'index ; Google doit la retirer progressivement
https://courtiark.fr/fr/logiciel-courtier-iard-epinal,fichier statique du depot,200,Logiciel pour courtier IARD à Épinal — COURTIA · courtiark.fr,https://courtiark.fr/fr/logiciel-courtier-iard-epinal,"noindex, follow",non,oui,"indexee historiquement, noindex depuis",/fr/*,"pSEO ville (local, noindex volontaire)",,NOINDEX,haute,page de masse volontairement sortie de l'index ; Google doit la retirer progressivement
https://courtiark.fr/fr/logiciel-courtier-iard-evreux,fichier statique du depot,200,Logiciel pour courtier IARD à Évreux — COURTIA · courtiark.fr,https://courtiark.fr/fr/logiciel-courtier-iard-evreux,"noindex, follow",non,oui,"indexee historiquement, noindex depuis",/fr/*,"pSEO ville (local, noindex volontaire)",,NOINDEX,haute,page de masse volontairement sortie de l'index ; Google doit la retirer progressivement
https://courtiark.fr/fr/logiciel-courtier-iard-evry,fichier statique du depot,200,Logiciel pour courtier IARD à Évry — COURTIA · courtiark.fr,https://courtiark.fr/fr/logiciel-courtier-iard-evry,"noindex, follow",non,oui,"indexee historiquement, noindex depuis",/fr/*,"pSEO ville (local, noindex volontaire)",,NOINDEX,haute,page de masse volontairement sortie de l'index ; Google doit la retirer progressivement
https://courtiark.fr/fr/logiciel-courtier-iard-fontainebleau,fichier statique du depot,200,Logiciel pour courtier IARD à Fontainebleau — COURTIA · courtiark.fr,https://courtiark.fr/fr/logiciel-courtier-iard-fontainebleau,"noindex, follow",non,oui,"indexee historiquement, noindex depuis",/fr/*,"pSEO ville (local, noindex volontaire)",,NOINDEX,haute,page de masse volontairement sortie de l'index ; Google doit la retirer progressivement
https://courtiark.fr/fr/logiciel-courtier-iard-forbach,fichier statique du depot,200,Logiciel pour courtier IARD à Forbach — COURTIA · courtiark.fr,https://courtiark.fr/fr/logiciel-courtier-iard-forbach,"noindex, follow",non,oui,"indexee historiquement, noindex depuis",/fr/*,"pSEO ville (local, noindex volontaire)",,NOINDEX,haute,page de masse volontairement sortie de l'index ; Google doit la retirer progressivement
https://courtiark.fr/fr/logiciel-courtier-iard-frejus,fichier statique du depot,200,Logiciel pour courtier IARD à Fréjus — COURTIA · courtiark.fr,https://courtiark.fr/fr/logiciel-courtier-iard-frejus,"noindex, follow",non,oui,"indexee historiquement, noindex depuis",/fr/*,"pSEO ville (local, noindex volontaire)",,NOINDEX,haute,page de masse volontairement sortie de l'index ; Google doit la retirer progressivement
https://courtiark.fr/fr/logiciel-courtier-iard-gap,fichier statique du depot,200,Logiciel pour courtier IARD à Gap — COURTIA · courtiark.fr,https://courtiark.fr/fr/logiciel-courtier-iard-gap,"noindex, follow",non,oui,"indexee historiquement, noindex depuis",/fr/*,page heritee non indexable,,NOINDEX,haute,conservee accessible mais hors index : decision editoriale
https://courtiark.fr/fr/logiciel-courtier-iard-grasse,fichier statique du depot,200,Logiciel pour courtier IARD à Grasse — COURTIA · courtiark.fr,https://courtiark.fr/fr/logiciel-courtier-iard-grasse,"noindex, follow",non,oui,"indexee historiquement, noindex depuis",/fr/*,"pSEO ville (local, noindex volontaire)",,NOINDEX,haute,page de masse volontairement sortie de l'index ; Google doit la retirer progressivement
https://courtiark.fr/fr/logiciel-courtier-iard-grenoble,fichier statique du depot,200,Logiciel pour courtier IARD à Grenoble — COURTIA · courtiark.fr,https://courtiark.fr/fr/logiciel-courtier-iard-grenoble,"noindex, follow",non,oui,"indexee historiquement, noindex depuis",/fr/*,"pSEO ville (local, noindex volontaire)",,NOINDEX,haute,page de masse volontairement sortie de l'index ; Google doit la retirer progressivement
https://courtiark.fr/fr/logiciel-courtier-iard-haguenau,fichier statique du depot,200,Logiciel pour courtier IARD à Haguenau — COURTIA · courtiark.fr,https://courtiark.fr/fr/logiciel-courtier-iard-haguenau,"noindex, follow",non,oui,"indexee historiquement, noindex depuis",/fr/*,"pSEO ville (local, noindex volontaire)",,NOINDEX,haute,page de masse volontairement sortie de l'index ; Google doit la retirer progressivement
https://courtiark.fr/fr/logiciel-courtier-iard-hyeres,fichier statique du depot,200,Logiciel pour courtier IARD à Hyères — COURTIA · courtiark.fr,https://courtiark.fr/fr/logiciel-courtier-iard-hyeres,"noindex, follow",non,oui,"indexee historiquement, noindex depuis",/fr/*,"pSEO ville (local, noindex volontaire)",,NOINDEX,haute,page de masse volontairement sortie de l'index ; Google doit la retirer progressivement
https://courtiark.fr/fr/logiciel-courtier-iard-issy-les-moulineaux,fichier statique du depot,200,Logiciel pour courtier IARD à Issy-les-Moulineaux — COURTIA · courtiark.fr,https://courtiark.fr/fr/logiciel-courtier-iard-issy-les-moulineaux,"noindex, follow",non,oui,"indexee historiquement, noindex depuis",/fr/*,"pSEO ville (local, noindex volontaire)",,NOINDEX,haute,page de masse volontairement sortie de l'index ; Google doit la retirer progressivement
https://courtiark.fr/fr/logiciel-courtier-iard-istres,fichier statique du depot,200,Logiciel pour courtier IARD à Istres — COURTIA · courtiark.fr,https://courtiark.fr/fr/logiciel-courtier-iard-istres,"noindex, follow",non,oui,"indexee historiquement, noindex depuis",/fr/*,"pSEO ville (local, noindex volontaire)",,NOINDEX,haute,page de masse volontairement sortie de l'index ; Google doit la retirer progressivement
https://courtiark.fr/fr/logiciel-courtier-iard-ivry-sur-seine,fichier statique du depot,200,Logiciel pour courtier IARD à Ivry-sur-Seine — COURTIA · courtiark.fr,https://courtiark.fr/fr/logiciel-courtier-iard-ivry-sur-seine,"noindex, follow",non,oui,"indexee historiquement, noindex depuis",/fr/*,"pSEO ville (local, noindex volontaire)",,NOINDEX,haute,page de masse volontairement sortie de l'index ; Google doit la retirer progressivement
https://courtiark.fr/fr/logiciel-courtier-iard-la-defense,fichier statique du depot,200,Logiciel pour courtier IARD à La Défense — COURTIA · courtiark.fr,https://courtiark.fr/fr/logiciel-courtier-iard-la-defense,"noindex, follow",non,oui,"indexee historiquement, noindex depuis",/fr/*,"pSEO ville (local, noindex volontaire)",,NOINDEX,haute,page de masse volontairement sortie de l'index ; Google doit la retirer progressivement
https://courtiark.fr/fr/logiciel-courtier-iard-la-roche-sur-yon,fichier statique du depot,200,Logiciel pour courtier IARD à La Roche-sur-Yon — COURTIA · courtiark.fr,https://courtiark.fr/fr/logiciel-courtier-iard-la-roche-sur-yon,"noindex, follow",non,oui,"indexee historiquement, noindex depuis",/fr/*,page heritee non indexable,,NOINDEX,haute,conservee accessible mais hors index : decision editoriale
https://courtiark.fr/fr/logiciel-courtier-iard-la-rochelle,fichier statique du depot,200,Logiciel pour courtier IARD à La Rochelle — COURTIA · courtiark.fr,https://courtiark.fr/fr/logiciel-courtier-iard-la-rochelle,"noindex, follow",non,oui,"indexee historiquement, noindex depuis",/fr/*,"pSEO ville (local, noindex volontaire)",,NOINDEX,haute,page de masse volontairement sortie de l'index ; Google doit la retirer progressivement
https://courtiark.fr/fr/logiciel-courtier-iard-lannion,fichier statique du depot,200,Logiciel pour courtier IARD à Lannion — COURTIA · courtiark.fr,https://courtiark.fr/fr/logiciel-courtier-iard-lannion,"noindex, follow",non,oui,"indexee historiquement, noindex depuis",/fr/*,"pSEO ville (local, noindex volontaire)",,NOINDEX,haute,page de masse volontairement sortie de l'index ; Google doit la retirer progressivement
https://courtiark.fr/fr/logiciel-courtier-iard-laon,fichier statique du depot,200,Logiciel pour courtier IARD à Laon — COURTIA · courtiark.fr,https://courtiark.fr/fr/logiciel-courtier-iard-laon,"noindex, follow",non,oui,"indexee historiquement, noindex depuis",/fr/*,"pSEO ville (local, noindex volontaire)",,NOINDEX,haute,page de masse volontairement sortie de l'index ; Google doit la retirer progressivement
https://courtiark.fr/fr/logiciel-courtier-iard-laval,fichier statique du depot,200,Logiciel pour courtier IARD à Laval — COURTIA · courtiark.fr,https://courtiark.fr/fr/logiciel-courtier-iard-laval,"noindex, follow",non,oui,"indexee historiquement, noindex depuis",/fr/*,"pSEO ville (local, noindex volontaire)",,NOINDEX,haute,page de masse volontairement sortie de l'index ; Google doit la retirer progressivement
https://courtiark.fr/fr/logiciel-courtier-iard-le-havre,fichier statique du depot,200,Logiciel pour courtier IARD à Le Havre — COURTIA · courtiark.fr,https://courtiark.fr/fr/logiciel-courtier-iard-le-havre,"noindex, follow",non,oui,"indexee historiquement, noindex depuis",/fr/*,"pSEO ville (local, noindex volontaire)",,NOINDEX,haute,page de masse volontairement sortie de l'index ; Google doit la retirer progressivement
https://courtiark.fr/fr/logiciel-courtier-iard-le-mans,fichier statique du depot,200,Logiciel pour courtier IARD à Le Mans — COURTIA · courtiark.fr,https://courtiark.fr/fr/logiciel-courtier-iard-le-mans,"noindex, follow",non,oui,"indexee historiquement, noindex depuis",/fr/*,"pSEO ville (local, noindex volontaire)",,NOINDEX,haute,page de masse volontairement sortie de l'index ; Google doit la retirer progressivement
https://courtiark.fr/fr/logiciel-courtier-iard-lens,fichier statique du depot,200,Logiciel pour courtier IARD à Lens — COURTIA · courtiark.fr,https://courtiark.fr/fr/logiciel-courtier-iard-lens,"noindex, follow",non,oui,"indexee historiquement, noindex depuis",/fr/*,"pSEO ville (local, noindex volontaire)",,NOINDEX,haute,page de masse volontairement sortie de l'index ; Google doit la retirer progressivement
https://courtiark.fr/fr/logiciel-courtier-iard-levallois-perret,fichier statique du depot,200,Logiciel pour courtier IARD à Levallois-Perret — COURTIA · courtiark.fr,https://courtiark.fr/fr/logiciel-courtier-iard-levallois-perret,"noindex, follow",non,oui,"indexee historiquement, noindex depuis",/fr/*,"pSEO ville (local, noindex volontaire)",,NOINDEX,haute,page de masse volontairement sortie de l'index ; Google doit la retirer progressivement
https://courtiark.fr/fr/logiciel-courtier-iard-libourne,fichier statique du depot,200,Logiciel pour courtier IARD à Libourne — COURTIA · courtiark.fr,https://courtiark.fr/fr/logiciel-courtier-iard-libourne,"noindex, follow",non,oui,"indexee historiquement, noindex depuis",/fr/*,"pSEO ville (local, noindex volontaire)",,NOINDEX,haute,page de masse volontairement sortie de l'index ; Google doit la retirer progressivement
https://courtiark.fr/fr/logiciel-courtier-iard-lille,fichier statique du depot,200,Logiciel pour courtier IARD à Lille — COURTIA · courtiark.fr,https://courtiark.fr/fr/logiciel-courtier-iard-lille,"noindex, follow",non,oui,"indexee historiquement, noindex depuis",/fr/*,"pSEO ville (local, noindex volontaire)",,NOINDEX,haute,page de masse volontairement sortie de l'index ; Google doit la retirer progressivement
https://courtiark.fr/fr/logiciel-courtier-iard-limoges,fichier statique du depot,200,Logiciel pour courtier IARD à Limoges — COURTIA · courtiark.fr,https://courtiark.fr/fr/logiciel-courtier-iard-limoges,"noindex, follow",non,oui,"indexee historiquement, noindex depuis",/fr/*,"pSEO ville (local, noindex volontaire)",,NOINDEX,haute,page de masse volontairement sortie de l'index ; Google doit la retirer progressivement
https://courtiark.fr/fr/logiciel-courtier-iard-lisieux,fichier statique du depot,200,Logiciel pour courtier IARD à Lisieux — COURTIA · courtiark.fr,https://courtiark.fr/fr/logiciel-courtier-iard-lisieux,"noindex, follow",non,oui,"indexee historiquement, noindex depuis",/fr/*,"pSEO ville (local, noindex volontaire)",,NOINDEX,haute,page de masse volontairement sortie de l'index ; Google doit la retirer progressivement
https://courtiark.fr/fr/logiciel-courtier-iard-lorient,fichier statique du depot,200,Logiciel pour courtier IARD à Lorient — COURTIA · courtiark.fr,https://courtiark.fr/fr/logiciel-courtier-iard-lorient,"noindex, follow",non,oui,"indexee historiquement, noindex depuis",/fr/*,"pSEO ville (local, noindex volontaire)",,NOINDEX,haute,page de masse volontairement sortie de l'index ; Google doit la retirer progressivement
https://courtiark.fr/fr/logiciel-courtier-iard-lyon,fichier statique du depot,200,Logiciel pour courtier IARD à Lyon — COURTIA · courtiark.fr,https://courtiark.fr/fr/logiciel-courtier-iard-lyon,"noindex, follow",non,oui,"indexee historiquement, noindex depuis",/fr/*,"pSEO ville (local, noindex volontaire)",,NOINDEX,haute,page de masse volontairement sortie de l'index ; Google doit la retirer progressivement
https://courtiark.fr/fr/logiciel-courtier-iard-macon,fichier statique du depot,200,Logiciel pour courtier IARD à Mâcon — COURTIA · courtiark.fr,https://courtiark.fr/fr/logiciel-courtier-iard-macon,"noindex, follow",non,oui,"indexee historiquement, noindex depuis",/fr/*,"pSEO ville (local, noindex volontaire)",,NOINDEX,haute,page de masse volontairement sortie de l'index ; Google doit la retirer progressivement
https://courtiark.fr/fr/logiciel-courtier-iard-maisons-alfort,fichier statique du depot,200,Logiciel pour courtier IARD à Maisons-Alfort — COURTIA · courtiark.fr,https://courtiark.fr/fr/logiciel-courtier-iard-maisons-alfort,"noindex, follow",non,oui,"indexee historiquement, noindex depuis",/fr/*,"pSEO ville (local, noindex volontaire)",,NOINDEX,haute,page de masse volontairement sortie de l'index ; Google doit la retirer progressivement
https://courtiark.fr/fr/logiciel-courtier-iard-manosque,fichier statique du depot,200,Logiciel pour courtier IARD à Manosque — COURTIA · courtiark.fr,https://courtiark.fr/fr/logiciel-courtier-iard-manosque,"noindex, follow",non,oui,"indexee historiquement, noindex depuis",/fr/*,"pSEO ville (local, noindex volontaire)",,NOINDEX,haute,page de masse volontairement sortie de l'index ; Google doit la retirer progressivement
https://courtiark.fr/fr/logiciel-courtier-iard-mantes-la-jolie,fichier statique du depot,200,Logiciel pour courtier IARD à Mantes-la-Jolie — COURTIA · courtiark.fr,https://courtiark.fr/fr/logiciel-courtier-iard-mantes-la-jolie,"noindex, follow",non,oui,"indexee historiquement, noindex depuis",/fr/*,"pSEO ville (local, noindex volontaire)",,NOINDEX,haute,page de masse volontairement sortie de l'index ; Google doit la retirer progressivement
https://courtiark.fr/fr/logiciel-courtier-iard-marseille,fichier statique du depot,200,Logiciel pour courtier IARD à Marseille — COURTIA · courtiark.fr,https://courtiark.fr/fr/logiciel-courtier-iard-marseille,"noindex, follow",non,oui,"indexee historiquement, noindex depuis",/fr/*,"pSEO ville (local, noindex volontaire)",,NOINDEX,haute,page de masse volontairement sortie de l'index ; Google doit la retirer progressivement
https://courtiark.fr/fr/logiciel-courtier-iard-martigues,fichier statique du depot,200,Logiciel pour courtier IARD à Martigues — COURTIA · courtiark.fr,https://courtiark.fr/fr/logiciel-courtier-iard-martigues,"noindex, follow",non,oui,"indexee historiquement, noindex depuis",/fr/*,"pSEO ville (local, noindex volontaire)",,NOINDEX,haute,page de masse volontairement sortie de l'index ; Google doit la retirer progressivement
https://courtiark.fr/fr/logiciel-courtier-iard-massy,fichier statique du depot,200,Logiciel pour courtier IARD à Massy — COURTIA · courtiark.fr,https://courtiark.fr/fr/logiciel-courtier-iard-massy,"noindex, follow",non,oui,"indexee historiquement, noindex depuis",/fr/*,"pSEO ville (local, noindex volontaire)",,NOINDEX,haute,page de masse volontairement sortie de l'index ; Google doit la retirer progressivement
https://courtiark.fr/fr/logiciel-courtier-iard-meaux,fichier statique du depot,200,Logiciel pour courtier IARD à Meaux — COURTIA · courtiark.fr,https://courtiark.fr/fr/logiciel-courtier-iard-meaux,"noindex, follow",non,oui,"indexee historiquement, noindex depuis",/fr/*,"pSEO ville (local, noindex volontaire)",,NOINDEX,haute,page de masse volontairement sortie de l'index ; Google doit la retirer progressivement
https://courtiark.fr/fr/logiciel-courtier-iard-melun,fichier statique du depot,200,Logiciel pour courtier IARD à Melun — COURTIA · courtiark.fr,https://courtiark.fr/fr/logiciel-courtier-iard-melun,"noindex, follow",non,oui,"indexee historiquement, noindex depuis",/fr/*,"pSEO ville (local, noindex volontaire)",,NOINDEX,haute,page de masse volontairement sortie de l'index ; Google doit la retirer progressivement
https://courtiark.fr/fr/logiciel-courtier-iard-menton,fichier statique du depot,200,Logiciel pour courtier IARD à Menton — COURTIA · courtiark.fr,https://courtiark.fr/fr/logiciel-courtier-iard-menton,"noindex, follow",non,oui,"indexee historiquement, noindex depuis",/fr/*,"pSEO ville (local, noindex volontaire)",,NOINDEX,haute,page de masse volontairement sortie de l'index ; Google doit la retirer progressivement
https://courtiark.fr/fr/logiciel-courtier-iard-merignac,fichier statique du depot,200,Logiciel pour courtier IARD à Mérignac — COURTIA · courtiark.fr,https://courtiark.fr/fr/logiciel-courtier-iard-merignac,"noindex, follow",non,oui,"indexee historiquement, noindex depuis",/fr/*,"pSEO ville (local, noindex volontaire)",,NOINDEX,haute,page de masse volontairement sortie de l'index ; Google doit la retirer progressivement
https://courtiark.fr/fr/logiciel-courtier-iard-metz,fichier statique du depot,200,Logiciel pour courtier IARD à Metz — COURTIA · courtiark.fr,https://courtiark.fr/fr/logiciel-courtier-iard-metz,"noindex, follow",non,oui,"indexee historiquement, noindex depuis",/fr/*,"pSEO ville (local, noindex volontaire)",,NOINDEX,haute,page de masse volontairement sortie de l'index ; Google doit la retirer progressivement
https://courtiark.fr/fr/logiciel-courtier-iard-mont-de-marsan,fichier statique du depot,200,Logiciel pour courtier IARD à Mont-de-Marsan — COURTIA · courtiark.fr,https://courtiark.fr/fr/logiciel-courtier-iard-mont-de-marsan,"noindex, follow",non,oui,"indexee historiquement, noindex depuis",/fr/*,"pSEO ville (local, noindex volontaire)",,NOINDEX,haute,page de masse volontairement sortie de l'index ; Google doit la retirer progressivement
https://courtiark.fr/fr/logiciel-courtier-iard-montauban,fichier statique du depot,200,Logiciel pour courtier IARD à Montauban — COURTIA · courtiark.fr,https://courtiark.fr/fr/logiciel-courtier-iard-montauban,"noindex, follow",non,oui,"indexee historiquement, noindex depuis",/fr/*,"pSEO ville (local, noindex volontaire)",,NOINDEX,haute,page de masse volontairement sortie de l'index ; Google doit la retirer progressivement
https://courtiark.fr/fr/logiciel-courtier-iard-montbeliard,fichier statique du depot,200,Logiciel pour courtier IARD à Montbéliard — COURTIA · courtiark.fr,https://courtiark.fr/fr/logiciel-courtier-iard-montbeliard,"noindex, follow",non,oui,"indexee historiquement, noindex depuis",/fr/*,"pSEO ville (local, noindex volontaire)",,NOINDEX,haute,page de masse volontairement sortie de l'index ; Google doit la retirer progressivement
https://courtiark.fr/fr/logiciel-courtier-iard-montlucon,fichier statique du depot,200,Logiciel pour courtier IARD à Montluçon — COURTIA · courtiark.fr,https://courtiark.fr/fr/logiciel-courtier-iard-montlucon,"noindex, follow",non,oui,"indexee historiquement, noindex depuis",/fr/*,"pSEO ville (local, noindex volontaire)",,NOINDEX,haute,page de masse volontairement sortie de l'index ; Google doit la retirer progressivement
https://courtiark.fr/fr/logiciel-courtier-iard-montpellier,fichier statique du depot,200,Logiciel pour courtier IARD à Montpellier — COURTIA · courtiark.fr,https://courtiark.fr/fr/logiciel-courtier-iard-montpellier,"noindex, follow",non,oui,"indexee historiquement, noindex depuis",/fr/*,"pSEO ville (local, noindex volontaire)",,NOINDEX,haute,page de masse volontairement sortie de l'index ; Google doit la retirer progressivement
https://courtiark.fr/fr/logiciel-courtier-iard-morlaix,fichier statique du depot,200,Logiciel pour courtier IARD à Morlaix — COURTIA · courtiark.fr,https://courtiark.fr/fr/logiciel-courtier-iard-morlaix,"noindex, follow",non,oui,"indexee historiquement, noindex depuis",/fr/*,"pSEO ville (local, noindex volontaire)",,NOINDEX,haute,page de masse volontairement sortie de l'index ; Google doit la retirer progressivement
https://courtiark.fr/fr/logiciel-courtier-iard-moulins,fichier statique du depot,200,Logiciel pour courtier IARD à Moulins — COURTIA · courtiark.fr,https://courtiark.fr/fr/logiciel-courtier-iard-moulins,"noindex, follow",non,oui,"indexee historiquement, noindex depuis",/fr/*,"pSEO ville (local, noindex volontaire)",,NOINDEX,haute,page de masse volontairement sortie de l'index ; Google doit la retirer progressivement
https://courtiark.fr/fr/logiciel-courtier-iard-mulhouse,fichier statique du depot,200,Logiciel pour courtier IARD à Mulhouse — COURTIA · courtiark.fr,https://courtiark.fr/fr/logiciel-courtier-iard-mulhouse,"noindex, follow",non,oui,"indexee historiquement, noindex depuis",/fr/*,"pSEO ville (local, noindex volontaire)",,NOINDEX,haute,page de masse volontairement sortie de l'index ; Google doit la retirer progressivement
https://courtiark.fr/fr/logiciel-courtier-iard-nancy,fichier statique du depot,200,Logiciel pour courtier IARD à Nancy — COURTIA · courtiark.fr,https://courtiark.fr/fr/logiciel-courtier-iard-nancy,"noindex, follow",non,oui,"indexee historiquement, noindex depuis",/fr/*,"pSEO ville (local, noindex volontaire)",,NOINDEX,haute,page de masse volontairement sortie de l'index ; Google doit la retirer progressivement
https://courtiark.fr/fr/logiciel-courtier-iard-nanterre,fichier statique du depot,200,Logiciel pour courtier IARD à Nanterre — COURTIA · courtiark.fr,https://courtiark.fr/fr/logiciel-courtier-iard-nanterre,"noindex, follow",non,oui,"indexee historiquement, noindex depuis",/fr/*,"pSEO ville (local, noindex volontaire)",,NOINDEX,haute,page de masse volontairement sortie de l'index ; Google doit la retirer progressivement
https://courtiark.fr/fr/logiciel-courtier-iard-nantes,fichier statique du depot,200,Logiciel pour courtier IARD à Nantes — COURTIA · courtiark.fr,https://courtiark.fr/fr/logiciel-courtier-iard-nantes,"noindex, follow",non,oui,"indexee historiquement, noindex depuis",/fr/*,"pSEO ville (local, noindex volontaire)",,NOINDEX,haute,page de masse volontairement sortie de l'index ; Google doit la retirer progressivement
https://courtiark.fr/fr/logiciel-courtier-iard-narbonne,fichier statique du depot,200,Logiciel pour courtier IARD à Narbonne — COURTIA · courtiark.fr,https://courtiark.fr/fr/logiciel-courtier-iard-narbonne,"noindex, follow",non,oui,"indexee historiquement, noindex depuis",/fr/*,"pSEO ville (local, noindex volontaire)",,NOINDEX,haute,page de masse volontairement sortie de l'index ; Google doit la retirer progressivement
https://courtiark.fr/fr/logiciel-courtier-iard-nevers,fichier statique du depot,200,Logiciel pour courtier IARD à Nevers — COURTIA · courtiark.fr,https://courtiark.fr/fr/logiciel-courtier-iard-nevers,"noindex, follow",non,oui,"indexee historiquement, noindex depuis",/fr/*,"pSEO ville (local, noindex volontaire)",,NOINDEX,haute,page de masse volontairement sortie de l'index ; Google doit la retirer progressivement
https://courtiark.fr/fr/logiciel-courtier-iard-nice,fichier statique du depot,200,Logiciel pour courtier IARD à Nice — COURTIA · courtiark.fr,https://courtiark.fr/fr/logiciel-courtier-iard-nice,"noindex, follow",non,oui,"indexee historiquement, noindex depuis",/fr/*,"pSEO ville (local, noindex volontaire)",,NOINDEX,haute,page de masse volontairement sortie de l'index ; Google doit la retirer progressivement
https://courtiark.fr/fr/logiciel-courtier-iard-nimes,fichier statique du depot,200,Logiciel pour courtier IARD à Nîmes — COURTIA · courtiark.fr,https://courtiark.fr/fr/logiciel-courtier-iard-nimes,"noindex, follow",non,oui,"indexee historiquement, noindex depuis",/fr/*,"pSEO ville (local, noindex volontaire)",,NOINDEX,haute,page de masse volontairement sortie de l'index ; Google doit la retirer progressivement
https://courtiark.fr/fr/logiciel-courtier-iard-niort,fichier statique du depot,200,Logiciel pour courtier IARD à Niort — COURTIA · courtiark.fr,https://courtiark.fr/fr/logiciel-courtier-iard-niort,"noindex, follow",non,oui,"indexee historiquement, noindex depuis",/fr/*,"pSEO ville (local, noindex volontaire)",,NOINDEX,haute,page de masse volontairement sortie de l'index ; Google doit la retirer progressivement
https://courtiark.fr/fr/logiciel-courtier-iard-noisy-le-grand,fichier statique du depot,200,Logiciel pour courtier IARD à Noisy-le-Grand — COURTIA · courtiark.fr,https://courtiark.fr/fr/logiciel-courtier-iard-noisy-le-grand,"noindex, follow",non,oui,"indexee historiquement, noindex depuis",/fr/*,"pSEO ville (local, noindex volontaire)",,NOINDEX,haute,page de masse volontairement sortie de l'index ; Google doit la retirer progressivement
https://courtiark.fr/fr/logiciel-courtier-iard-orleans,fichier statique du depot,200,Logiciel pour courtier IARD à Orléans — COURTIA · courtiark.fr,https://courtiark.fr/fr/logiciel-courtier-iard-orleans,"noindex, follow",non,oui,"indexee historiquement, noindex depuis",/fr/*,"pSEO ville (local, noindex volontaire)",,NOINDEX,haute,page de masse volontairement sortie de l'index ; Google doit la retirer progressivement
https://courtiark.fr/fr/logiciel-courtier-iard-pantin,fichier statique du depot,200,Logiciel pour courtier IARD à Pantin — COURTIA · courtiark.fr,https://courtiark.fr/fr/logiciel-courtier-iard-pantin,"noindex, follow",non,oui,"indexee historiquement, noindex depuis",/fr/*,"pSEO ville (local, noindex volontaire)",,NOINDEX,haute,page de masse volontairement sortie de l'index ; Google doit la retirer progressivement
https://courtiark.fr/fr/logiciel-courtier-iard-paris,fichier statique du depot,200,Logiciel pour courtier IARD à Paris — COURTIA · courtiark.fr,https://courtiark.fr/fr/logiciel-courtier-iard-paris,"noindex, follow",non,oui,"indexee historiquement, noindex depuis",/fr/*,"pSEO ville (local, noindex volontaire)",,NOINDEX,haute,page de masse volontairement sortie de l'index ; Google doit la retirer progressivement
https://courtiark.fr/fr/logiciel-courtier-iard-pau,fichier statique du depot,200,Logiciel pour courtier IARD à Pau — COURTIA · courtiark.fr,https://courtiark.fr/fr/logiciel-courtier-iard-pau,"noindex, follow",non,oui,"indexee historiquement, noindex depuis",/fr/*,page heritee non indexable,,NOINDEX,haute,conservee accessible mais hors index : decision editoriale
https://courtiark.fr/fr/logiciel-courtier-iard-perigueux,fichier statique du depot,200,Logiciel pour courtier IARD à Périgueux — COURTIA · courtiark.fr,https://courtiark.fr/fr/logiciel-courtier-iard-perigueux,"noindex, follow",non,oui,"indexee historiquement, noindex depuis",/fr/*,"pSEO ville (local, noindex volontaire)",,NOINDEX,haute,page de masse volontairement sortie de l'index ; Google doit la retirer progressivement
https://courtiark.fr/fr/logiciel-courtier-iard-perpignan,fichier statique du depot,200,Logiciel pour courtier IARD à Perpignan — COURTIA · courtiark.fr,https://courtiark.fr/fr/logiciel-courtier-iard-perpignan,"noindex, follow",non,oui,"indexee historiquement, noindex depuis",/fr/*,"pSEO ville (local, noindex volontaire)",,NOINDEX,haute,page de masse volontairement sortie de l'index ; Google doit la retirer progressivement
https://courtiark.fr/fr/logiciel-courtier-iard-pessac,fichier statique du depot,200,Logiciel pour courtier IARD à Pessac — COURTIA · courtiark.fr,https://courtiark.fr/fr/logiciel-courtier-iard-pessac,"noindex, follow",non,oui,"indexee historiquement, noindex depuis",/fr/*,"pSEO ville (local, noindex volontaire)",,NOINDEX,haute,page de masse volontairement sortie de l'index ; Google doit la retirer progressivement
https://courtiark.fr/fr/logiciel-courtier-iard-poissy,fichier statique du depot,200,Logiciel pour courtier IARD à Poissy — COURTIA · courtiark.fr,https://courtiark.fr/fr/logiciel-courtier-iard-poissy,"noindex, follow",non,oui,"indexee historiquement, noindex depuis",/fr/*,"pSEO ville (local, noindex volontaire)",,NOINDEX,haute,page de masse volontairement sortie de l'index ; Google doit la retirer progressivement
https://courtiark.fr/fr/logiciel-courtier-iard-poitiers,fichier statique du depot,200,Logiciel pour courtier IARD à Poitiers — COURTIA · courtiark.fr,https://courtiark.fr/fr/logiciel-courtier-iard-poitiers,"noindex, follow",non,oui,"indexee historiquement, noindex depuis",/fr/*,"pSEO ville (local, noindex volontaire)",,NOINDEX,haute,page de masse volontairement sortie de l'index ; Google doit la retirer progressivement
https://courtiark.fr/fr/logiciel-courtier-iard-pontault-combault,fichier statique du depot,200,Logiciel pour courtier IARD à Pontault-Combault — COURTIA · courtiark.fr,https://courtiark.fr/fr/logiciel-courtier-iard-pontault-combault,"noindex, follow",non,oui,"indexee historiquement, noindex depuis",/fr/*,"pSEO ville (local, noindex volontaire)",,NOINDEX,haute,page de masse volontairement sortie de l'index ; Google doit la retirer progressivement
https://courtiark.fr/fr/logiciel-courtier-iard-quimper,fichier statique du depot,200,Logiciel pour courtier IARD à Quimper — COURTIA · courtiark.fr,https://courtiark.fr/fr/logiciel-courtier-iard-quimper,"noindex, follow",non,oui,"indexee historiquement, noindex depuis",/fr/*,"pSEO ville (local, noindex volontaire)",,NOINDEX,haute,page de masse volontairement sortie de l'index ; Google doit la retirer progressivement
https://courtiark.fr/fr/logiciel-courtier-iard-reims,fichier statique du depot,200,Logiciel pour courtier IARD à Reims — COURTIA · courtiark.fr,https://courtiark.fr/fr/logiciel-courtier-iard-reims,"noindex, follow",non,oui,"indexee historiquement, noindex depuis",/fr/*,"pSEO ville (local, noindex volontaire)",,NOINDEX,haute,page de masse volontairement sortie de l'index ; Google doit la retirer progressivement
https://courtiark.fr/fr/logiciel-courtier-iard-rennes,fichier statique du depot,200,Logiciel pour courtier IARD à Rennes — COURTIA · courtiark.fr,https://courtiark.fr/fr/logiciel-courtier-iard-rennes,"noindex, follow",non,oui,"indexee historiquement, noindex depuis",/fr/*,"pSEO ville (local, noindex volontaire)",,NOINDEX,haute,page de masse volontairement sortie de l'index ; Google doit la retirer progressivement
https://courtiark.fr/fr/logiciel-courtier-iard-roanne,fichier statique du depot,200,Logiciel pour courtier IARD à Roanne — COURTIA · courtiark.fr,https://courtiark.fr/fr/logiciel-courtier-iard-roanne,"noindex, follow",non,oui,"indexee historiquement, noindex depuis",/fr/*,"pSEO ville (local, noindex volontaire)",,NOINDEX,haute,page de masse volontairement sortie de l'index ; Google doit la retirer progressivement
https://courtiark.fr/fr/logiciel-courtier-iard-rochefort,fichier statique du depot,200,Logiciel pour courtier IARD à Rochefort — COURTIA · courtiark.fr,https://courtiark.fr/fr/logiciel-courtier-iard-rochefort,"noindex, follow",non,oui,"indexee historiquement, noindex depuis",/fr/*,"pSEO ville (local, noindex volontaire)",,NOINDEX,haute,page de masse volontairement sortie de l'index ; Google doit la retirer progressivement
https://courtiark.fr/fr/logiciel-courtier-iard-rodez,fichier statique du depot,200,Logiciel pour courtier IARD à Rodez — COURTIA · courtiark.fr,https://courtiark.fr/fr/logiciel-courtier-iard-rodez,"noindex, follow",non,oui,"indexee historiquement, noindex depuis",/fr/*,"pSEO ville (local, noindex volontaire)",,NOINDEX,haute,page de masse volontairement sortie de l'index ; Google doit la retirer progressivement
https://courtiark.fr/fr/logiciel-courtier-iard-romans-sur-isere,fichier statique du depot,200,Logiciel pour courtier IARD à Romans-sur-Isère — COURTIA · courtiark.fr,https://courtiark.fr/fr/logiciel-courtier-iard-romans-sur-isere,"noindex, follow",non,oui,"indexee historiquement, noindex depuis",/fr/*,"pSEO ville (local, noindex volontaire)",,NOINDEX,haute,page de masse volontairement sortie de l'index ; Google doit la retirer progressivement
https://courtiark.fr/fr/logiciel-courtier-iard-rosny-sous-bois,fichier statique du depot,200,Logiciel pour courtier IARD à Rosny-sous-Bois — COURTIA · courtiark.fr,https://courtiark.fr/fr/logiciel-courtier-iard-rosny-sous-bois,"noindex, follow",non,oui,"indexee historiquement, noindex depuis",/fr/*,"pSEO ville (local, noindex volontaire)",,NOINDEX,haute,page de masse volontairement sortie de l'index ; Google doit la retirer progressivement
https://courtiark.fr/fr/logiciel-courtier-iard-roubaix,fichier statique du depot,200,Logiciel pour courtier IARD à Roubaix — COURTIA · courtiark.fr,https://courtiark.fr/fr/logiciel-courtier-iard-roubaix,"noindex, follow",non,oui,"indexee historiquement, noindex depuis",/fr/*,"pSEO ville (local, noindex volontaire)",,NOINDEX,haute,page de masse volontairement sortie de l'index ; Google doit la retirer progressivement
https://courtiark.fr/fr/logiciel-courtier-iard-rouen,fichier statique du depot,200,Logiciel pour courtier IARD à Rouen — COURTIA · courtiark.fr,https://courtiark.fr/fr/logiciel-courtier-iard-rouen,"noindex, follow",non,oui,"indexee historiquement, noindex depuis",/fr/*,"pSEO ville (local, noindex volontaire)",,NOINDEX,haute,page de masse volontairement sortie de l'index ; Google doit la retirer progressivement
https://courtiark.fr/fr/logiciel-courtier-iard-saint-brieuc,fichier statique du depot,200,Logiciel pour courtier IARD à Saint-Brieuc — COURTIA · courtiark.fr,https://courtiark.fr/fr/logiciel-courtier-iard-saint-brieuc,"noindex, follow",non,oui,"indexee historiquement, noindex depuis",/fr/*,"pSEO ville (local, noindex volontaire)",,NOINDEX,haute,page de masse volontairement sortie de l'index ; Google doit la retirer progressivement
https://courtiark.fr/fr/logiciel-courtier-iard-saint-chamond,fichier statique du depot,200,Logiciel pour courtier IARD à Saint-Chamond — COURTIA · courtiark.fr,https://courtiark.fr/fr/logiciel-courtier-iard-saint-chamond,"noindex, follow",non,oui,"indexee historiquement, noindex depuis",/fr/*,"pSEO ville (local, noindex volontaire)",,NOINDEX,haute,page de masse volontairement sortie de l'index ; Google doit la retirer progressivement
https://courtiark.fr/fr/logiciel-courtier-iard-saint-etienne,fichier statique du depot,200,Logiciel pour courtier IARD à Saint-Étienne — COURTIA · courtiark.fr,https://courtiark.fr/fr/logiciel-courtier-iard-saint-etienne,"noindex, follow",non,oui,"indexee historiquement, noindex depuis",/fr/*,"pSEO ville (local, noindex volontaire)",,NOINDEX,haute,page de masse volontairement sortie de l'index ; Google doit la retirer progressivement
https://courtiark.fr/fr/logiciel-courtier-iard-saint-germain-en-laye,fichier statique du depot,200,Logiciel pour courtier IARD à Saint-Germain-en-Laye — COURTIA · courtiark.fr,https://courtiark.fr/fr/logiciel-courtier-iard-saint-germain-en-laye,"noindex, follow",non,oui,"indexee historiquement, noindex depuis",/fr/*,"pSEO ville (local, noindex volontaire)",,NOINDEX,haute,page de masse volontairement sortie de l'index ; Google doit la retirer progressivement
https://courtiark.fr/fr/logiciel-courtier-iard-saint-lo,fichier statique du depot,200,Logiciel pour courtier IARD à Saint-Lô — COURTIA · courtiark.fr,https://courtiark.fr/fr/logiciel-courtier-iard-saint-lo,"noindex, follow",non,oui,"indexee historiquement, noindex depuis",/fr/*,page heritee non indexable,,NOINDEX,haute,conservee accessible mais hors index : decision editoriale
https://courtiark.fr/fr/logiciel-courtier-iard-saint-malo,fichier statique du depot,200,Logiciel pour courtier IARD à Saint-Malo — COURTIA · courtiark.fr,https://courtiark.fr/fr/logiciel-courtier-iard-saint-malo,"noindex, follow",non,oui,"indexee historiquement, noindex depuis",/fr/*,"pSEO ville (local, noindex volontaire)",,NOINDEX,haute,page de masse volontairement sortie de l'index ; Google doit la retirer progressivement
https://courtiark.fr/fr/logiciel-courtier-iard-saint-nazaire,fichier statique du depot,200,Logiciel pour courtier IARD à Saint-Nazaire — COURTIA · courtiark.fr,https://courtiark.fr/fr/logiciel-courtier-iard-saint-nazaire,"noindex, follow",non,oui,"indexee historiquement, noindex depuis",/fr/*,"pSEO ville (local, noindex volontaire)",,NOINDEX,haute,page de masse volontairement sortie de l'index ; Google doit la retirer progressivement
https://courtiark.fr/fr/logiciel-courtier-iard-saintes,fichier statique du depot,200,Logiciel pour courtier IARD à Saintes — COURTIA · courtiark.fr,https://courtiark.fr/fr/logiciel-courtier-iard-saintes,"noindex, follow",non,oui,"indexee historiquement, noindex depuis",/fr/*,"pSEO ville (local, noindex volontaire)",,NOINDEX,haute,page de masse volontairement sortie de l'index ; Google doit la retirer progressivement
https://courtiark.fr/fr/logiciel-courtier-iard-salon-de-provence,fichier statique du depot,200,Logiciel pour courtier IARD à Salon-de-Provence — COURTIA · courtiark.fr,https://courtiark.fr/fr/logiciel-courtier-iard-salon-de-provence,"noindex, follow",non,oui,"indexee historiquement, noindex depuis",/fr/*,"pSEO ville (local, noindex volontaire)",,NOINDEX,haute,page de masse volontairement sortie de l'index ; Google doit la retirer progressivement
https://courtiark.fr/fr/logiciel-courtier-iard-sarcelles,fichier statique du depot,200,Logiciel pour courtier IARD à Sarcelles — COURTIA · courtiark.fr,https://courtiark.fr/fr/logiciel-courtier-iard-sarcelles,"noindex, follow",non,oui,"indexee historiquement, noindex depuis",/fr/*,"pSEO ville (local, noindex volontaire)",,NOINDEX,haute,page de masse volontairement sortie de l'index ; Google doit la retirer progressivement
https://courtiark.fr/fr/logiciel-courtier-iard-selestat,fichier statique du depot,200,Logiciel pour courtier IARD à Sélestat — COURTIA · courtiark.fr,https://courtiark.fr/fr/logiciel-courtier-iard-selestat,"noindex, follow",non,oui,"indexee historiquement, noindex depuis",/fr/*,"pSEO ville (local, noindex volontaire)",,NOINDEX,haute,page de masse volontairement sortie de l'index ; Google doit la retirer progressivement
https://courtiark.fr/fr/logiciel-courtier-iard-senart,fichier statique du depot,200,Logiciel pour courtier IARD à Sénart — COURTIA · courtiark.fr,https://courtiark.fr/fr/logiciel-courtier-iard-senart,"noindex, follow",non,oui,"indexee historiquement, noindex depuis",/fr/*,"pSEO ville (local, noindex volontaire)",,NOINDEX,haute,page de masse volontairement sortie de l'index ; Google doit la retirer progressivement
https://courtiark.fr/fr/logiciel-courtier-iard-sete,fichier statique du depot,200,Logiciel pour courtier IARD à Sète — COURTIA · courtiark.fr,https://courtiark.fr/fr/logiciel-courtier-iard-sete,"noindex, follow",non,oui,"indexee historiquement, noindex depuis",/fr/*,"pSEO ville (local, noindex volontaire)",,NOINDEX,haute,page de masse volontairement sortie de l'index ; Google doit la retirer progressivement
https://courtiark.fr/fr/logiciel-courtier-iard-soissons,fichier statique du depot,200,Logiciel pour courtier IARD à Soissons — COURTIA · courtiark.fr,https://courtiark.fr/fr/logiciel-courtier-iard-soissons,"noindex, follow",non,oui,"indexee historiquement, noindex depuis",/fr/*,"pSEO ville (local, noindex volontaire)",,NOINDEX,haute,page de masse volontairement sortie de l'index ; Google doit la retirer progressivement
https://courtiark.fr/fr/logiciel-courtier-iard-strasbourg,fichier statique du depot,200,Logiciel pour courtier IARD à Strasbourg — COURTIA · courtiark.fr,https://courtiark.fr/fr/logiciel-courtier-iard-strasbourg,"noindex, follow",non,oui,"indexee historiquement, noindex depuis",/fr/*,"pSEO ville (local, noindex volontaire)",,NOINDEX,haute,page de masse volontairement sortie de l'index ; Google doit la retirer progressivement
https://courtiark.fr/fr/logiciel-courtier-iard-tarbes,fichier statique du depot,200,Logiciel pour courtier IARD à Tarbes — COURTIA · courtiark.fr,https://courtiark.fr/fr/logiciel-courtier-iard-tarbes,"noindex, follow",non,oui,"indexee historiquement, noindex depuis",/fr/*,"pSEO ville (local, noindex volontaire)",,NOINDEX,haute,page de masse volontairement sortie de l'index ; Google doit la retirer progressivement
https://courtiark.fr/fr/logiciel-courtier-iard-thionville,fichier statique du depot,200,Logiciel pour courtier IARD à Thionville — COURTIA · courtiark.fr,https://courtiark.fr/fr/logiciel-courtier-iard-thionville,"noindex, follow",non,oui,"indexee historiquement, noindex depuis",/fr/*,"pSEO ville (local, noindex volontaire)",,NOINDEX,haute,page de masse volontairement sortie de l'index ; Google doit la retirer progressivement
https://courtiark.fr/fr/logiciel-courtier-iard-toulon,fichier statique du depot,200,Logiciel pour courtier IARD à Toulon — COURTIA · courtiark.fr,https://courtiark.fr/fr/logiciel-courtier-iard-toulon,"noindex, follow",non,oui,"indexee historiquement, noindex depuis",/fr/*,"pSEO ville (local, noindex volontaire)",,NOINDEX,haute,page de masse volontairement sortie de l'index ; Google doit la retirer progressivement
https://courtiark.fr/fr/logiciel-courtier-iard-toulouse,fichier statique du depot,200,Logiciel pour courtier IARD à Toulouse — COURTIA · courtiark.fr,https://courtiark.fr/fr/logiciel-courtier-iard-toulouse,"noindex, follow",non,oui,"indexee historiquement, noindex depuis",/fr/*,"pSEO ville (local, noindex volontaire)",,NOINDEX,haute,page de masse volontairement sortie de l'index ; Google doit la retirer progressivement
https://courtiark.fr/fr/logiciel-courtier-iard-tourcoing,fichier statique du depot,200,Logiciel pour courtier IARD à Tourcoing — COURTIA · courtiark.fr,https://courtiark.fr/fr/logiciel-courtier-iard-tourcoing,"noindex, follow",non,oui,"indexee historiquement, noindex depuis",/fr/*,"pSEO ville (local, noindex volontaire)",,NOINDEX,haute,page de masse volontairement sortie de l'index ; Google doit la retirer progressivement
https://courtiark.fr/fr/logiciel-courtier-iard-tours,fichier statique du depot,200,Logiciel pour courtier IARD à Tours — COURTIA · courtiark.fr,https://courtiark.fr/fr/logiciel-courtier-iard-tours,"noindex, follow",non,oui,"indexee historiquement, noindex depuis",/fr/*,"pSEO ville (local, noindex volontaire)",,NOINDEX,haute,page de masse volontairement sortie de l'index ; Google doit la retirer progressivement
https://courtiark.fr/fr/logiciel-courtier-iard-troyes,fichier statique du depot,200,Logiciel pour courtier IARD à Troyes — COURTIA · courtiark.fr,https://courtiark.fr/fr/logiciel-courtier-iard-troyes,"noindex, follow",non,oui,"indexee historiquement, noindex depuis",/fr/*,"pSEO ville (local, noindex volontaire)",,NOINDEX,haute,page de masse volontairement sortie de l'index ; Google doit la retirer progressivement
https://courtiark.fr/fr/logiciel-courtier-iard-valence,fichier statique du depot,200,Logiciel pour courtier IARD à Valence — COURTIA · courtiark.fr,https://courtiark.fr/fr/logiciel-courtier-iard-valence,"noindex, follow",non,oui,"indexee historiquement, noindex depuis",/fr/*,"pSEO ville (local, noindex volontaire)",,NOINDEX,haute,page de masse volontairement sortie de l'index ; Google doit la retirer progressivement
https://courtiark.fr/fr/logiciel-courtier-iard-valenciennes,fichier statique du depot,200,Logiciel pour courtier IARD à Valenciennes — COURTIA · courtiark.fr,https://courtiark.fr/fr/logiciel-courtier-iard-valenciennes,"noindex, follow",non,oui,"indexee historiquement, noindex depuis",/fr/*,"pSEO ville (local, noindex volontaire)",,NOINDEX,haute,page de masse volontairement sortie de l'index ; Google doit la retirer progressivement
https://courtiark.fr/fr/logiciel-courtier-iard-vannes,fichier statique du depot,200,Logiciel pour courtier IARD à Vannes — COURTIA · courtiark.fr,https://courtiark.fr/fr/logiciel-courtier-iard-vannes,"noindex, follow",non,oui,"indexee historiquement, noindex depuis",/fr/*,"pSEO ville (local, noindex volontaire)",,NOINDEX,haute,page de masse volontairement sortie de l'index ; Google doit la retirer progressivement
https://courtiark.fr/fr/logiciel-courtier-iard-venissieux,fichier statique du depot,200,Logiciel pour courtier IARD à Vénissieux — COURTIA · courtiark.fr,https://courtiark.fr/fr/logiciel-courtier-iard-venissieux,"noindex, follow",non,oui,"indexee historiquement, noindex depuis",/fr/*,"pSEO ville (local, noindex volontaire)",,NOINDEX,haute,page de masse volontairement sortie de l'index ; Google doit la retirer progressivement
https://courtiark.fr/fr/logiciel-courtier-iard-versailles,fichier statique du depot,200,Logiciel pour courtier IARD à Versailles — COURTIA · courtiark.fr,https://courtiark.fr/fr/logiciel-courtier-iard-versailles,"noindex, follow",non,oui,"indexee historiquement, noindex depuis",/fr/*,"pSEO ville (local, noindex volontaire)",,NOINDEX,haute,page de masse volontairement sortie de l'index ; Google doit la retirer progressivement
https://courtiark.fr/fr/logiciel-courtier-iard-vichy,fichier statique du depot,200,Logiciel pour courtier IARD à Vichy — COURTIA · courtiark.fr,https://courtiark.fr/fr/logiciel-courtier-iard-vichy,"noindex, follow",non,oui,"indexee historiquement, noindex depuis",/fr/*,"pSEO ville (local, noindex volontaire)",,NOINDEX,haute,page de masse volontairement sortie de l'index ; Google doit la retirer progressivement
https://courtiark.fr/fr/logiciel-courtier-iard-vierzon,fichier statique du depot,200,Logiciel pour courtier IARD à Vierzon — COURTIA · courtiark.fr,https://courtiark.fr/fr/logiciel-courtier-iard-vierzon,"noindex, follow",non,oui,"indexee historiquement, noindex depuis",/fr/*,"pSEO ville (local, noindex volontaire)",,NOINDEX,haute,page de masse volontairement sortie de l'index ; Google doit la retirer progressivement
https://courtiark.fr/fr/logiciel-courtier-iard-villeurbanne,fichier statique du depot,200,Logiciel pour courtier IARD à Villeurbanne — COURTIA · courtiark.fr,https://courtiark.fr/fr/logiciel-courtier-iard-villeurbanne,"noindex, follow",non,oui,"indexee historiquement, noindex depuis",/fr/*,"pSEO ville (local, noindex volontaire)",,NOINDEX,haute,page de masse volontairement sortie de l'index ; Google doit la retirer progressivement
https://courtiark.fr/fr/logiciel-courtier-iard-vincennes,fichier statique du depot,200,Logiciel pour courtier IARD à Vincennes — COURTIA · courtiark.fr,https://courtiark.fr/fr/logiciel-courtier-iard-vincennes,"noindex, follow",non,oui,"indexee historiquement, noindex depuis",/fr/*,"pSEO ville (local, noindex volontaire)",,NOINDEX,haute,page de masse volontairement sortie de l'index ; Google doit la retirer progressivement
https://courtiark.fr/fr/logiciel-courtier-mandataire,fichier statique du depot,308,Logiciel pour courtier mandataire d&#x27;assurance — COURTIA · courtiark.fr,https://courtiark.fr/fr/logiciel-courtier-mandataire,"index, follow, max-image-preview:large",non,oui,"indexee (historique, d'apres le rapport Search Console)",/fr/*,doublon semantique de l'ancien plan,https://courtiark.fr/crm-courtier-assurance,REDIRECT_308,moyenne,"correspondance par sujet, a confirmer si le contenu diverge"
https://courtiark.fr/fr/logiciel-courtier-multi-agences,fichier statique du depot,200,Logiciel pour cabinet multi-agences — COURTIA · courtiark.fr,https://courtiark.fr/fr/logiciel-courtier-multi-agences,"index, follow, max-image-preview:large",non,oui,"indexee (historique, d'apres le rapport Search Console)",/fr/*,doublon semantique de l'ancien plan,https://courtiark.fr/crm-courtier-assurance,REDIRECT_308,moyenne,"correspondance par sujet, a confirmer si le contenu diverge"
https://courtiark.fr/fr/logiciel-courtier-mutuelle,fichier statique du depot,200,Logiciel pour courtier mutuelle — COURTIA · courtiark.fr,https://courtiark.fr/fr/logiciel-courtier-mutuelle,"index, follow, max-image-preview:large",non,oui,"indexee (historique, d'apres le rapport Search Console)",/fr/*,doublon semantique de l'ancien plan,https://courtiark.fr/crm-courtier-assurance,REDIRECT_308,moyenne,"correspondance par sujet, a confirmer si le contenu diverge"
https://courtiark.fr/fr/logiciel-courtier-mutuelle-agen,fichier statique du depot,200,Logiciel pour courtier mutuelle santé à Agen — COURTIA · courtiark.fr,https://courtiark.fr/fr/logiciel-courtier-mutuelle-agen,"noindex, follow",non,oui,"indexee historiquement, noindex depuis",/fr/*,"pSEO ville (local, noindex volontaire)",,NOINDEX,haute,page de masse volontairement sortie de l'index ; Google doit la retirer progressivement
https://courtiark.fr/fr/logiciel-courtier-mutuelle-aix-en-provence,fichier statique du depot,200,Logiciel pour courtier mutuelle santé à Aix-en-Provence — COURTIA · courtiark.fr,https://courtiark.fr/fr/logiciel-courtier-mutuelle-aix-en-provence,"noindex, follow",non,oui,"indexee historiquement, noindex depuis",/fr/*,"pSEO ville (local, noindex volontaire)",,NOINDEX,haute,page de masse volontairement sortie de l'index ; Google doit la retirer progressivement
https://courtiark.fr/fr/logiciel-courtier-mutuelle-ajaccio,fichier statique du depot,200,Logiciel pour courtier mutuelle santé à Ajaccio — COURTIA · courtiark.fr,https://courtiark.fr/fr/logiciel-courtier-mutuelle-ajaccio,"noindex, follow",non,oui,"indexee historiquement, noindex depuis",/fr/*,"pSEO ville (local, noindex volontaire)",,NOINDEX,haute,page de masse volontairement sortie de l'index ; Google doit la retirer progressivement
https://courtiark.fr/fr/logiciel-courtier-mutuelle-albi,fichier statique du depot,200,Logiciel pour courtier mutuelle santé à Albi — COURTIA · courtiark.fr,https://courtiark.fr/fr/logiciel-courtier-mutuelle-albi,"noindex, follow",non,oui,"indexee historiquement, noindex depuis",/fr/*,"pSEO ville (local, noindex volontaire)",,NOINDEX,haute,page de masse volontairement sortie de l'index ; Google doit la retirer progressivement
https://courtiark.fr/fr/logiciel-courtier-mutuelle-alencon,fichier statique du depot,200,Logiciel pour courtier mutuelle santé à Alençon — COURTIA · courtiark.fr,https://courtiark.fr/fr/logiciel-courtier-mutuelle-alencon,"noindex, follow",non,oui,"indexee historiquement, noindex depuis",/fr/*,"pSEO ville (local, noindex volontaire)",,NOINDEX,haute,page de masse volontairement sortie de l'index ; Google doit la retirer progressivement
https://courtiark.fr/fr/logiciel-courtier-mutuelle-amiens,fichier statique du depot,200,Logiciel pour courtier mutuelle santé à Amiens — COURTIA · courtiark.fr,https://courtiark.fr/fr/logiciel-courtier-mutuelle-amiens,"noindex, follow",non,oui,"indexee historiquement, noindex depuis",/fr/*,"pSEO ville (local, noindex volontaire)",,NOINDEX,haute,page de masse volontairement sortie de l'index ; Google doit la retirer progressivement
https://courtiark.fr/fr/logiciel-courtier-mutuelle-angers,fichier statique du depot,200,Logiciel pour courtier mutuelle santé à Angers — COURTIA · courtiark.fr,https://courtiark.fr/fr/logiciel-courtier-mutuelle-angers,"noindex, follow",non,oui,"indexee historiquement, noindex depuis",/fr/*,"pSEO ville (local, noindex volontaire)",,NOINDEX,haute,page de masse volontairement sortie de l'index ; Google doit la retirer progressivement
https://courtiark.fr/fr/logiciel-courtier-mutuelle-anglet,fichier statique du depot,200,Logiciel pour courtier mutuelle santé à Anglet — COURTIA · courtiark.fr,https://courtiark.fr/fr/logiciel-courtier-mutuelle-anglet,"noindex, follow",non,oui,"indexee historiquement, noindex depuis",/fr/*,"pSEO ville (local, noindex volontaire)",,NOINDEX,haute,page de masse volontairement sortie de l'index ; Google doit la retirer progressivement
https://courtiark.fr/fr/logiciel-courtier-mutuelle-angouleme,fichier statique du depot,200,Logiciel pour courtier mutuelle santé à Angoulême — COURTIA · courtiark.fr,https://courtiark.fr/fr/logiciel-courtier-mutuelle-angouleme,"noindex, follow",non,oui,"indexee historiquement, noindex depuis",/fr/*,"pSEO ville (local, noindex volontaire)",,NOINDEX,haute,page de masse volontairement sortie de l'index ; Google doit la retirer progressivement
https://courtiark.fr/fr/logiciel-courtier-mutuelle-annecy,fichier statique du depot,200,Logiciel pour courtier mutuelle santé à Annecy — COURTIA · courtiark.fr,https://courtiark.fr/fr/logiciel-courtier-mutuelle-annecy,"noindex, follow",non,oui,"indexee historiquement, noindex depuis",/fr/*,"pSEO ville (local, noindex volontaire)",,NOINDEX,haute,page de masse volontairement sortie de l'index ; Google doit la retirer progressivement
https://courtiark.fr/fr/logiciel-courtier-mutuelle-antibes,fichier statique du depot,200,Logiciel pour courtier mutuelle santé à Antibes — COURTIA · courtiark.fr,https://courtiark.fr/fr/logiciel-courtier-mutuelle-antibes,"noindex, follow",non,oui,"indexee historiquement, noindex depuis",/fr/*,"pSEO ville (local, noindex volontaire)",,NOINDEX,haute,page de masse volontairement sortie de l'index ; Google doit la retirer progressivement
https://courtiark.fr/fr/logiciel-courtier-mutuelle-antony,fichier statique du depot,200,Logiciel pour courtier mutuelle santé à Antony — COURTIA · courtiark.fr,https://courtiark.fr/fr/logiciel-courtier-mutuelle-antony,"noindex, follow",non,oui,"indexee historiquement, noindex depuis",/fr/*,"pSEO ville (local, noindex volontaire)",,NOINDEX,haute,page de masse volontairement sortie de l'index ; Google doit la retirer progressivement
https://courtiark.fr/fr/logiciel-courtier-mutuelle-arles,fichier statique du depot,200,Logiciel pour courtier mutuelle santé à Arles — COURTIA · courtiark.fr,https://courtiark.fr/fr/logiciel-courtier-mutuelle-arles,"noindex, follow",non,oui,"indexee historiquement, noindex depuis",/fr/*,"pSEO ville (local, noindex volontaire)",,NOINDEX,haute,page de masse volontairement sortie de l'index ; Google doit la retirer progressivement
https://courtiark.fr/fr/logiciel-courtier-mutuelle-arras,fichier statique du depot,200,Logiciel pour courtier mutuelle santé à Arras — COURTIA · courtiark.fr,https://courtiark.fr/fr/logiciel-courtier-mutuelle-arras,"noindex, follow",non,oui,"indexee historiquement, noindex depuis",/fr/*,"pSEO ville (local, noindex volontaire)",,NOINDEX,haute,page de masse volontairement sortie de l'index ; Google doit la retirer progressivement
https://courtiark.fr/fr/logiciel-courtier-mutuelle-aubagne,fichier statique du depot,200,Logiciel pour courtier mutuelle santé à Aubagne — COURTIA · courtiark.fr,https://courtiark.fr/fr/logiciel-courtier-mutuelle-aubagne,"noindex, follow",non,oui,"indexee historiquement, noindex depuis",/fr/*,"pSEO ville (local, noindex volontaire)",,NOINDEX,haute,page de masse volontairement sortie de l'index ; Google doit la retirer progressivement
https://courtiark.fr/fr/logiciel-courtier-mutuelle-aubervilliers,fichier statique du depot,200,Logiciel pour courtier mutuelle santé à Aubervilliers — COURTIA · courtiark.fr,https://courtiark.fr/fr/logiciel-courtier-mutuelle-aubervilliers,"noindex, follow",non,oui,"indexee historiquement, noindex depuis",/fr/*,"pSEO ville (local, noindex volontaire)",,NOINDEX,haute,page de masse volontairement sortie de l'index ; Google doit la retirer progressivement
https://courtiark.fr/fr/logiciel-courtier-mutuelle-auch,fichier statique du depot,200,Logiciel pour courtier mutuelle santé à Auch — COURTIA · courtiark.fr,https://courtiark.fr/fr/logiciel-courtier-mutuelle-auch,"noindex, follow",non,oui,"indexee historiquement, noindex depuis",/fr/*,"pSEO ville (local, noindex volontaire)",,NOINDEX,haute,page de masse volontairement sortie de l'index ; Google doit la retirer progressivement
https://courtiark.fr/fr/logiciel-courtier-mutuelle-aulnay-sous-bois,fichier statique du depot,200,Logiciel pour courtier mutuelle santé à Aulnay-sous-Bois — COURTIA · courtiark.fr,https://courtiark.fr/fr/logiciel-courtier-mutuelle-aulnay-sous-bois,"noindex, follow",non,oui,"indexee historiquement, noindex depuis",/fr/*,"pSEO ville (local, noindex volontaire)",,NOINDEX,haute,page de masse volontairement sortie de l'index ; Google doit la retirer progressivement
https://courtiark.fr/fr/logiciel-courtier-mutuelle-avignon,fichier statique du depot,200,Logiciel pour courtier mutuelle santé à Avignon — COURTIA · courtiark.fr,https://courtiark.fr/fr/logiciel-courtier-mutuelle-avignon,"noindex, follow",non,oui,"indexee historiquement, noindex depuis",/fr/*,"pSEO ville (local, noindex volontaire)",,NOINDEX,haute,page de masse volontairement sortie de l'index ; Google doit la retirer progressivement
https://courtiark.fr/fr/logiciel-courtier-mutuelle-bagnolet,fichier statique du depot,200,Logiciel pour courtier mutuelle santé à Bagnolet — COURTIA · courtiark.fr,https://courtiark.fr/fr/logiciel-courtier-mutuelle-bagnolet,"noindex, follow",non,oui,"indexee historiquement, noindex depuis",/fr/*,"pSEO ville (local, noindex volontaire)",,NOINDEX,haute,page de masse volontairement sortie de l'index ; Google doit la retirer progressivement
https://courtiark.fr/fr/logiciel-courtier-mutuelle-bastia,fichier statique du depot,200,Logiciel pour courtier mutuelle santé à Bastia — COURTIA · courtiark.fr,https://courtiark.fr/fr/logiciel-courtier-mutuelle-bastia,"noindex, follow",non,oui,"indexee historiquement, noindex depuis",/fr/*,"pSEO ville (local, noindex volontaire)",,NOINDEX,haute,page de masse volontairement sortie de l'index ; Google doit la retirer progressivement
https://courtiark.fr/fr/logiciel-courtier-mutuelle-bayeux,fichier statique du depot,200,Logiciel pour courtier mutuelle santé à Bayeux — COURTIA · courtiark.fr,https://courtiark.fr/fr/logiciel-courtier-mutuelle-bayeux,"noindex, follow",non,oui,"indexee historiquement, noindex depuis",/fr/*,"pSEO ville (local, noindex volontaire)",,NOINDEX,haute,page de masse volontairement sortie de l'index ; Google doit la retirer progressivement
https://courtiark.fr/fr/logiciel-courtier-mutuelle-bayonne,fichier statique du depot,200,Logiciel pour courtier mutuelle santé à Bayonne — COURTIA · courtiark.fr,https://courtiark.fr/fr/logiciel-courtier-mutuelle-bayonne,"noindex, follow",non,oui,"indexee historiquement, noindex depuis",/fr/*,"pSEO ville (local, noindex volontaire)",,NOINDEX,haute,page de masse volontairement sortie de l'index ; Google doit la retirer progressivement
https://courtiark.fr/fr/logiciel-courtier-mutuelle-beauvais,fichier statique du depot,200,Logiciel pour courtier mutuelle santé à Beauvais — COURTIA · courtiark.fr,https://courtiark.fr/fr/logiciel-courtier-mutuelle-beauvais,"noindex, follow",non,oui,"indexee historiquement, noindex depuis",/fr/*,"pSEO ville (local, noindex volontaire)",,NOINDEX,haute,page de masse volontairement sortie de l'index ; Google doit la retirer progressivement
https://courtiark.fr/fr/logiciel-courtier-mutuelle-belfort,fichier statique du depot,200,Logiciel pour courtier mutuelle santé à Belfort — COURTIA · courtiark.fr,https://courtiark.fr/fr/logiciel-courtier-mutuelle-belfort,"noindex, follow",non,oui,"indexee historiquement, noindex depuis",/fr/*,"pSEO ville (local, noindex volontaire)",,NOINDEX,haute,page de masse volontairement sortie de l'index ; Google doit la retirer progressivement
https://courtiark.fr/fr/logiciel-courtier-mutuelle-bergerac,fichier statique du depot,200,Logiciel pour courtier mutuelle santé à Bergerac — COURTIA · courtiark.fr,https://courtiark.fr/fr/logiciel-courtier-mutuelle-bergerac,"noindex, follow",non,oui,"indexee historiquement, noindex depuis",/fr/*,"pSEO ville (local, noindex volontaire)",,NOINDEX,haute,page de masse volontairement sortie de l'index ; Google doit la retirer progressivement
https://courtiark.fr/fr/logiciel-courtier-mutuelle-besancon,fichier statique du depot,200,Logiciel pour courtier mutuelle santé à Besançon — COURTIA · courtiark.fr,https://courtiark.fr/fr/logiciel-courtier-mutuelle-besancon,"noindex, follow",non,oui,"indexee historiquement, noindex depuis",/fr/*,"pSEO ville (local, noindex volontaire)",,NOINDEX,haute,page de masse volontairement sortie de l'index ; Google doit la retirer progressivement
https://courtiark.fr/fr/logiciel-courtier-mutuelle-beziers,fichier statique du depot,200,Logiciel pour courtier mutuelle santé à Béziers — COURTIA · courtiark.fr,https://courtiark.fr/fr/logiciel-courtier-mutuelle-beziers,"noindex, follow",non,oui,"indexee historiquement, noindex depuis",/fr/*,"pSEO ville (local, noindex volontaire)",,NOINDEX,haute,page de masse volontairement sortie de l'index ; Google doit la retirer progressivement
https://courtiark.fr/fr/logiciel-courtier-mutuelle-biarritz,fichier statique du depot,200,Logiciel pour courtier mutuelle santé à Biarritz — COURTIA · courtiark.fr,https://courtiark.fr/fr/logiciel-courtier-mutuelle-biarritz,"noindex, follow",non,oui,"indexee historiquement, noindex depuis",/fr/*,"pSEO ville (local, noindex volontaire)",,NOINDEX,haute,page de masse volontairement sortie de l'index ; Google doit la retirer progressivement
https://courtiark.fr/fr/logiciel-courtier-mutuelle-blois,fichier statique du depot,200,Logiciel pour courtier mutuelle santé à Blois — COURTIA · courtiark.fr,https://courtiark.fr/fr/logiciel-courtier-mutuelle-blois,"noindex, follow",non,oui,"indexee historiquement, noindex depuis",/fr/*,"pSEO ville (local, noindex volontaire)",,NOINDEX,haute,page de masse volontairement sortie de l'index ; Google doit la retirer progressivement
https://courtiark.fr/fr/logiciel-courtier-mutuelle-bobigny,fichier statique du depot,200,Logiciel pour courtier mutuelle santé à Bobigny — COURTIA · courtiark.fr,https://courtiark.fr/fr/logiciel-courtier-mutuelle-bobigny,"noindex, follow",non,oui,"indexee historiquement, noindex depuis",/fr/*,"pSEO ville (local, noindex volontaire)",,NOINDEX,haute,page de masse volontairement sortie de l'index ; Google doit la retirer progressivement
https://courtiark.fr/fr/logiciel-courtier-mutuelle-bondy,fichier statique du depot,200,Logiciel pour courtier mutuelle santé à Bondy — COURTIA · courtiark.fr,https://courtiark.fr/fr/logiciel-courtier-mutuelle-bondy,"noindex, follow",non,oui,"indexee historiquement, noindex depuis",/fr/*,"pSEO ville (local, noindex volontaire)",,NOINDEX,haute,page de masse volontairement sortie de l'index ; Google doit la retirer progressivement
https://courtiark.fr/fr/logiciel-courtier-mutuelle-bordeaux,fichier statique du depot,200,Logiciel pour courtier mutuelle santé à Bordeaux — COURTIA · courtiark.fr,https://courtiark.fr/fr/logiciel-courtier-mutuelle-bordeaux,"noindex, follow",non,oui,"indexee historiquement, noindex depuis",/fr/*,"pSEO ville (local, noindex volontaire)",,NOINDEX,haute,page de masse volontairement sortie de l'index ; Google doit la retirer progressivement
https://courtiark.fr/fr/logiciel-courtier-mutuelle-boulogne-sur-mer,fichier statique du depot,200,Logiciel pour courtier mutuelle santé à Boulogne-sur-Mer — COURTIA · courtiark.fr,https://courtiark.fr/fr/logiciel-courtier-mutuelle-boulogne-sur-mer,"noindex, follow",non,oui,"indexee historiquement, noindex depuis",/fr/*,page heritee non indexable,,NOINDEX,haute,conservee accessible mais hors index : decision editoriale
https://courtiark.fr/fr/logiciel-courtier-mutuelle-bourg-en-bresse,fichier statique du depot,200,Logiciel pour courtier mutuelle santé à Bourg-en-Bresse — COURTIA · courtiark.fr,https://courtiark.fr/fr/logiciel-courtier-mutuelle-bourg-en-bresse,"noindex, follow",non,oui,"indexee historiquement, noindex depuis",/fr/*,"pSEO ville (local, noindex volontaire)",,NOINDEX,haute,page de masse volontairement sortie de l'index ; Google doit la retirer progressivement
https://courtiark.fr/fr/logiciel-courtier-mutuelle-bourges,fichier statique du depot,200,Logiciel pour courtier mutuelle santé à Bourges — COURTIA · courtiark.fr,https://courtiark.fr/fr/logiciel-courtier-mutuelle-bourges,"noindex, follow",non,oui,"indexee historiquement, noindex depuis",/fr/*,"pSEO ville (local, noindex volontaire)",,NOINDEX,haute,page de masse volontairement sortie de l'index ; Google doit la retirer progressivement
https://courtiark.fr/fr/logiciel-courtier-mutuelle-brest,fichier statique du depot,200,Logiciel pour courtier mutuelle santé à Brest — COURTIA · courtiark.fr,https://courtiark.fr/fr/logiciel-courtier-mutuelle-brest,"noindex, follow",non,oui,"indexee historiquement, noindex depuis",/fr/*,"pSEO ville (local, noindex volontaire)",,NOINDEX,haute,page de masse volontairement sortie de l'index ; Google doit la retirer progressivement
https://courtiark.fr/fr/logiciel-courtier-mutuelle-caen,fichier statique du depot,200,Logiciel pour courtier mutuelle santé à Caen — COURTIA · courtiark.fr,https://courtiark.fr/fr/logiciel-courtier-mutuelle-caen,"noindex, follow",non,oui,"indexee historiquement, noindex depuis",/fr/*,"pSEO ville (local, noindex volontaire)",,NOINDEX,haute,page de masse volontairement sortie de l'index ; Google doit la retirer progressivement
https://courtiark.fr/fr/logiciel-courtier-mutuelle-cagnes-sur-mer,fichier statique du depot,200,Logiciel pour courtier mutuelle santé à Cagnes-sur-Mer — COURTIA · courtiark.fr,https://courtiark.fr/fr/logiciel-courtier-mutuelle-cagnes-sur-mer,"noindex, follow",non,oui,"indexee historiquement, noindex depuis",/fr/*,page heritee non indexable,,NOINDEX,haute,conservee accessible mais hors index : decision editoriale
https://courtiark.fr/fr/logiciel-courtier-mutuelle-cahors,fichier statique du depot,200,Logiciel pour courtier mutuelle santé à Cahors — COURTIA · courtiark.fr,https://courtiark.fr/fr/logiciel-courtier-mutuelle-cahors,"noindex, follow",non,oui,"indexee historiquement, noindex depuis",/fr/*,"pSEO ville (local, noindex volontaire)",,NOINDEX,haute,page de masse volontairement sortie de l'index ; Google doit la retirer progressivement
https://courtiark.fr/fr/logiciel-courtier-mutuelle-calais,fichier statique du depot,200,Logiciel pour courtier mutuelle santé à Calais — COURTIA · courtiark.fr,https://courtiark.fr/fr/logiciel-courtier-mutuelle-calais,"noindex, follow",non,oui,"indexee historiquement, noindex depuis",/fr/*,"pSEO ville (local, noindex volontaire)",,NOINDEX,haute,page de masse volontairement sortie de l'index ; Google doit la retirer progressivement
https://courtiark.fr/fr/logiciel-courtier-mutuelle-cambrai,fichier statique du depot,200,Logiciel pour courtier mutuelle santé à Cambrai — COURTIA · courtiark.fr,https://courtiark.fr/fr/logiciel-courtier-mutuelle-cambrai,"noindex, follow",non,oui,"indexee historiquement, noindex depuis",/fr/*,"pSEO ville (local, noindex volontaire)",,NOINDEX,haute,page de masse volontairement sortie de l'index ; Google doit la retirer progressivement
https://courtiark.fr/fr/logiciel-courtier-mutuelle-cannes,fichier statique du depot,200,Logiciel pour courtier mutuelle santé à Cannes — COURTIA · courtiark.fr,https://courtiark.fr/fr/logiciel-courtier-mutuelle-cannes,"noindex, follow",non,oui,"indexee historiquement, noindex depuis",/fr/*,"pSEO ville (local, noindex volontaire)",,NOINDEX,haute,page de masse volontairement sortie de l'index ; Google doit la retirer progressivement
https://courtiark.fr/fr/logiciel-courtier-mutuelle-carcassonne,fichier statique du depot,200,Logiciel pour courtier mutuelle santé à Carcassonne — COURTIA · courtiark.fr,https://courtiark.fr/fr/logiciel-courtier-mutuelle-carcassonne,"noindex, follow",non,oui,"indexee historiquement, noindex depuis",/fr/*,"pSEO ville (local, noindex volontaire)",,NOINDEX,haute,page de masse volontairement sortie de l'index ; Google doit la retirer progressivement
https://courtiark.fr/fr/logiciel-courtier-mutuelle-carpentras,fichier statique du depot,200,Logiciel pour courtier mutuelle santé à Carpentras — COURTIA · courtiark.fr,https://courtiark.fr/fr/logiciel-courtier-mutuelle-carpentras,"noindex, follow",non,oui,"indexee historiquement, noindex depuis",/fr/*,"pSEO ville (local, noindex volontaire)",,NOINDEX,haute,page de masse volontairement sortie de l'index ; Google doit la retirer progressivement
https://courtiark.fr/fr/logiciel-courtier-mutuelle-cergy,fichier statique du depot,200,Logiciel pour courtier mutuelle santé à Cergy — COURTIA · courtiark.fr,https://courtiark.fr/fr/logiciel-courtier-mutuelle-cergy,"noindex, follow",non,oui,"indexee historiquement, noindex depuis",/fr/*,"pSEO ville (local, noindex volontaire)",,NOINDEX,haute,page de masse volontairement sortie de l'index ; Google doit la retirer progressivement
https://courtiark.fr/fr/logiciel-courtier-mutuelle-chalon-sur-saone,fichier statique du depot,200,Logiciel pour courtier mutuelle santé à Chalon-sur-Saône — COURTIA · courtiark.fr,https://courtiark.fr/fr/logiciel-courtier-mutuelle-chalon-sur-saone,"noindex, follow",non,oui,"indexee historiquement, noindex depuis",/fr/*,"pSEO ville (local, noindex volontaire)",,NOINDEX,haute,page de masse volontairement sortie de l'index ; Google doit la retirer progressivement
https://courtiark.fr/fr/logiciel-courtier-mutuelle-chambery,fichier statique du depot,200,Logiciel pour courtier mutuelle santé à Chambéry — COURTIA · courtiark.fr,https://courtiark.fr/fr/logiciel-courtier-mutuelle-chambery,"noindex, follow",non,oui,"indexee historiquement, noindex depuis",/fr/*,"pSEO ville (local, noindex volontaire)",,NOINDEX,haute,page de masse volontairement sortie de l'index ; Google doit la retirer progressivement
https://courtiark.fr/fr/logiciel-courtier-mutuelle-charenton,fichier statique du depot,200,Logiciel pour courtier mutuelle santé à Charenton — COURTIA · courtiark.fr,https://courtiark.fr/fr/logiciel-courtier-mutuelle-charenton,"noindex, follow",non,oui,"indexee historiquement, noindex depuis",/fr/*,"pSEO ville (local, noindex volontaire)",,NOINDEX,haute,page de masse volontairement sortie de l'index ; Google doit la retirer progressivement
https://courtiark.fr/fr/logiciel-courtier-mutuelle-charleville-mezieres,fichier statique du depot,200,Logiciel pour courtier mutuelle santé à Charleville-Mézières — COURTIA · courtiark.fr,https://courtiark.fr/fr/logiciel-courtier-mutuelle-charleville-mezieres,"noindex, follow",non,oui,"indexee historiquement, noindex depuis",/fr/*,"pSEO ville (local, noindex volontaire)",,NOINDEX,haute,page de masse volontairement sortie de l'index ; Google doit la retirer progressivement
https://courtiark.fr/fr/logiciel-courtier-mutuelle-chartres,fichier statique du depot,200,Logiciel pour courtier mutuelle santé à Chartres — COURTIA · courtiark.fr,https://courtiark.fr/fr/logiciel-courtier-mutuelle-chartres,"noindex, follow",non,oui,"indexee historiquement, noindex depuis",/fr/*,"pSEO ville (local, noindex volontaire)",,NOINDEX,haute,page de masse volontairement sortie de l'index ; Google doit la retirer progressivement
https://courtiark.fr/fr/logiciel-courtier-mutuelle-chateauroux,fichier statique du depot,200,Logiciel pour courtier mutuelle santé à Châteauroux — COURTIA · courtiark.fr,https://courtiark.fr/fr/logiciel-courtier-mutuelle-chateauroux,"noindex, follow",non,oui,"indexee historiquement, noindex depuis",/fr/*,"pSEO ville (local, noindex volontaire)",,NOINDEX,haute,page de masse volontairement sortie de l'index ; Google doit la retirer progressivement
https://courtiark.fr/fr/logiciel-courtier-mutuelle-chelles,fichier statique du depot,200,Logiciel pour courtier mutuelle santé à Chelles — COURTIA · courtiark.fr,https://courtiark.fr/fr/logiciel-courtier-mutuelle-chelles,"noindex, follow",non,oui,"indexee historiquement, noindex depuis",/fr/*,"pSEO ville (local, noindex volontaire)",,NOINDEX,haute,page de masse volontairement sortie de l'index ; Google doit la retirer progressivement
https://courtiark.fr/fr/logiciel-courtier-mutuelle-cherbourg,fichier statique du depot,200,Logiciel pour courtier mutuelle santé à Cherbourg — COURTIA · courtiark.fr,https://courtiark.fr/fr/logiciel-courtier-mutuelle-cherbourg,"noindex, follow",non,oui,"indexee historiquement, noindex depuis",/fr/*,"pSEO ville (local, noindex volontaire)",,NOINDEX,haute,page de masse volontairement sortie de l'index ; Google doit la retirer progressivement
https://courtiark.fr/fr/logiciel-courtier-mutuelle-cholet,fichier statique du depot,200,Logiciel pour courtier mutuelle santé à Cholet — COURTIA · courtiark.fr,https://courtiark.fr/fr/logiciel-courtier-mutuelle-cholet,"noindex, follow",non,oui,"indexee historiquement, noindex depuis",/fr/*,"pSEO ville (local, noindex volontaire)",,NOINDEX,haute,page de masse volontairement sortie de l'index ; Google doit la retirer progressivement
https://courtiark.fr/fr/logiciel-courtier-mutuelle-clermont-ferrand,fichier statique du depot,200,Logiciel pour courtier mutuelle santé à Clermont-Ferrand — COURTIA · courtiark.fr,https://courtiark.fr/fr/logiciel-courtier-mutuelle-clermont-ferrand,"noindex, follow",non,oui,"indexee historiquement, noindex depuis",/fr/*,"pSEO ville (local, noindex volontaire)",,NOINDEX,haute,page de masse volontairement sortie de l'index ; Google doit la retirer progressivement
https://courtiark.fr/fr/logiciel-courtier-mutuelle-clichy,fichier statique du depot,200,Logiciel pour courtier mutuelle santé à Clichy — COURTIA · courtiark.fr,https://courtiark.fr/fr/logiciel-courtier-mutuelle-clichy,"noindex, follow",non,oui,"indexee historiquement, noindex depuis",/fr/*,"pSEO ville (local, noindex volontaire)",,NOINDEX,haute,page de masse volontairement sortie de l'index ; Google doit la retirer progressivement
https://courtiark.fr/fr/logiciel-courtier-mutuelle-colmar,fichier statique du depot,200,Logiciel pour courtier mutuelle santé à Colmar — COURTIA · courtiark.fr,https://courtiark.fr/fr/logiciel-courtier-mutuelle-colmar,"noindex, follow",non,oui,"indexee historiquement, noindex depuis",/fr/*,"pSEO ville (local, noindex volontaire)",,NOINDEX,haute,page de masse volontairement sortie de l'index ; Google doit la retirer progressivement
https://courtiark.fr/fr/logiciel-courtier-mutuelle-compiegne,fichier statique du depot,200,Logiciel pour courtier mutuelle santé à Compiègne — COURTIA · courtiark.fr,https://courtiark.fr/fr/logiciel-courtier-mutuelle-compiegne,"noindex, follow",non,oui,"indexee historiquement, noindex depuis",/fr/*,"pSEO ville (local, noindex volontaire)",,NOINDEX,haute,page de masse volontairement sortie de l'index ; Google doit la retirer progressivement
https://courtiark.fr/fr/logiciel-courtier-mutuelle-courbevoie,fichier statique du depot,200,Logiciel pour courtier mutuelle santé à Courbevoie — COURTIA · courtiark.fr,https://courtiark.fr/fr/logiciel-courtier-mutuelle-courbevoie,"noindex, follow",non,oui,"indexee historiquement, noindex depuis",/fr/*,"pSEO ville (local, noindex volontaire)",,NOINDEX,haute,page de masse volontairement sortie de l'index ; Google doit la retirer progressivement
https://courtiark.fr/fr/logiciel-courtier-mutuelle-creteil,fichier statique du depot,200,Logiciel pour courtier mutuelle santé à Créteil — COURTIA · courtiark.fr,https://courtiark.fr/fr/logiciel-courtier-mutuelle-creteil,"noindex, follow",non,oui,"indexee historiquement, noindex depuis",/fr/*,"pSEO ville (local, noindex volontaire)",,NOINDEX,haute,page de masse volontairement sortie de l'index ; Google doit la retirer progressivement
https://courtiark.fr/fr/logiciel-courtier-mutuelle-dax,fichier statique du depot,200,Logiciel pour courtier mutuelle santé à Dax — COURTIA · courtiark.fr,https://courtiark.fr/fr/logiciel-courtier-mutuelle-dax,"noindex, follow",non,oui,"indexee historiquement, noindex depuis",/fr/*,page heritee non indexable,,NOINDEX,haute,conservee accessible mais hors index : decision editoriale
https://courtiark.fr/fr/logiciel-courtier-mutuelle-dijon,fichier statique du depot,200,Logiciel pour courtier mutuelle santé à Dijon — COURTIA · courtiark.fr,https://courtiark.fr/fr/logiciel-courtier-mutuelle-dijon,"noindex, follow",non,oui,"indexee historiquement, noindex depuis",/fr/*,"pSEO ville (local, noindex volontaire)",,NOINDEX,haute,page de masse volontairement sortie de l'index ; Google doit la retirer progressivement
https://courtiark.fr/fr/logiciel-courtier-mutuelle-dole,fichier statique du depot,200,Logiciel pour courtier mutuelle santé à Dole — COURTIA · courtiark.fr,https://courtiark.fr/fr/logiciel-courtier-mutuelle-dole,"noindex, follow",non,oui,"indexee historiquement, noindex depuis",/fr/*,"pSEO ville (local, noindex volontaire)",,NOINDEX,haute,page de masse volontairement sortie de l'index ; Google doit la retirer progressivement
https://courtiark.fr/fr/logiciel-courtier-mutuelle-douai,fichier statique du depot,200,Logiciel pour courtier mutuelle santé à Douai — COURTIA · courtiark.fr,https://courtiark.fr/fr/logiciel-courtier-mutuelle-douai,"noindex, follow",non,oui,"indexee historiquement, noindex depuis",/fr/*,"pSEO ville (local, noindex volontaire)",,NOINDEX,haute,page de masse volontairement sortie de l'index ; Google doit la retirer progressivement
https://courtiark.fr/fr/logiciel-courtier-mutuelle-draguignan,fichier statique du depot,200,Logiciel pour courtier mutuelle santé à Draguignan — COURTIA · courtiark.fr,https://courtiark.fr/fr/logiciel-courtier-mutuelle-draguignan,"noindex, follow",non,oui,"indexee historiquement, noindex depuis",/fr/*,"pSEO ville (local, noindex volontaire)",,NOINDEX,haute,page de masse volontairement sortie de l'index ; Google doit la retirer progressivement
https://courtiark.fr/fr/logiciel-courtier-mutuelle-drancy,fichier statique du depot,200,Logiciel pour courtier mutuelle santé à Drancy — COURTIA · courtiark.fr,https://courtiark.fr/fr/logiciel-courtier-mutuelle-drancy,"noindex, follow",non,oui,"indexee historiquement, noindex depuis",/fr/*,"pSEO ville (local, noindex volontaire)",,NOINDEX,haute,page de masse volontairement sortie de l'index ; Google doit la retirer progressivement
https://courtiark.fr/fr/logiciel-courtier-mutuelle-dreux,fichier statique du depot,200,Logiciel pour courtier mutuelle santé à Dreux — COURTIA · courtiark.fr,https://courtiark.fr/fr/logiciel-courtier-mutuelle-dreux,"noindex, follow",non,oui,"indexee historiquement, noindex depuis",/fr/*,"pSEO ville (local, noindex volontaire)",,NOINDEX,haute,page de masse volontairement sortie de l'index ; Google doit la retirer progressivement
https://courtiark.fr/fr/logiciel-courtier-mutuelle-dunkerque,fichier statique du depot,200,Logiciel pour courtier mutuelle santé à Dunkerque — COURTIA · courtiark.fr,https://courtiark.fr/fr/logiciel-courtier-mutuelle-dunkerque,"noindex, follow",non,oui,"indexee historiquement, noindex depuis",/fr/*,"pSEO ville (local, noindex volontaire)",,NOINDEX,haute,page de masse volontairement sortie de l'index ; Google doit la retirer progressivement
https://courtiark.fr/fr/logiciel-courtier-mutuelle-epinal,fichier statique du depot,200,Logiciel pour courtier mutuelle santé à Épinal — COURTIA · courtiark.fr,https://courtiark.fr/fr/logiciel-courtier-mutuelle-epinal,"noindex, follow",non,oui,"indexee historiquement, noindex depuis",/fr/*,"pSEO ville (local, noindex volontaire)",,NOINDEX,haute,page de masse volontairement sortie de l'index ; Google doit la retirer progressivement
https://courtiark.fr/fr/logiciel-courtier-mutuelle-evreux,fichier statique du depot,200,Logiciel pour courtier mutuelle santé à Évreux — COURTIA · courtiark.fr,https://courtiark.fr/fr/logiciel-courtier-mutuelle-evreux,"noindex, follow",non,oui,"indexee historiquement, noindex depuis",/fr/*,"pSEO ville (local, noindex volontaire)",,NOINDEX,haute,page de masse volontairement sortie de l'index ; Google doit la retirer progressivement
https://courtiark.fr/fr/logiciel-courtier-mutuelle-evry,fichier statique du depot,200,Logiciel pour courtier mutuelle santé à Évry — COURTIA · courtiark.fr,https://courtiark.fr/fr/logiciel-courtier-mutuelle-evry,"noindex, follow",non,oui,"indexee historiquement, noindex depuis",/fr/*,"pSEO ville (local, noindex volontaire)",,NOINDEX,haute,page de masse volontairement sortie de l'index ; Google doit la retirer progressivement
https://courtiark.fr/fr/logiciel-courtier-mutuelle-fontainebleau,fichier statique du depot,200,Logiciel pour courtier mutuelle santé à Fontainebleau — COURTIA · courtiark.fr,https://courtiark.fr/fr/logiciel-courtier-mutuelle-fontainebleau,"noindex, follow",non,oui,"indexee historiquement, noindex depuis",/fr/*,"pSEO ville (local, noindex volontaire)",,NOINDEX,haute,page de masse volontairement sortie de l'index ; Google doit la retirer progressivement
https://courtiark.fr/fr/logiciel-courtier-mutuelle-forbach,fichier statique du depot,200,Logiciel pour courtier mutuelle santé à Forbach — COURTIA · courtiark.fr,https://courtiark.fr/fr/logiciel-courtier-mutuelle-forbach,"noindex, follow",non,oui,"indexee historiquement, noindex depuis",/fr/*,"pSEO ville (local, noindex volontaire)",,NOINDEX,haute,page de masse volontairement sortie de l'index ; Google doit la retirer progressivement
https://courtiark.fr/fr/logiciel-courtier-mutuelle-frejus,fichier statique du depot,200,Logiciel pour courtier mutuelle santé à Fréjus — COURTIA · courtiark.fr,https://courtiark.fr/fr/logiciel-courtier-mutuelle-frejus,"noindex, follow",non,oui,"indexee historiquement, noindex depuis",/fr/*,"pSEO ville (local, noindex volontaire)",,NOINDEX,haute,page de masse volontairement sortie de l'index ; Google doit la retirer progressivement
https://courtiark.fr/fr/logiciel-courtier-mutuelle-gap,fichier statique du depot,200,Logiciel pour courtier mutuelle santé à Gap — COURTIA · courtiark.fr,https://courtiark.fr/fr/logiciel-courtier-mutuelle-gap,"noindex, follow",non,oui,"indexee historiquement, noindex depuis",/fr/*,page heritee non indexable,,NOINDEX,haute,conservee accessible mais hors index : decision editoriale
https://courtiark.fr/fr/logiciel-courtier-mutuelle-grasse,fichier statique du depot,200,Logiciel pour courtier mutuelle santé à Grasse — COURTIA · courtiark.fr,https://courtiark.fr/fr/logiciel-courtier-mutuelle-grasse,"noindex, follow",non,oui,"indexee historiquement, noindex depuis",/fr/*,"pSEO ville (local, noindex volontaire)",,NOINDEX,haute,page de masse volontairement sortie de l'index ; Google doit la retirer progressivement
https://courtiark.fr/fr/logiciel-courtier-mutuelle-grenoble,fichier statique du depot,200,Logiciel pour courtier mutuelle santé à Grenoble — COURTIA · courtiark.fr,https://courtiark.fr/fr/logiciel-courtier-mutuelle-grenoble,"noindex, follow",non,oui,"indexee historiquement, noindex depuis",/fr/*,"pSEO ville (local, noindex volontaire)",,NOINDEX,haute,page de masse volontairement sortie de l'index ; Google doit la retirer progressivement
https://courtiark.fr/fr/logiciel-courtier-mutuelle-haguenau,fichier statique du depot,200,Logiciel pour courtier mutuelle santé à Haguenau — COURTIA · courtiark.fr,https://courtiark.fr/fr/logiciel-courtier-mutuelle-haguenau,"noindex, follow",non,oui,"indexee historiquement, noindex depuis",/fr/*,"pSEO ville (local, noindex volontaire)",,NOINDEX,haute,page de masse volontairement sortie de l'index ; Google doit la retirer progressivement
https://courtiark.fr/fr/logiciel-courtier-mutuelle-hyeres,fichier statique du depot,200,Logiciel pour courtier mutuelle santé à Hyères — COURTIA · courtiark.fr,https://courtiark.fr/fr/logiciel-courtier-mutuelle-hyeres,"noindex, follow",non,oui,"indexee historiquement, noindex depuis",/fr/*,"pSEO ville (local, noindex volontaire)",,NOINDEX,haute,page de masse volontairement sortie de l'index ; Google doit la retirer progressivement
https://courtiark.fr/fr/logiciel-courtier-mutuelle-issy-les-moulineaux,fichier statique du depot,200,Logiciel pour courtier mutuelle santé à Issy-les-Moulineaux — COURTIA · courtiark.fr,https://courtiark.fr/fr/logiciel-courtier-mutuelle-issy-les-moulineaux,"noindex, follow",non,oui,"indexee historiquement, noindex depuis",/fr/*,"pSEO ville (local, noindex volontaire)",,NOINDEX,haute,page de masse volontairement sortie de l'index ; Google doit la retirer progressivement
https://courtiark.fr/fr/logiciel-courtier-mutuelle-istres,fichier statique du depot,200,Logiciel pour courtier mutuelle santé à Istres — COURTIA · courtiark.fr,https://courtiark.fr/fr/logiciel-courtier-mutuelle-istres,"noindex, follow",non,oui,"indexee historiquement, noindex depuis",/fr/*,"pSEO ville (local, noindex volontaire)",,NOINDEX,haute,page de masse volontairement sortie de l'index ; Google doit la retirer progressivement
https://courtiark.fr/fr/logiciel-courtier-mutuelle-ivry-sur-seine,fichier statique du depot,200,Logiciel pour courtier mutuelle santé à Ivry-sur-Seine — COURTIA · courtiark.fr,https://courtiark.fr/fr/logiciel-courtier-mutuelle-ivry-sur-seine,"noindex, follow",non,oui,"indexee historiquement, noindex depuis",/fr/*,"pSEO ville (local, noindex volontaire)",,NOINDEX,haute,page de masse volontairement sortie de l'index ; Google doit la retirer progressivement
https://courtiark.fr/fr/logiciel-courtier-mutuelle-la-defense,fichier statique du depot,200,Logiciel pour courtier mutuelle santé à La Défense — COURTIA · courtiark.fr,https://courtiark.fr/fr/logiciel-courtier-mutuelle-la-defense,"noindex, follow",non,oui,"indexee historiquement, noindex depuis",/fr/*,"pSEO ville (local, noindex volontaire)",,NOINDEX,haute,page de masse volontairement sortie de l'index ; Google doit la retirer progressivement
https://courtiark.fr/fr/logiciel-courtier-mutuelle-la-roche-sur-yon,fichier statique du depot,200,Logiciel pour courtier mutuelle santé à La Roche-sur-Yon — COURTIA · courtiark.fr,https://courtiark.fr/fr/logiciel-courtier-mutuelle-la-roche-sur-yon,"noindex, follow",non,oui,"indexee historiquement, noindex depuis",/fr/*,page heritee non indexable,,NOINDEX,haute,conservee accessible mais hors index : decision editoriale
https://courtiark.fr/fr/logiciel-courtier-mutuelle-la-rochelle,fichier statique du depot,200,Logiciel pour courtier mutuelle santé à La Rochelle — COURTIA · courtiark.fr,https://courtiark.fr/fr/logiciel-courtier-mutuelle-la-rochelle,"noindex, follow",non,oui,"indexee historiquement, noindex depuis",/fr/*,"pSEO ville (local, noindex volontaire)",,NOINDEX,haute,page de masse volontairement sortie de l'index ; Google doit la retirer progressivement
https://courtiark.fr/fr/logiciel-courtier-mutuelle-lannion,fichier statique du depot,200,Logiciel pour courtier mutuelle santé à Lannion — COURTIA · courtiark.fr,https://courtiark.fr/fr/logiciel-courtier-mutuelle-lannion,"noindex, follow",non,oui,"indexee historiquement, noindex depuis",/fr/*,"pSEO ville (local, noindex volontaire)",,NOINDEX,haute,page de masse volontairement sortie de l'index ; Google doit la retirer progressivement
https://courtiark.fr/fr/logiciel-courtier-mutuelle-laon,fichier statique du depot,200,Logiciel pour courtier mutuelle santé à Laon — COURTIA · courtiark.fr,https://courtiark.fr/fr/logiciel-courtier-mutuelle-laon,"noindex, follow",non,oui,"indexee historiquement, noindex depuis",/fr/*,"pSEO ville (local, noindex volontaire)",,NOINDEX,haute,page de masse volontairement sortie de l'index ; Google doit la retirer progressivement
https://courtiark.fr/fr/logiciel-courtier-mutuelle-laval,fichier statique du depot,200,Logiciel pour courtier mutuelle santé à Laval — COURTIA · courtiark.fr,https://courtiark.fr/fr/logiciel-courtier-mutuelle-laval,"noindex, follow",non,oui,"indexee historiquement, noindex depuis",/fr/*,"pSEO ville (local, noindex volontaire)",,NOINDEX,haute,page de masse volontairement sortie de l'index ; Google doit la retirer progressivement
https://courtiark.fr/fr/logiciel-courtier-mutuelle-le-havre,fichier statique du depot,200,Logiciel pour courtier mutuelle santé à Le Havre — COURTIA · courtiark.fr,https://courtiark.fr/fr/logiciel-courtier-mutuelle-le-havre,"noindex, follow",non,oui,"indexee historiquement, noindex depuis",/fr/*,"pSEO ville (local, noindex volontaire)",,NOINDEX,haute,page de masse volontairement sortie de l'index ; Google doit la retirer progressivement
https://courtiark.fr/fr/logiciel-courtier-mutuelle-le-mans,fichier statique du depot,200,Logiciel pour courtier mutuelle santé à Le Mans — COURTIA · courtiark.fr,https://courtiark.fr/fr/logiciel-courtier-mutuelle-le-mans,"noindex, follow",non,oui,"indexee historiquement, noindex depuis",/fr/*,"pSEO ville (local, noindex volontaire)",,NOINDEX,haute,page de masse volontairement sortie de l'index ; Google doit la retirer progressivement
https://courtiark.fr/fr/logiciel-courtier-mutuelle-lens,fichier statique du depot,200,Logiciel pour courtier mutuelle santé à Lens — COURTIA · courtiark.fr,https://courtiark.fr/fr/logiciel-courtier-mutuelle-lens,"noindex, follow",non,oui,"indexee historiquement, noindex depuis",/fr/*,"pSEO ville (local, noindex volontaire)",,NOINDEX,haute,page de masse volontairement sortie de l'index ; Google doit la retirer progressivement
https://courtiark.fr/fr/logiciel-courtier-mutuelle-levallois-perret,fichier statique du depot,200,Logiciel pour courtier mutuelle santé à Levallois-Perret — COURTIA · courtiark.fr,https://courtiark.fr/fr/logiciel-courtier-mutuelle-levallois-perret,"noindex, follow",non,oui,"indexee historiquement, noindex depuis",/fr/*,"pSEO ville (local, noindex volontaire)",,NOINDEX,haute,page de masse volontairement sortie de l'index ; Google doit la retirer progressivement
https://courtiark.fr/fr/logiciel-courtier-mutuelle-libourne,fichier statique du depot,200,Logiciel pour courtier mutuelle santé à Libourne — COURTIA · courtiark.fr,https://courtiark.fr/fr/logiciel-courtier-mutuelle-libourne,"noindex, follow",non,oui,"indexee historiquement, noindex depuis",/fr/*,"pSEO ville (local, noindex volontaire)",,NOINDEX,haute,page de masse volontairement sortie de l'index ; Google doit la retirer progressivement
https://courtiark.fr/fr/logiciel-courtier-mutuelle-lille,fichier statique du depot,200,Logiciel pour courtier mutuelle santé à Lille — COURTIA · courtiark.fr,https://courtiark.fr/fr/logiciel-courtier-mutuelle-lille,"noindex, follow",non,oui,"indexee historiquement, noindex depuis",/fr/*,"pSEO ville (local, noindex volontaire)",,NOINDEX,haute,page de masse volontairement sortie de l'index ; Google doit la retirer progressivement
https://courtiark.fr/fr/logiciel-courtier-mutuelle-limoges,fichier statique du depot,200,Logiciel pour courtier mutuelle santé à Limoges — COURTIA · courtiark.fr,https://courtiark.fr/fr/logiciel-courtier-mutuelle-limoges,"noindex, follow",non,oui,"indexee historiquement, noindex depuis",/fr/*,"pSEO ville (local, noindex volontaire)",,NOINDEX,haute,page de masse volontairement sortie de l'index ; Google doit la retirer progressivement
https://courtiark.fr/fr/logiciel-courtier-mutuelle-lisieux,fichier statique du depot,200,Logiciel pour courtier mutuelle santé à Lisieux — COURTIA · courtiark.fr,https://courtiark.fr/fr/logiciel-courtier-mutuelle-lisieux,"noindex, follow",non,oui,"indexee historiquement, noindex depuis",/fr/*,"pSEO ville (local, noindex volontaire)",,NOINDEX,haute,page de masse volontairement sortie de l'index ; Google doit la retirer progressivement
https://courtiark.fr/fr/logiciel-courtier-mutuelle-lorient,fichier statique du depot,200,Logiciel pour courtier mutuelle santé à Lorient — COURTIA · courtiark.fr,https://courtiark.fr/fr/logiciel-courtier-mutuelle-lorient,"noindex, follow",non,oui,"indexee historiquement, noindex depuis",/fr/*,"pSEO ville (local, noindex volontaire)",,NOINDEX,haute,page de masse volontairement sortie de l'index ; Google doit la retirer progressivement
https://courtiark.fr/fr/logiciel-courtier-mutuelle-lyon,fichier statique du depot,200,Logiciel pour courtier mutuelle santé à Lyon — COURTIA · courtiark.fr,https://courtiark.fr/fr/logiciel-courtier-mutuelle-lyon,"noindex, follow",non,oui,"indexee historiquement, noindex depuis",/fr/*,"pSEO ville (local, noindex volontaire)",,NOINDEX,haute,page de masse volontairement sortie de l'index ; Google doit la retirer progressivement
https://courtiark.fr/fr/logiciel-courtier-mutuelle-macon,fichier statique du depot,200,Logiciel pour courtier mutuelle santé à Mâcon — COURTIA · courtiark.fr,https://courtiark.fr/fr/logiciel-courtier-mutuelle-macon,"noindex, follow",non,oui,"indexee historiquement, noindex depuis",/fr/*,"pSEO ville (local, noindex volontaire)",,NOINDEX,haute,page de masse volontairement sortie de l'index ; Google doit la retirer progressivement
https://courtiark.fr/fr/logiciel-courtier-mutuelle-maisons-alfort,fichier statique du depot,200,Logiciel pour courtier mutuelle santé à Maisons-Alfort — COURTIA · courtiark.fr,https://courtiark.fr/fr/logiciel-courtier-mutuelle-maisons-alfort,"noindex, follow",non,oui,"indexee historiquement, noindex depuis",/fr/*,"pSEO ville (local, noindex volontaire)",,NOINDEX,haute,page de masse volontairement sortie de l'index ; Google doit la retirer progressivement
https://courtiark.fr/fr/logiciel-courtier-mutuelle-manosque,fichier statique du depot,200,Logiciel pour courtier mutuelle santé à Manosque — COURTIA · courtiark.fr,https://courtiark.fr/fr/logiciel-courtier-mutuelle-manosque,"noindex, follow",non,oui,"indexee historiquement, noindex depuis",/fr/*,"pSEO ville (local, noindex volontaire)",,NOINDEX,haute,page de masse volontairement sortie de l'index ; Google doit la retirer progressivement
https://courtiark.fr/fr/logiciel-courtier-mutuelle-mantes-la-jolie,fichier statique du depot,200,Logiciel pour courtier mutuelle santé à Mantes-la-Jolie — COURTIA · courtiark.fr,https://courtiark.fr/fr/logiciel-courtier-mutuelle-mantes-la-jolie,"noindex, follow",non,oui,"indexee historiquement, noindex depuis",/fr/*,"pSEO ville (local, noindex volontaire)",,NOINDEX,haute,page de masse volontairement sortie de l'index ; Google doit la retirer progressivement
https://courtiark.fr/fr/logiciel-courtier-mutuelle-marseille,fichier statique du depot,200,Logiciel pour courtier mutuelle santé à Marseille — COURTIA · courtiark.fr,https://courtiark.fr/fr/logiciel-courtier-mutuelle-marseille,"noindex, follow",non,oui,"indexee historiquement, noindex depuis",/fr/*,"pSEO ville (local, noindex volontaire)",,NOINDEX,haute,page de masse volontairement sortie de l'index ; Google doit la retirer progressivement
https://courtiark.fr/fr/logiciel-courtier-mutuelle-martigues,fichier statique du depot,200,Logiciel pour courtier mutuelle santé à Martigues — COURTIA · courtiark.fr,https://courtiark.fr/fr/logiciel-courtier-mutuelle-martigues,"noindex, follow",non,oui,"indexee historiquement, noindex depuis",/fr/*,"pSEO ville (local, noindex volontaire)",,NOINDEX,haute,page de masse volontairement sortie de l'index ; Google doit la retirer progressivement
https://courtiark.fr/fr/logiciel-courtier-mutuelle-massy,fichier statique du depot,200,Logiciel pour courtier mutuelle santé à Massy — COURTIA · courtiark.fr,https://courtiark.fr/fr/logiciel-courtier-mutuelle-massy,"noindex, follow",non,oui,"indexee historiquement, noindex depuis",/fr/*,"pSEO ville (local, noindex volontaire)",,NOINDEX,haute,page de masse volontairement sortie de l'index ; Google doit la retirer progressivement
https://courtiark.fr/fr/logiciel-courtier-mutuelle-meaux,fichier statique du depot,200,Logiciel pour courtier mutuelle santé à Meaux — COURTIA · courtiark.fr,https://courtiark.fr/fr/logiciel-courtier-mutuelle-meaux,"noindex, follow",non,oui,"indexee historiquement, noindex depuis",/fr/*,"pSEO ville (local, noindex volontaire)",,NOINDEX,haute,page de masse volontairement sortie de l'index ; Google doit la retirer progressivement
https://courtiark.fr/fr/logiciel-courtier-mutuelle-melun,fichier statique du depot,200,Logiciel pour courtier mutuelle santé à Melun — COURTIA · courtiark.fr,https://courtiark.fr/fr/logiciel-courtier-mutuelle-melun,"noindex, follow",non,oui,"indexee historiquement, noindex depuis",/fr/*,"pSEO ville (local, noindex volontaire)",,NOINDEX,haute,page de masse volontairement sortie de l'index ; Google doit la retirer progressivement
https://courtiark.fr/fr/logiciel-courtier-mutuelle-menton,fichier statique du depot,200,Logiciel pour courtier mutuelle santé à Menton — COURTIA · courtiark.fr,https://courtiark.fr/fr/logiciel-courtier-mutuelle-menton,"noindex, follow",non,oui,"indexee historiquement, noindex depuis",/fr/*,"pSEO ville (local, noindex volontaire)",,NOINDEX,haute,page de masse volontairement sortie de l'index ; Google doit la retirer progressivement
https://courtiark.fr/fr/logiciel-courtier-mutuelle-merignac,fichier statique du depot,200,Logiciel pour courtier mutuelle santé à Mérignac — COURTIA · courtiark.fr,https://courtiark.fr/fr/logiciel-courtier-mutuelle-merignac,"noindex, follow",non,oui,"indexee historiquement, noindex depuis",/fr/*,"pSEO ville (local, noindex volontaire)",,NOINDEX,haute,page de masse volontairement sortie de l'index ; Google doit la retirer progressivement
https://courtiark.fr/fr/logiciel-courtier-mutuelle-metz,fichier statique du depot,200,Logiciel pour courtier mutuelle santé à Metz — COURTIA · courtiark.fr,https://courtiark.fr/fr/logiciel-courtier-mutuelle-metz,"noindex, follow",non,oui,"indexee historiquement, noindex depuis",/fr/*,"pSEO ville (local, noindex volontaire)",,NOINDEX,haute,page de masse volontairement sortie de l'index ; Google doit la retirer progressivement
https://courtiark.fr/fr/logiciel-courtier-mutuelle-mont-de-marsan,fichier statique du depot,200,Logiciel pour courtier mutuelle santé à Mont-de-Marsan — COURTIA · courtiark.fr,https://courtiark.fr/fr/logiciel-courtier-mutuelle-mont-de-marsan,"noindex, follow",non,oui,"indexee historiquement, noindex depuis",/fr/*,"pSEO ville (local, noindex volontaire)",,NOINDEX,haute,page de masse volontairement sortie de l'index ; Google doit la retirer progressivement
https://courtiark.fr/fr/logiciel-courtier-mutuelle-montauban,fichier statique du depot,200,Logiciel pour courtier mutuelle santé à Montauban — COURTIA · courtiark.fr,https://courtiark.fr/fr/logiciel-courtier-mutuelle-montauban,"noindex, follow",non,oui,"indexee historiquement, noindex depuis",/fr/*,"pSEO ville (local, noindex volontaire)",,NOINDEX,haute,page de masse volontairement sortie de l'index ; Google doit la retirer progressivement
https://courtiark.fr/fr/logiciel-courtier-mutuelle-montbeliard,fichier statique du depot,200,Logiciel pour courtier mutuelle santé à Montbéliard — COURTIA · courtiark.fr,https://courtiark.fr/fr/logiciel-courtier-mutuelle-montbeliard,"noindex, follow",non,oui,"indexee historiquement, noindex depuis",/fr/*,"pSEO ville (local, noindex volontaire)",,NOINDEX,haute,page de masse volontairement sortie de l'index ; Google doit la retirer progressivement
https://courtiark.fr/fr/logiciel-courtier-mutuelle-montlucon,fichier statique du depot,200,Logiciel pour courtier mutuelle santé à Montluçon — COURTIA · courtiark.fr,https://courtiark.fr/fr/logiciel-courtier-mutuelle-montlucon,"noindex, follow",non,oui,"indexee historiquement, noindex depuis",/fr/*,"pSEO ville (local, noindex volontaire)",,NOINDEX,haute,page de masse volontairement sortie de l'index ; Google doit la retirer progressivement
https://courtiark.fr/fr/logiciel-courtier-mutuelle-montpellier,fichier statique du depot,200,Logiciel pour courtier mutuelle santé à Montpellier — COURTIA · courtiark.fr,https://courtiark.fr/fr/logiciel-courtier-mutuelle-montpellier,"noindex, follow",non,oui,"indexee historiquement, noindex depuis",/fr/*,"pSEO ville (local, noindex volontaire)",,NOINDEX,haute,page de masse volontairement sortie de l'index ; Google doit la retirer progressivement
https://courtiark.fr/fr/logiciel-courtier-mutuelle-morlaix,fichier statique du depot,200,Logiciel pour courtier mutuelle santé à Morlaix — COURTIA · courtiark.fr,https://courtiark.fr/fr/logiciel-courtier-mutuelle-morlaix,"noindex, follow",non,oui,"indexee historiquement, noindex depuis",/fr/*,"pSEO ville (local, noindex volontaire)",,NOINDEX,haute,page de masse volontairement sortie de l'index ; Google doit la retirer progressivement
https://courtiark.fr/fr/logiciel-courtier-mutuelle-moulins,fichier statique du depot,200,Logiciel pour courtier mutuelle santé à Moulins — COURTIA · courtiark.fr,https://courtiark.fr/fr/logiciel-courtier-mutuelle-moulins,"noindex, follow",non,oui,"indexee historiquement, noindex depuis",/fr/*,"pSEO ville (local, noindex volontaire)",,NOINDEX,haute,page de masse volontairement sortie de l'index ; Google doit la retirer progressivement
https://courtiark.fr/fr/logiciel-courtier-mutuelle-mulhouse,fichier statique du depot,200,Logiciel pour courtier mutuelle santé à Mulhouse — COURTIA · courtiark.fr,https://courtiark.fr/fr/logiciel-courtier-mutuelle-mulhouse,"noindex, follow",non,oui,"indexee historiquement, noindex depuis",/fr/*,"pSEO ville (local, noindex volontaire)",,NOINDEX,haute,page de masse volontairement sortie de l'index ; Google doit la retirer progressivement
https://courtiark.fr/fr/logiciel-courtier-mutuelle-nancy,fichier statique du depot,200,Logiciel pour courtier mutuelle santé à Nancy — COURTIA · courtiark.fr,https://courtiark.fr/fr/logiciel-courtier-mutuelle-nancy,"noindex, follow",non,oui,"indexee historiquement, noindex depuis",/fr/*,"pSEO ville (local, noindex volontaire)",,NOINDEX,haute,page de masse volontairement sortie de l'index ; Google doit la retirer progressivement
https://courtiark.fr/fr/logiciel-courtier-mutuelle-nanterre,fichier statique du depot,200,Logiciel pour courtier mutuelle santé à Nanterre — COURTIA · courtiark.fr,https://courtiark.fr/fr/logiciel-courtier-mutuelle-nanterre,"noindex, follow",non,oui,"indexee historiquement, noindex depuis",/fr/*,"pSEO ville (local, noindex volontaire)",,NOINDEX,haute,page de masse volontairement sortie de l'index ; Google doit la retirer progressivement
https://courtiark.fr/fr/logiciel-courtier-mutuelle-nantes,fichier statique du depot,200,Logiciel pour courtier mutuelle santé à Nantes — COURTIA · courtiark.fr,https://courtiark.fr/fr/logiciel-courtier-mutuelle-nantes,"noindex, follow",non,oui,"indexee historiquement, noindex depuis",/fr/*,"pSEO ville (local, noindex volontaire)",,NOINDEX,haute,page de masse volontairement sortie de l'index ; Google doit la retirer progressivement
https://courtiark.fr/fr/logiciel-courtier-mutuelle-narbonne,fichier statique du depot,200,Logiciel pour courtier mutuelle santé à Narbonne — COURTIA · courtiark.fr,https://courtiark.fr/fr/logiciel-courtier-mutuelle-narbonne,"noindex, follow",non,oui,"indexee historiquement, noindex depuis",/fr/*,"pSEO ville (local, noindex volontaire)",,NOINDEX,haute,page de masse volontairement sortie de l'index ; Google doit la retirer progressivement
https://courtiark.fr/fr/logiciel-courtier-mutuelle-nevers,fichier statique du depot,200,Logiciel pour courtier mutuelle santé à Nevers — COURTIA · courtiark.fr,https://courtiark.fr/fr/logiciel-courtier-mutuelle-nevers,"noindex, follow",non,oui,"indexee historiquement, noindex depuis",/fr/*,"pSEO ville (local, noindex volontaire)",,NOINDEX,haute,page de masse volontairement sortie de l'index ; Google doit la retirer progressivement
https://courtiark.fr/fr/logiciel-courtier-mutuelle-nice,fichier statique du depot,200,Logiciel pour courtier mutuelle santé à Nice — COURTIA · courtiark.fr,https://courtiark.fr/fr/logiciel-courtier-mutuelle-nice,"noindex, follow",non,oui,"indexee historiquement, noindex depuis",/fr/*,"pSEO ville (local, noindex volontaire)",,NOINDEX,haute,page de masse volontairement sortie de l'index ; Google doit la retirer progressivement
https://courtiark.fr/fr/logiciel-courtier-mutuelle-nimes,fichier statique du depot,200,Logiciel pour courtier mutuelle santé à Nîmes — COURTIA · courtiark.fr,https://courtiark.fr/fr/logiciel-courtier-mutuelle-nimes,"noindex, follow",non,oui,"indexee historiquement, noindex depuis",/fr/*,"pSEO ville (local, noindex volontaire)",,NOINDEX,haute,page de masse volontairement sortie de l'index ; Google doit la retirer progressivement
https://courtiark.fr/fr/logiciel-courtier-mutuelle-niort,fichier statique du depot,200,Logiciel pour courtier mutuelle santé à Niort — COURTIA · courtiark.fr,https://courtiark.fr/fr/logiciel-courtier-mutuelle-niort,"noindex, follow",non,oui,"indexee historiquement, noindex depuis",/fr/*,"pSEO ville (local, noindex volontaire)",,NOINDEX,haute,page de masse volontairement sortie de l'index ; Google doit la retirer progressivement
https://courtiark.fr/fr/logiciel-courtier-mutuelle-noisy-le-grand,fichier statique du depot,200,Logiciel pour courtier mutuelle santé à Noisy-le-Grand — COURTIA · courtiark.fr,https://courtiark.fr/fr/logiciel-courtier-mutuelle-noisy-le-grand,"noindex, follow",non,oui,"indexee historiquement, noindex depuis",/fr/*,"pSEO ville (local, noindex volontaire)",,NOINDEX,haute,page de masse volontairement sortie de l'index ; Google doit la retirer progressivement
https://courtiark.fr/fr/logiciel-courtier-mutuelle-orleans,fichier statique du depot,200,Logiciel pour courtier mutuelle santé à Orléans — COURTIA · courtiark.fr,https://courtiark.fr/fr/logiciel-courtier-mutuelle-orleans,"noindex, follow",non,oui,"indexee historiquement, noindex depuis",/fr/*,"pSEO ville (local, noindex volontaire)",,NOINDEX,haute,page de masse volontairement sortie de l'index ; Google doit la retirer progressivement
https://courtiark.fr/fr/logiciel-courtier-mutuelle-pantin,fichier statique du depot,200,Logiciel pour courtier mutuelle santé à Pantin — COURTIA · courtiark.fr,https://courtiark.fr/fr/logiciel-courtier-mutuelle-pantin,"noindex, follow",non,oui,"indexee historiquement, noindex depuis",/fr/*,"pSEO ville (local, noindex volontaire)",,NOINDEX,haute,page de masse volontairement sortie de l'index ; Google doit la retirer progressivement
https://courtiark.fr/fr/logiciel-courtier-mutuelle-paris,fichier statique du depot,200,Logiciel pour courtier mutuelle santé à Paris — COURTIA · courtiark.fr,https://courtiark.fr/fr/logiciel-courtier-mutuelle-paris,"noindex, follow",non,oui,"indexee historiquement, noindex depuis",/fr/*,"pSEO ville (local, noindex volontaire)",,NOINDEX,haute,page de masse volontairement sortie de l'index ; Google doit la retirer progressivement
https://courtiark.fr/fr/logiciel-courtier-mutuelle-pau,fichier statique du depot,200,Logiciel pour courtier mutuelle santé à Pau — COURTIA · courtiark.fr,https://courtiark.fr/fr/logiciel-courtier-mutuelle-pau,"noindex, follow",non,oui,"indexee historiquement, noindex depuis",/fr/*,page heritee non indexable,,NOINDEX,haute,conservee accessible mais hors index : decision editoriale
https://courtiark.fr/fr/logiciel-courtier-mutuelle-perigueux,fichier statique du depot,200,Logiciel pour courtier mutuelle santé à Périgueux — COURTIA · courtiark.fr,https://courtiark.fr/fr/logiciel-courtier-mutuelle-perigueux,"noindex, follow",non,oui,"indexee historiquement, noindex depuis",/fr/*,"pSEO ville (local, noindex volontaire)",,NOINDEX,haute,page de masse volontairement sortie de l'index ; Google doit la retirer progressivement
https://courtiark.fr/fr/logiciel-courtier-mutuelle-perpignan,fichier statique du depot,200,Logiciel pour courtier mutuelle santé à Perpignan — COURTIA · courtiark.fr,https://courtiark.fr/fr/logiciel-courtier-mutuelle-perpignan,"noindex, follow",non,oui,"indexee historiquement, noindex depuis",/fr/*,"pSEO ville (local, noindex volontaire)",,NOINDEX,haute,page de masse volontairement sortie de l'index ; Google doit la retirer progressivement
https://courtiark.fr/fr/logiciel-courtier-mutuelle-pessac,fichier statique du depot,200,Logiciel pour courtier mutuelle santé à Pessac — COURTIA · courtiark.fr,https://courtiark.fr/fr/logiciel-courtier-mutuelle-pessac,"noindex, follow",non,oui,"indexee historiquement, noindex depuis",/fr/*,"pSEO ville (local, noindex volontaire)",,NOINDEX,haute,page de masse volontairement sortie de l'index ; Google doit la retirer progressivement
https://courtiark.fr/fr/logiciel-courtier-mutuelle-poissy,fichier statique du depot,200,Logiciel pour courtier mutuelle santé à Poissy — COURTIA · courtiark.fr,https://courtiark.fr/fr/logiciel-courtier-mutuelle-poissy,"noindex, follow",non,oui,"indexee historiquement, noindex depuis",/fr/*,"pSEO ville (local, noindex volontaire)",,NOINDEX,haute,page de masse volontairement sortie de l'index ; Google doit la retirer progressivement
https://courtiark.fr/fr/logiciel-courtier-mutuelle-poitiers,fichier statique du depot,200,Logiciel pour courtier mutuelle santé à Poitiers — COURTIA · courtiark.fr,https://courtiark.fr/fr/logiciel-courtier-mutuelle-poitiers,"noindex, follow",non,oui,"indexee historiquement, noindex depuis",/fr/*,"pSEO ville (local, noindex volontaire)",,NOINDEX,haute,page de masse volontairement sortie de l'index ; Google doit la retirer progressivement
https://courtiark.fr/fr/logiciel-courtier-mutuelle-pontault-combault,fichier statique du depot,200,Logiciel pour courtier mutuelle santé à Pontault-Combault — COURTIA · courtiark.fr,https://courtiark.fr/fr/logiciel-courtier-mutuelle-pontault-combault,"noindex, follow",non,oui,"indexee historiquement, noindex depuis",/fr/*,"pSEO ville (local, noindex volontaire)",,NOINDEX,haute,page de masse volontairement sortie de l'index ; Google doit la retirer progressivement
https://courtiark.fr/fr/logiciel-courtier-mutuelle-quimper,fichier statique du depot,200,Logiciel pour courtier mutuelle santé à Quimper — COURTIA · courtiark.fr,https://courtiark.fr/fr/logiciel-courtier-mutuelle-quimper,"noindex, follow",non,oui,"indexee historiquement, noindex depuis",/fr/*,"pSEO ville (local, noindex volontaire)",,NOINDEX,haute,page de masse volontairement sortie de l'index ; Google doit la retirer progressivement
https://courtiark.fr/fr/logiciel-courtier-mutuelle-reims,fichier statique du depot,200,Logiciel pour courtier mutuelle santé à Reims — COURTIA · courtiark.fr,https://courtiark.fr/fr/logiciel-courtier-mutuelle-reims,"noindex, follow",non,oui,"indexee historiquement, noindex depuis",/fr/*,"pSEO ville (local, noindex volontaire)",,NOINDEX,haute,page de masse volontairement sortie de l'index ; Google doit la retirer progressivement
https://courtiark.fr/fr/logiciel-courtier-mutuelle-rennes,fichier statique du depot,200,Logiciel pour courtier mutuelle santé à Rennes — COURTIA · courtiark.fr,https://courtiark.fr/fr/logiciel-courtier-mutuelle-rennes,"noindex, follow",non,oui,"indexee historiquement, noindex depuis",/fr/*,"pSEO ville (local, noindex volontaire)",,NOINDEX,haute,page de masse volontairement sortie de l'index ; Google doit la retirer progressivement
https://courtiark.fr/fr/logiciel-courtier-mutuelle-roanne,fichier statique du depot,200,Logiciel pour courtier mutuelle santé à Roanne — COURTIA · courtiark.fr,https://courtiark.fr/fr/logiciel-courtier-mutuelle-roanne,"noindex, follow",non,oui,"indexee historiquement, noindex depuis",/fr/*,"pSEO ville (local, noindex volontaire)",,NOINDEX,haute,page de masse volontairement sortie de l'index ; Google doit la retirer progressivement
https://courtiark.fr/fr/logiciel-courtier-mutuelle-rochefort,fichier statique du depot,200,Logiciel pour courtier mutuelle santé à Rochefort — COURTIA · courtiark.fr,https://courtiark.fr/fr/logiciel-courtier-mutuelle-rochefort,"noindex, follow",non,oui,"indexee historiquement, noindex depuis",/fr/*,"pSEO ville (local, noindex volontaire)",,NOINDEX,haute,page de masse volontairement sortie de l'index ; Google doit la retirer progressivement
https://courtiark.fr/fr/logiciel-courtier-mutuelle-rodez,fichier statique du depot,200,Logiciel pour courtier mutuelle santé à Rodez — COURTIA · courtiark.fr,https://courtiark.fr/fr/logiciel-courtier-mutuelle-rodez,"noindex, follow",non,oui,"indexee historiquement, noindex depuis",/fr/*,"pSEO ville (local, noindex volontaire)",,NOINDEX,haute,page de masse volontairement sortie de l'index ; Google doit la retirer progressivement
https://courtiark.fr/fr/logiciel-courtier-mutuelle-romans-sur-isere,fichier statique du depot,200,Logiciel pour courtier mutuelle santé à Romans-sur-Isère — COURTIA · courtiark.fr,https://courtiark.fr/fr/logiciel-courtier-mutuelle-romans-sur-isere,"noindex, follow",non,oui,"indexee historiquement, noindex depuis",/fr/*,"pSEO ville (local, noindex volontaire)",,NOINDEX,haute,page de masse volontairement sortie de l'index ; Google doit la retirer progressivement
https://courtiark.fr/fr/logiciel-courtier-mutuelle-rosny-sous-bois,fichier statique du depot,200,Logiciel pour courtier mutuelle santé à Rosny-sous-Bois — COURTIA · courtiark.fr,https://courtiark.fr/fr/logiciel-courtier-mutuelle-rosny-sous-bois,"noindex, follow",non,oui,"indexee historiquement, noindex depuis",/fr/*,"pSEO ville (local, noindex volontaire)",,NOINDEX,haute,page de masse volontairement sortie de l'index ; Google doit la retirer progressivement
https://courtiark.fr/fr/logiciel-courtier-mutuelle-roubaix,fichier statique du depot,200,Logiciel pour courtier mutuelle santé à Roubaix — COURTIA · courtiark.fr,https://courtiark.fr/fr/logiciel-courtier-mutuelle-roubaix,"noindex, follow",non,oui,"indexee historiquement, noindex depuis",/fr/*,"pSEO ville (local, noindex volontaire)",,NOINDEX,haute,page de masse volontairement sortie de l'index ; Google doit la retirer progressivement
https://courtiark.fr/fr/logiciel-courtier-mutuelle-rouen,fichier statique du depot,200,Logiciel pour courtier mutuelle santé à Rouen — COURTIA · courtiark.fr,https://courtiark.fr/fr/logiciel-courtier-mutuelle-rouen,"noindex, follow",non,oui,"indexee historiquement, noindex depuis",/fr/*,"pSEO ville (local, noindex volontaire)",,NOINDEX,haute,page de masse volontairement sortie de l'index ; Google doit la retirer progressivement
https://courtiark.fr/fr/logiciel-courtier-mutuelle-saint-brieuc,fichier statique du depot,200,Logiciel pour courtier mutuelle santé à Saint-Brieuc — COURTIA · courtiark.fr,https://courtiark.fr/fr/logiciel-courtier-mutuelle-saint-brieuc,"noindex, follow",non,oui,"indexee historiquement, noindex depuis",/fr/*,"pSEO ville (local, noindex volontaire)",,NOINDEX,haute,page de masse volontairement sortie de l'index ; Google doit la retirer progressivement
https://courtiark.fr/fr/logiciel-courtier-mutuelle-saint-chamond,fichier statique du depot,200,Logiciel pour courtier mutuelle santé à Saint-Chamond — COURTIA · courtiark.fr,https://courtiark.fr/fr/logiciel-courtier-mutuelle-saint-chamond,"noindex, follow",non,oui,"indexee historiquement, noindex depuis",/fr/*,"pSEO ville (local, noindex volontaire)",,NOINDEX,haute,page de masse volontairement sortie de l'index ; Google doit la retirer progressivement
https://courtiark.fr/fr/logiciel-courtier-mutuelle-saint-etienne,fichier statique du depot,200,Logiciel pour courtier mutuelle santé à Saint-Étienne — COURTIA · courtiark.fr,https://courtiark.fr/fr/logiciel-courtier-mutuelle-saint-etienne,"noindex, follow",non,oui,"indexee historiquement, noindex depuis",/fr/*,"pSEO ville (local, noindex volontaire)",,NOINDEX,haute,page de masse volontairement sortie de l'index ; Google doit la retirer progressivement
https://courtiark.fr/fr/logiciel-courtier-mutuelle-saint-germain-en-laye,fichier statique du depot,200,Logiciel pour courtier mutuelle santé à Saint-Germain-en-Laye — COURTIA · courtiark.fr,https://courtiark.fr/fr/logiciel-courtier-mutuelle-saint-germain-en-laye,"noindex, follow",non,oui,"indexee historiquement, noindex depuis",/fr/*,"pSEO ville (local, noindex volontaire)",,NOINDEX,haute,page de masse volontairement sortie de l'index ; Google doit la retirer progressivement
https://courtiark.fr/fr/logiciel-courtier-mutuelle-saint-lo,fichier statique du depot,200,Logiciel pour courtier mutuelle santé à Saint-Lô — COURTIA · courtiark.fr,https://courtiark.fr/fr/logiciel-courtier-mutuelle-saint-lo,"noindex, follow",non,oui,"indexee historiquement, noindex depuis",/fr/*,page heritee non indexable,,NOINDEX,haute,conservee accessible mais hors index : decision editoriale
https://courtiark.fr/fr/logiciel-courtier-mutuelle-saint-malo,fichier statique du depot,200,Logiciel pour courtier mutuelle santé à Saint-Malo — COURTIA · courtiark.fr,https://courtiark.fr/fr/logiciel-courtier-mutuelle-saint-malo,"noindex, follow",non,oui,"indexee historiquement, noindex depuis",/fr/*,"pSEO ville (local, noindex volontaire)",,NOINDEX,haute,page de masse volontairement sortie de l'index ; Google doit la retirer progressivement
https://courtiark.fr/fr/logiciel-courtier-mutuelle-saint-nazaire,fichier statique du depot,200,Logiciel pour courtier mutuelle santé à Saint-Nazaire — COURTIA · courtiark.fr,https://courtiark.fr/fr/logiciel-courtier-mutuelle-saint-nazaire,"noindex, follow",non,oui,"indexee historiquement, noindex depuis",/fr/*,"pSEO ville (local, noindex volontaire)",,NOINDEX,haute,page de masse volontairement sortie de l'index ; Google doit la retirer progressivement
https://courtiark.fr/fr/logiciel-courtier-mutuelle-saintes,fichier statique du depot,200,Logiciel pour courtier mutuelle santé à Saintes — COURTIA · courtiark.fr,https://courtiark.fr/fr/logiciel-courtier-mutuelle-saintes,"noindex, follow",non,oui,"indexee historiquement, noindex depuis",/fr/*,"pSEO ville (local, noindex volontaire)",,NOINDEX,haute,page de masse volontairement sortie de l'index ; Google doit la retirer progressivement
https://courtiark.fr/fr/logiciel-courtier-mutuelle-salon-de-provence,fichier statique du depot,200,Logiciel pour courtier mutuelle santé à Salon-de-Provence — COURTIA · courtiark.fr,https://courtiark.fr/fr/logiciel-courtier-mutuelle-salon-de-provence,"noindex, follow",non,oui,"indexee historiquement, noindex depuis",/fr/*,"pSEO ville (local, noindex volontaire)",,NOINDEX,haute,page de masse volontairement sortie de l'index ; Google doit la retirer progressivement
https://courtiark.fr/fr/logiciel-courtier-mutuelle-sarcelles,fichier statique du depot,200,Logiciel pour courtier mutuelle santé à Sarcelles — COURTIA · courtiark.fr,https://courtiark.fr/fr/logiciel-courtier-mutuelle-sarcelles,"noindex, follow",non,oui,"indexee historiquement, noindex depuis",/fr/*,"pSEO ville (local, noindex volontaire)",,NOINDEX,haute,page de masse volontairement sortie de l'index ; Google doit la retirer progressivement
https://courtiark.fr/fr/logiciel-courtier-mutuelle-selestat,fichier statique du depot,200,Logiciel pour courtier mutuelle santé à Sélestat — COURTIA · courtiark.fr,https://courtiark.fr/fr/logiciel-courtier-mutuelle-selestat,"noindex, follow",non,oui,"indexee historiquement, noindex depuis",/fr/*,"pSEO ville (local, noindex volontaire)",,NOINDEX,haute,page de masse volontairement sortie de l'index ; Google doit la retirer progressivement
https://courtiark.fr/fr/logiciel-courtier-mutuelle-senart,fichier statique du depot,200,Logiciel pour courtier mutuelle santé à Sénart — COURTIA · courtiark.fr,https://courtiark.fr/fr/logiciel-courtier-mutuelle-senart,"noindex, follow",non,oui,"indexee historiquement, noindex depuis",/fr/*,"pSEO ville (local, noindex volontaire)",,NOINDEX,haute,page de masse volontairement sortie de l'index ; Google doit la retirer progressivement
https://courtiark.fr/fr/logiciel-courtier-mutuelle-sete,fichier statique du depot,200,Logiciel pour courtier mutuelle santé à Sète — COURTIA · courtiark.fr,https://courtiark.fr/fr/logiciel-courtier-mutuelle-sete,"noindex, follow",non,oui,"indexee historiquement, noindex depuis",/fr/*,"pSEO ville (local, noindex volontaire)",,NOINDEX,haute,page de masse volontairement sortie de l'index ; Google doit la retirer progressivement
https://courtiark.fr/fr/logiciel-courtier-mutuelle-soissons,fichier statique du depot,200,Logiciel pour courtier mutuelle santé à Soissons — COURTIA · courtiark.fr,https://courtiark.fr/fr/logiciel-courtier-mutuelle-soissons,"noindex, follow",non,oui,"indexee historiquement, noindex depuis",/fr/*,"pSEO ville (local, noindex volontaire)",,NOINDEX,haute,page de masse volontairement sortie de l'index ; Google doit la retirer progressivement
https://courtiark.fr/fr/logiciel-courtier-mutuelle-strasbourg,fichier statique du depot,200,Logiciel pour courtier mutuelle santé à Strasbourg — COURTIA · courtiark.fr,https://courtiark.fr/fr/logiciel-courtier-mutuelle-strasbourg,"noindex, follow",non,oui,"indexee historiquement, noindex depuis",/fr/*,"pSEO ville (local, noindex volontaire)",,NOINDEX,haute,page de masse volontairement sortie de l'index ; Google doit la retirer progressivement
https://courtiark.fr/fr/logiciel-courtier-mutuelle-tarbes,fichier statique du depot,200,Logiciel pour courtier mutuelle santé à Tarbes — COURTIA · courtiark.fr,https://courtiark.fr/fr/logiciel-courtier-mutuelle-tarbes,"noindex, follow",non,oui,"indexee historiquement, noindex depuis",/fr/*,"pSEO ville (local, noindex volontaire)",,NOINDEX,haute,page de masse volontairement sortie de l'index ; Google doit la retirer progressivement
https://courtiark.fr/fr/logiciel-courtier-mutuelle-thionville,fichier statique du depot,200,Logiciel pour courtier mutuelle santé à Thionville — COURTIA · courtiark.fr,https://courtiark.fr/fr/logiciel-courtier-mutuelle-thionville,"noindex, follow",non,oui,"indexee historiquement, noindex depuis",/fr/*,"pSEO ville (local, noindex volontaire)",,NOINDEX,haute,page de masse volontairement sortie de l'index ; Google doit la retirer progressivement
https://courtiark.fr/fr/logiciel-courtier-mutuelle-toulon,fichier statique du depot,200,Logiciel pour courtier mutuelle santé à Toulon — COURTIA · courtiark.fr,https://courtiark.fr/fr/logiciel-courtier-mutuelle-toulon,"noindex, follow",non,oui,"indexee historiquement, noindex depuis",/fr/*,"pSEO ville (local, noindex volontaire)",,NOINDEX,haute,page de masse volontairement sortie de l'index ; Google doit la retirer progressivement
https://courtiark.fr/fr/logiciel-courtier-mutuelle-toulouse,fichier statique du depot,200,Logiciel pour courtier mutuelle santé à Toulouse — COURTIA · courtiark.fr,https://courtiark.fr/fr/logiciel-courtier-mutuelle-toulouse,"noindex, follow",non,oui,"indexee historiquement, noindex depuis",/fr/*,"pSEO ville (local, noindex volontaire)",,NOINDEX,haute,page de masse volontairement sortie de l'index ; Google doit la retirer progressivement
https://courtiark.fr/fr/logiciel-courtier-mutuelle-tourcoing,fichier statique du depot,200,Logiciel pour courtier mutuelle santé à Tourcoing — COURTIA · courtiark.fr,https://courtiark.fr/fr/logiciel-courtier-mutuelle-tourcoing,"noindex, follow",non,oui,"indexee historiquement, noindex depuis",/fr/*,"pSEO ville (local, noindex volontaire)",,NOINDEX,haute,page de masse volontairement sortie de l'index ; Google doit la retirer progressivement
https://courtiark.fr/fr/logiciel-courtier-mutuelle-tours,fichier statique du depot,200,Logiciel pour courtier mutuelle santé à Tours — COURTIA · courtiark.fr,https://courtiark.fr/fr/logiciel-courtier-mutuelle-tours,"noindex, follow",non,oui,"indexee historiquement, noindex depuis",/fr/*,"pSEO ville (local, noindex volontaire)",,NOINDEX,haute,page de masse volontairement sortie de l'index ; Google doit la retirer progressivement
https://courtiark.fr/fr/logiciel-courtier-mutuelle-troyes,fichier statique du depot,200,Logiciel pour courtier mutuelle santé à Troyes — COURTIA · courtiark.fr,https://courtiark.fr/fr/logiciel-courtier-mutuelle-troyes,"noindex, follow",non,oui,"indexee historiquement, noindex depuis",/fr/*,"pSEO ville (local, noindex volontaire)",,NOINDEX,haute,page de masse volontairement sortie de l'index ; Google doit la retirer progressivement
https://courtiark.fr/fr/logiciel-courtier-mutuelle-valence,fichier statique du depot,200,Logiciel pour courtier mutuelle santé à Valence — COURTIA · courtiark.fr,https://courtiark.fr/fr/logiciel-courtier-mutuelle-valence,"noindex, follow",non,oui,"indexee historiquement, noindex depuis",/fr/*,"pSEO ville (local, noindex volontaire)",,NOINDEX,haute,page de masse volontairement sortie de l'index ; Google doit la retirer progressivement
https://courtiark.fr/fr/logiciel-courtier-mutuelle-valenciennes,fichier statique du depot,200,Logiciel pour courtier mutuelle santé à Valenciennes — COURTIA · courtiark.fr,https://courtiark.fr/fr/logiciel-courtier-mutuelle-valenciennes,"noindex, follow",non,oui,"indexee historiquement, noindex depuis",/fr/*,"pSEO ville (local, noindex volontaire)",,NOINDEX,haute,page de masse volontairement sortie de l'index ; Google doit la retirer progressivement
https://courtiark.fr/fr/logiciel-courtier-mutuelle-vannes,fichier statique du depot,200,Logiciel pour courtier mutuelle santé à Vannes — COURTIA · courtiark.fr,https://courtiark.fr/fr/logiciel-courtier-mutuelle-vannes,"noindex, follow",non,oui,"indexee historiquement, noindex depuis",/fr/*,"pSEO ville (local, noindex volontaire)",,NOINDEX,haute,page de masse volontairement sortie de l'index ; Google doit la retirer progressivement
https://courtiark.fr/fr/logiciel-courtier-mutuelle-venissieux,fichier statique du depot,200,Logiciel pour courtier mutuelle santé à Vénissieux — COURTIA · courtiark.fr,https://courtiark.fr/fr/logiciel-courtier-mutuelle-venissieux,"noindex, follow",non,oui,"indexee historiquement, noindex depuis",/fr/*,"pSEO ville (local, noindex volontaire)",,NOINDEX,haute,page de masse volontairement sortie de l'index ; Google doit la retirer progressivement
https://courtiark.fr/fr/logiciel-courtier-mutuelle-versailles,fichier statique du depot,200,Logiciel pour courtier mutuelle santé à Versailles — COURTIA · courtiark.fr,https://courtiark.fr/fr/logiciel-courtier-mutuelle-versailles,"noindex, follow",non,oui,"indexee historiquement, noindex depuis",/fr/*,"pSEO ville (local, noindex volontaire)",,NOINDEX,haute,page de masse volontairement sortie de l'index ; Google doit la retirer progressivement
https://courtiark.fr/fr/logiciel-courtier-mutuelle-vichy,fichier statique du depot,200,Logiciel pour courtier mutuelle santé à Vichy — COURTIA · courtiark.fr,https://courtiark.fr/fr/logiciel-courtier-mutuelle-vichy,"noindex, follow",non,oui,"indexee historiquement, noindex depuis",/fr/*,"pSEO ville (local, noindex volontaire)",,NOINDEX,haute,page de masse volontairement sortie de l'index ; Google doit la retirer progressivement
https://courtiark.fr/fr/logiciel-courtier-mutuelle-vierzon,fichier statique du depot,200,Logiciel pour courtier mutuelle santé à Vierzon — COURTIA · courtiark.fr,https://courtiark.fr/fr/logiciel-courtier-mutuelle-vierzon,"noindex, follow",non,oui,"indexee historiquement, noindex depuis",/fr/*,"pSEO ville (local, noindex volontaire)",,NOINDEX,haute,page de masse volontairement sortie de l'index ; Google doit la retirer progressivement
https://courtiark.fr/fr/logiciel-courtier-mutuelle-villeurbanne,fichier statique du depot,200,Logiciel pour courtier mutuelle santé à Villeurbanne — COURTIA · courtiark.fr,https://courtiark.fr/fr/logiciel-courtier-mutuelle-villeurbanne,"noindex, follow",non,oui,"indexee historiquement, noindex depuis",/fr/*,"pSEO ville (local, noindex volontaire)",,NOINDEX,haute,page de masse volontairement sortie de l'index ; Google doit la retirer progressivement
https://courtiark.fr/fr/logiciel-courtier-mutuelle-vincennes,fichier statique du depot,200,Logiciel pour courtier mutuelle santé à Vincennes — COURTIA · courtiark.fr,https://courtiark.fr/fr/logiciel-courtier-mutuelle-vincennes,"noindex, follow",non,oui,"indexee historiquement, noindex depuis",/fr/*,"pSEO ville (local, noindex volontaire)",,NOINDEX,haute,page de masse volontairement sortie de l'index ; Google doit la retirer progressivement
https://courtiark.fr/fr/logiciel-courtier-prevoyance,fichier statique du depot,200,Logiciel pour courtier prévoyance — COURTIA · courtiark.fr,https://courtiark.fr/fr/logiciel-courtier-prevoyance,"index, follow, max-image-preview:large",non,oui,"indexee (historique, d'apres le rapport Search Console)",/fr/*,doublon semantique de l'ancien plan,https://courtiark.fr/crm-courtier-assurance,REDIRECT_308,moyenne,"correspondance par sujet, a confirmer si le contenu diverge"
https://courtiark.fr/fr/logiciel-courtier-prevoyance-agen,fichier statique du depot,200,Logiciel pour courtier prévoyance à Agen — COURTIA · courtiark.fr,https://courtiark.fr/fr/logiciel-courtier-prevoyance-agen,"noindex, follow",non,oui,"indexee historiquement, noindex depuis",/fr/*,"pSEO ville (local, noindex volontaire)",,NOINDEX,haute,page de masse volontairement sortie de l'index ; Google doit la retirer progressivement
https://courtiark.fr/fr/logiciel-courtier-prevoyance-aix-en-provence,fichier statique du depot,200,Logiciel pour courtier prévoyance à Aix-en-Provence — COURTIA · courtiark.fr,https://courtiark.fr/fr/logiciel-courtier-prevoyance-aix-en-provence,"noindex, follow",non,oui,"indexee historiquement, noindex depuis",/fr/*,"pSEO ville (local, noindex volontaire)",,NOINDEX,haute,page de masse volontairement sortie de l'index ; Google doit la retirer progressivement
https://courtiark.fr/fr/logiciel-courtier-prevoyance-ajaccio,fichier statique du depot,200,Logiciel pour courtier prévoyance à Ajaccio — COURTIA · courtiark.fr,https://courtiark.fr/fr/logiciel-courtier-prevoyance-ajaccio,"noindex, follow",non,oui,"indexee historiquement, noindex depuis",/fr/*,"pSEO ville (local, noindex volontaire)",,NOINDEX,haute,page de masse volontairement sortie de l'index ; Google doit la retirer progressivement
https://courtiark.fr/fr/logiciel-courtier-prevoyance-albi,fichier statique du depot,200,Logiciel pour courtier prévoyance à Albi — COURTIA · courtiark.fr,https://courtiark.fr/fr/logiciel-courtier-prevoyance-albi,"noindex, follow",non,oui,"indexee historiquement, noindex depuis",/fr/*,"pSEO ville (local, noindex volontaire)",,NOINDEX,haute,page de masse volontairement sortie de l'index ; Google doit la retirer progressivement
https://courtiark.fr/fr/logiciel-courtier-prevoyance-alencon,fichier statique du depot,200,Logiciel pour courtier prévoyance à Alençon — COURTIA · courtiark.fr,https://courtiark.fr/fr/logiciel-courtier-prevoyance-alencon,"noindex, follow",non,oui,"indexee historiquement, noindex depuis",/fr/*,"pSEO ville (local, noindex volontaire)",,NOINDEX,haute,page de masse volontairement sortie de l'index ; Google doit la retirer progressivement
https://courtiark.fr/fr/logiciel-courtier-prevoyance-amiens,fichier statique du depot,200,Logiciel pour courtier prévoyance à Amiens — COURTIA · courtiark.fr,https://courtiark.fr/fr/logiciel-courtier-prevoyance-amiens,"noindex, follow",non,oui,"indexee historiquement, noindex depuis",/fr/*,"pSEO ville (local, noindex volontaire)",,NOINDEX,haute,page de masse volontairement sortie de l'index ; Google doit la retirer progressivement
https://courtiark.fr/fr/logiciel-courtier-prevoyance-angers,fichier statique du depot,200,Logiciel pour courtier prévoyance à Angers — COURTIA · courtiark.fr,https://courtiark.fr/fr/logiciel-courtier-prevoyance-angers,"noindex, follow",non,oui,"indexee historiquement, noindex depuis",/fr/*,"pSEO ville (local, noindex volontaire)",,NOINDEX,haute,page de masse volontairement sortie de l'index ; Google doit la retirer progressivement
https://courtiark.fr/fr/logiciel-courtier-prevoyance-anglet,fichier statique du depot,200,Logiciel pour courtier prévoyance à Anglet — COURTIA · courtiark.fr,https://courtiark.fr/fr/logiciel-courtier-prevoyance-anglet,"noindex, follow",non,oui,"indexee historiquement, noindex depuis",/fr/*,"pSEO ville (local, noindex volontaire)",,NOINDEX,haute,page de masse volontairement sortie de l'index ; Google doit la retirer progressivement
https://courtiark.fr/fr/logiciel-courtier-prevoyance-angouleme,fichier statique du depot,200,Logiciel pour courtier prévoyance à Angoulême — COURTIA · courtiark.fr,https://courtiark.fr/fr/logiciel-courtier-prevoyance-angouleme,"noindex, follow",non,oui,"indexee historiquement, noindex depuis",/fr/*,"pSEO ville (local, noindex volontaire)",,NOINDEX,haute,page de masse volontairement sortie de l'index ; Google doit la retirer progressivement
https://courtiark.fr/fr/logiciel-courtier-prevoyance-annecy,fichier statique du depot,200,Logiciel pour courtier prévoyance à Annecy — COURTIA · courtiark.fr,https://courtiark.fr/fr/logiciel-courtier-prevoyance-annecy,"noindex, follow",non,oui,"indexee historiquement, noindex depuis",/fr/*,"pSEO ville (local, noindex volontaire)",,NOINDEX,haute,page de masse volontairement sortie de l'index ; Google doit la retirer progressivement
https://courtiark.fr/fr/logiciel-courtier-prevoyance-antibes,fichier statique du depot,200,Logiciel pour courtier prévoyance à Antibes — COURTIA · courtiark.fr,https://courtiark.fr/fr/logiciel-courtier-prevoyance-antibes,"noindex, follow",non,oui,"indexee historiquement, noindex depuis",/fr/*,"pSEO ville (local, noindex volontaire)",,NOINDEX,haute,page de masse volontairement sortie de l'index ; Google doit la retirer progressivement
https://courtiark.fr/fr/logiciel-courtier-prevoyance-antony,fichier statique du depot,200,Logiciel pour courtier prévoyance à Antony — COURTIA · courtiark.fr,https://courtiark.fr/fr/logiciel-courtier-prevoyance-antony,"noindex, follow",non,oui,"indexee historiquement, noindex depuis",/fr/*,"pSEO ville (local, noindex volontaire)",,NOINDEX,haute,page de masse volontairement sortie de l'index ; Google doit la retirer progressivement
https://courtiark.fr/fr/logiciel-courtier-prevoyance-arles,fichier statique du depot,200,Logiciel pour courtier prévoyance à Arles — COURTIA · courtiark.fr,https://courtiark.fr/fr/logiciel-courtier-prevoyance-arles,"noindex, follow",non,oui,"indexee historiquement, noindex depuis",/fr/*,"pSEO ville (local, noindex volontaire)",,NOINDEX,haute,page de masse volontairement sortie de l'index ; Google doit la retirer progressivement
https://courtiark.fr/fr/logiciel-courtier-prevoyance-arras,fichier statique du depot,200,Logiciel pour courtier prévoyance à Arras — COURTIA · courtiark.fr,https://courtiark.fr/fr/logiciel-courtier-prevoyance-arras,"noindex, follow",non,oui,"indexee historiquement, noindex depuis",/fr/*,"pSEO ville (local, noindex volontaire)",,NOINDEX,haute,page de masse volontairement sortie de l'index ; Google doit la retirer progressivement
https://courtiark.fr/fr/logiciel-courtier-prevoyance-aubagne,fichier statique du depot,200,Logiciel pour courtier prévoyance à Aubagne — COURTIA · courtiark.fr,https://courtiark.fr/fr/logiciel-courtier-prevoyance-aubagne,"noindex, follow",non,oui,"indexee historiquement, noindex depuis",/fr/*,"pSEO ville (local, noindex volontaire)",,NOINDEX,haute,page de masse volontairement sortie de l'index ; Google doit la retirer progressivement
https://courtiark.fr/fr/logiciel-courtier-prevoyance-aubervilliers,fichier statique du depot,200,Logiciel pour courtier prévoyance à Aubervilliers — COURTIA · courtiark.fr,https://courtiark.fr/fr/logiciel-courtier-prevoyance-aubervilliers,"noindex, follow",non,oui,"indexee historiquement, noindex depuis",/fr/*,"pSEO ville (local, noindex volontaire)",,NOINDEX,haute,page de masse volontairement sortie de l'index ; Google doit la retirer progressivement
https://courtiark.fr/fr/logiciel-courtier-prevoyance-auch,fichier statique du depot,200,Logiciel pour courtier prévoyance à Auch — COURTIA · courtiark.fr,https://courtiark.fr/fr/logiciel-courtier-prevoyance-auch,"noindex, follow",non,oui,"indexee historiquement, noindex depuis",/fr/*,"pSEO ville (local, noindex volontaire)",,NOINDEX,haute,page de masse volontairement sortie de l'index ; Google doit la retirer progressivement
https://courtiark.fr/fr/logiciel-courtier-prevoyance-aulnay-sous-bois,fichier statique du depot,200,Logiciel pour courtier prévoyance à Aulnay-sous-Bois — COURTIA · courtiark.fr,https://courtiark.fr/fr/logiciel-courtier-prevoyance-aulnay-sous-bois,"noindex, follow",non,oui,"indexee historiquement, noindex depuis",/fr/*,"pSEO ville (local, noindex volontaire)",,NOINDEX,haute,page de masse volontairement sortie de l'index ; Google doit la retirer progressivement
https://courtiark.fr/fr/logiciel-courtier-prevoyance-avignon,fichier statique du depot,200,Logiciel pour courtier prévoyance à Avignon — COURTIA · courtiark.fr,https://courtiark.fr/fr/logiciel-courtier-prevoyance-avignon,"noindex, follow",non,oui,"indexee historiquement, noindex depuis",/fr/*,"pSEO ville (local, noindex volontaire)",,NOINDEX,haute,page de masse volontairement sortie de l'index ; Google doit la retirer progressivement
https://courtiark.fr/fr/logiciel-courtier-prevoyance-bagnolet,fichier statique du depot,200,Logiciel pour courtier prévoyance à Bagnolet — COURTIA · courtiark.fr,https://courtiark.fr/fr/logiciel-courtier-prevoyance-bagnolet,"noindex, follow",non,oui,"indexee historiquement, noindex depuis",/fr/*,"pSEO ville (local, noindex volontaire)",,NOINDEX,haute,page de masse volontairement sortie de l'index ; Google doit la retirer progressivement
https://courtiark.fr/fr/logiciel-courtier-prevoyance-bastia,fichier statique du depot,200,Logiciel pour courtier prévoyance à Bastia — COURTIA · courtiark.fr,https://courtiark.fr/fr/logiciel-courtier-prevoyance-bastia,"noindex, follow",non,oui,"indexee historiquement, noindex depuis",/fr/*,"pSEO ville (local, noindex volontaire)",,NOINDEX,haute,page de masse volontairement sortie de l'index ; Google doit la retirer progressivement
https://courtiark.fr/fr/logiciel-courtier-prevoyance-bayeux,fichier statique du depot,200,Logiciel pour courtier prévoyance à Bayeux — COURTIA · courtiark.fr,https://courtiark.fr/fr/logiciel-courtier-prevoyance-bayeux,"noindex, follow",non,oui,"indexee historiquement, noindex depuis",/fr/*,"pSEO ville (local, noindex volontaire)",,NOINDEX,haute,page de masse volontairement sortie de l'index ; Google doit la retirer progressivement
https://courtiark.fr/fr/logiciel-courtier-prevoyance-bayonne,fichier statique du depot,200,Logiciel pour courtier prévoyance à Bayonne — COURTIA · courtiark.fr,https://courtiark.fr/fr/logiciel-courtier-prevoyance-bayonne,"noindex, follow",non,oui,"indexee historiquement, noindex depuis",/fr/*,"pSEO ville (local, noindex volontaire)",,NOINDEX,haute,page de masse volontairement sortie de l'index ; Google doit la retirer progressivement
https://courtiark.fr/fr/logiciel-courtier-prevoyance-beauvais,fichier statique du depot,200,Logiciel pour courtier prévoyance à Beauvais — COURTIA · courtiark.fr,https://courtiark.fr/fr/logiciel-courtier-prevoyance-beauvais,"noindex, follow",non,oui,"indexee historiquement, noindex depuis",/fr/*,"pSEO ville (local, noindex volontaire)",,NOINDEX,haute,page de masse volontairement sortie de l'index ; Google doit la retirer progressivement
https://courtiark.fr/fr/logiciel-courtier-prevoyance-belfort,fichier statique du depot,200,Logiciel pour courtier prévoyance à Belfort — COURTIA · courtiark.fr,https://courtiark.fr/fr/logiciel-courtier-prevoyance-belfort,"noindex, follow",non,oui,"indexee historiquement, noindex depuis",/fr/*,"pSEO ville (local, noindex volontaire)",,NOINDEX,haute,page de masse volontairement sortie de l'index ; Google doit la retirer progressivement
https://courtiark.fr/fr/logiciel-courtier-prevoyance-bergerac,fichier statique du depot,200,Logiciel pour courtier prévoyance à Bergerac — COURTIA · courtiark.fr,https://courtiark.fr/fr/logiciel-courtier-prevoyance-bergerac,"noindex, follow",non,oui,"indexee historiquement, noindex depuis",/fr/*,"pSEO ville (local, noindex volontaire)",,NOINDEX,haute,page de masse volontairement sortie de l'index ; Google doit la retirer progressivement
https://courtiark.fr/fr/logiciel-courtier-prevoyance-besancon,fichier statique du depot,200,Logiciel pour courtier prévoyance à Besançon — COURTIA · courtiark.fr,https://courtiark.fr/fr/logiciel-courtier-prevoyance-besancon,"noindex, follow",non,oui,"indexee historiquement, noindex depuis",/fr/*,"pSEO ville (local, noindex volontaire)",,NOINDEX,haute,page de masse volontairement sortie de l'index ; Google doit la retirer progressivement
https://courtiark.fr/fr/logiciel-courtier-prevoyance-beziers,fichier statique du depot,200,Logiciel pour courtier prévoyance à Béziers — COURTIA · courtiark.fr,https://courtiark.fr/fr/logiciel-courtier-prevoyance-beziers,"noindex, follow",non,oui,"indexee historiquement, noindex depuis",/fr/*,"pSEO ville (local, noindex volontaire)",,NOINDEX,haute,page de masse volontairement sortie de l'index ; Google doit la retirer progressivement
https://courtiark.fr/fr/logiciel-courtier-prevoyance-biarritz,fichier statique du depot,200,Logiciel pour courtier prévoyance à Biarritz — COURTIA · courtiark.fr,https://courtiark.fr/fr/logiciel-courtier-prevoyance-biarritz,"noindex, follow",non,oui,"indexee historiquement, noindex depuis",/fr/*,"pSEO ville (local, noindex volontaire)",,NOINDEX,haute,page de masse volontairement sortie de l'index ; Google doit la retirer progressivement
https://courtiark.fr/fr/logiciel-courtier-prevoyance-blois,fichier statique du depot,200,Logiciel pour courtier prévoyance à Blois — COURTIA · courtiark.fr,https://courtiark.fr/fr/logiciel-courtier-prevoyance-blois,"noindex, follow",non,oui,"indexee historiquement, noindex depuis",/fr/*,"pSEO ville (local, noindex volontaire)",,NOINDEX,haute,page de masse volontairement sortie de l'index ; Google doit la retirer progressivement
https://courtiark.fr/fr/logiciel-courtier-prevoyance-bobigny,fichier statique du depot,200,Logiciel pour courtier prévoyance à Bobigny — COURTIA · courtiark.fr,https://courtiark.fr/fr/logiciel-courtier-prevoyance-bobigny,"noindex, follow",non,oui,"indexee historiquement, noindex depuis",/fr/*,"pSEO ville (local, noindex volontaire)",,NOINDEX,haute,page de masse volontairement sortie de l'index ; Google doit la retirer progressivement
https://courtiark.fr/fr/logiciel-courtier-prevoyance-bondy,fichier statique du depot,200,Logiciel pour courtier prévoyance à Bondy — COURTIA · courtiark.fr,https://courtiark.fr/fr/logiciel-courtier-prevoyance-bondy,"noindex, follow",non,oui,"indexee historiquement, noindex depuis",/fr/*,"pSEO ville (local, noindex volontaire)",,NOINDEX,haute,page de masse volontairement sortie de l'index ; Google doit la retirer progressivement
https://courtiark.fr/fr/logiciel-courtier-prevoyance-bordeaux,fichier statique du depot,200,Logiciel pour courtier prévoyance à Bordeaux — COURTIA · courtiark.fr,https://courtiark.fr/fr/logiciel-courtier-prevoyance-bordeaux,"noindex, follow",non,oui,"indexee historiquement, noindex depuis",/fr/*,"pSEO ville (local, noindex volontaire)",,NOINDEX,haute,page de masse volontairement sortie de l'index ; Google doit la retirer progressivement
https://courtiark.fr/fr/logiciel-courtier-prevoyance-boulogne-sur-mer,fichier statique du depot,200,Logiciel pour courtier prévoyance à Boulogne-sur-Mer — COURTIA · courtiark.fr,https://courtiark.fr/fr/logiciel-courtier-prevoyance-boulogne-sur-mer,"noindex, follow",non,oui,"indexee historiquement, noindex depuis",/fr/*,page heritee non indexable,,NOINDEX,haute,conservee accessible mais hors index : decision editoriale
https://courtiark.fr/fr/logiciel-courtier-prevoyance-bourg-en-bresse,fichier statique du depot,200,Logiciel pour courtier prévoyance à Bourg-en-Bresse — COURTIA · courtiark.fr,https://courtiark.fr/fr/logiciel-courtier-prevoyance-bourg-en-bresse,"noindex, follow",non,oui,"indexee historiquement, noindex depuis",/fr/*,"pSEO ville (local, noindex volontaire)",,NOINDEX,haute,page de masse volontairement sortie de l'index ; Google doit la retirer progressivement
https://courtiark.fr/fr/logiciel-courtier-prevoyance-bourges,fichier statique du depot,200,Logiciel pour courtier prévoyance à Bourges — COURTIA · courtiark.fr,https://courtiark.fr/fr/logiciel-courtier-prevoyance-bourges,"noindex, follow",non,oui,"indexee historiquement, noindex depuis",/fr/*,"pSEO ville (local, noindex volontaire)",,NOINDEX,haute,page de masse volontairement sortie de l'index ; Google doit la retirer progressivement
https://courtiark.fr/fr/logiciel-courtier-prevoyance-brest,fichier statique du depot,200,Logiciel pour courtier prévoyance à Brest — COURTIA · courtiark.fr,https://courtiark.fr/fr/logiciel-courtier-prevoyance-brest,"noindex, follow",non,oui,"indexee historiquement, noindex depuis",/fr/*,"pSEO ville (local, noindex volontaire)",,NOINDEX,haute,page de masse volontairement sortie de l'index ; Google doit la retirer progressivement
https://courtiark.fr/fr/logiciel-courtier-prevoyance-caen,fichier statique du depot,200,Logiciel pour courtier prévoyance à Caen — COURTIA · courtiark.fr,https://courtiark.fr/fr/logiciel-courtier-prevoyance-caen,"noindex, follow",non,oui,"indexee historiquement, noindex depuis",/fr/*,"pSEO ville (local, noindex volontaire)",,NOINDEX,haute,page de masse volontairement sortie de l'index ; Google doit la retirer progressivement
https://courtiark.fr/fr/logiciel-courtier-prevoyance-cagnes-sur-mer,fichier statique du depot,200,Logiciel pour courtier prévoyance à Cagnes-sur-Mer — COURTIA · courtiark.fr,https://courtiark.fr/fr/logiciel-courtier-prevoyance-cagnes-sur-mer,"noindex, follow",non,oui,"indexee historiquement, noindex depuis",/fr/*,page heritee non indexable,,NOINDEX,haute,conservee accessible mais hors index : decision editoriale
https://courtiark.fr/fr/logiciel-courtier-prevoyance-cahors,fichier statique du depot,200,Logiciel pour courtier prévoyance à Cahors — COURTIA · courtiark.fr,https://courtiark.fr/fr/logiciel-courtier-prevoyance-cahors,"noindex, follow",non,oui,"indexee historiquement, noindex depuis",/fr/*,"pSEO ville (local, noindex volontaire)",,NOINDEX,haute,page de masse volontairement sortie de l'index ; Google doit la retirer progressivement
https://courtiark.fr/fr/logiciel-courtier-prevoyance-calais,fichier statique du depot,200,Logiciel pour courtier prévoyance à Calais — COURTIA · courtiark.fr,https://courtiark.fr/fr/logiciel-courtier-prevoyance-calais,"noindex, follow",non,oui,"indexee historiquement, noindex depuis",/fr/*,"pSEO ville (local, noindex volontaire)",,NOINDEX,haute,page de masse volontairement sortie de l'index ; Google doit la retirer progressivement
https://courtiark.fr/fr/logiciel-courtier-prevoyance-cambrai,fichier statique du depot,200,Logiciel pour courtier prévoyance à Cambrai — COURTIA · courtiark.fr,https://courtiark.fr/fr/logiciel-courtier-prevoyance-cambrai,"noindex, follow",non,oui,"indexee historiquement, noindex depuis",/fr/*,"pSEO ville (local, noindex volontaire)",,NOINDEX,haute,page de masse volontairement sortie de l'index ; Google doit la retirer progressivement
https://courtiark.fr/fr/logiciel-courtier-prevoyance-cannes,fichier statique du depot,200,Logiciel pour courtier prévoyance à Cannes — COURTIA · courtiark.fr,https://courtiark.fr/fr/logiciel-courtier-prevoyance-cannes,"noindex, follow",non,oui,"indexee historiquement, noindex depuis",/fr/*,"pSEO ville (local, noindex volontaire)",,NOINDEX,haute,page de masse volontairement sortie de l'index ; Google doit la retirer progressivement
https://courtiark.fr/fr/logiciel-courtier-prevoyance-carcassonne,fichier statique du depot,200,Logiciel pour courtier prévoyance à Carcassonne — COURTIA · courtiark.fr,https://courtiark.fr/fr/logiciel-courtier-prevoyance-carcassonne,"noindex, follow",non,oui,"indexee historiquement, noindex depuis",/fr/*,"pSEO ville (local, noindex volontaire)",,NOINDEX,haute,page de masse volontairement sortie de l'index ; Google doit la retirer progressivement
https://courtiark.fr/fr/logiciel-courtier-prevoyance-carpentras,fichier statique du depot,200,Logiciel pour courtier prévoyance à Carpentras — COURTIA · courtiark.fr,https://courtiark.fr/fr/logiciel-courtier-prevoyance-carpentras,"noindex, follow",non,oui,"indexee historiquement, noindex depuis",/fr/*,"pSEO ville (local, noindex volontaire)",,NOINDEX,haute,page de masse volontairement sortie de l'index ; Google doit la retirer progressivement
https://courtiark.fr/fr/logiciel-courtier-prevoyance-cergy,fichier statique du depot,200,Logiciel pour courtier prévoyance à Cergy — COURTIA · courtiark.fr,https://courtiark.fr/fr/logiciel-courtier-prevoyance-cergy,"noindex, follow",non,oui,"indexee historiquement, noindex depuis",/fr/*,"pSEO ville (local, noindex volontaire)",,NOINDEX,haute,page de masse volontairement sortie de l'index ; Google doit la retirer progressivement
https://courtiark.fr/fr/logiciel-courtier-prevoyance-chalon-sur-saone,fichier statique du depot,200,Logiciel pour courtier prévoyance à Chalon-sur-Saône — COURTIA · courtiark.fr,https://courtiark.fr/fr/logiciel-courtier-prevoyance-chalon-sur-saone,"noindex, follow",non,oui,"indexee historiquement, noindex depuis",/fr/*,"pSEO ville (local, noindex volontaire)",,NOINDEX,haute,page de masse volontairement sortie de l'index ; Google doit la retirer progressivement
https://courtiark.fr/fr/logiciel-courtier-prevoyance-chambery,fichier statique du depot,200,Logiciel pour courtier prévoyance à Chambéry — COURTIA · courtiark.fr,https://courtiark.fr/fr/logiciel-courtier-prevoyance-chambery,"noindex, follow",non,oui,"indexee historiquement, noindex depuis",/fr/*,"pSEO ville (local, noindex volontaire)",,NOINDEX,haute,page de masse volontairement sortie de l'index ; Google doit la retirer progressivement
https://courtiark.fr/fr/logiciel-courtier-prevoyance-charenton,fichier statique du depot,200,Logiciel pour courtier prévoyance à Charenton — COURTIA · courtiark.fr,https://courtiark.fr/fr/logiciel-courtier-prevoyance-charenton,"noindex, follow",non,oui,"indexee historiquement, noindex depuis",/fr/*,"pSEO ville (local, noindex volontaire)",,NOINDEX,haute,page de masse volontairement sortie de l'index ; Google doit la retirer progressivement
https://courtiark.fr/fr/logiciel-courtier-prevoyance-charleville-mezieres,fichier statique du depot,200,Logiciel pour courtier prévoyance à Charleville-Mézières — COURTIA · courtiark.fr,https://courtiark.fr/fr/logiciel-courtier-prevoyance-charleville-mezieres,"noindex, follow",non,oui,"indexee historiquement, noindex depuis",/fr/*,"pSEO ville (local, noindex volontaire)",,NOINDEX,haute,page de masse volontairement sortie de l'index ; Google doit la retirer progressivement
https://courtiark.fr/fr/logiciel-courtier-prevoyance-chartres,fichier statique du depot,200,Logiciel pour courtier prévoyance à Chartres — COURTIA · courtiark.fr,https://courtiark.fr/fr/logiciel-courtier-prevoyance-chartres,"noindex, follow",non,oui,"indexee historiquement, noindex depuis",/fr/*,"pSEO ville (local, noindex volontaire)",,NOINDEX,haute,page de masse volontairement sortie de l'index ; Google doit la retirer progressivement
https://courtiark.fr/fr/logiciel-courtier-prevoyance-chateauroux,fichier statique du depot,200,Logiciel pour courtier prévoyance à Châteauroux — COURTIA · courtiark.fr,https://courtiark.fr/fr/logiciel-courtier-prevoyance-chateauroux,"noindex, follow",non,oui,"indexee historiquement, noindex depuis",/fr/*,"pSEO ville (local, noindex volontaire)",,NOINDEX,haute,page de masse volontairement sortie de l'index ; Google doit la retirer progressivement
https://courtiark.fr/fr/logiciel-courtier-prevoyance-chelles,fichier statique du depot,200,Logiciel pour courtier prévoyance à Chelles — COURTIA · courtiark.fr,https://courtiark.fr/fr/logiciel-courtier-prevoyance-chelles,"noindex, follow",non,oui,"indexee historiquement, noindex depuis",/fr/*,"pSEO ville (local, noindex volontaire)",,NOINDEX,haute,page de masse volontairement sortie de l'index ; Google doit la retirer progressivement
https://courtiark.fr/fr/logiciel-courtier-prevoyance-cherbourg,fichier statique du depot,200,Logiciel pour courtier prévoyance à Cherbourg — COURTIA · courtiark.fr,https://courtiark.fr/fr/logiciel-courtier-prevoyance-cherbourg,"noindex, follow",non,oui,"indexee historiquement, noindex depuis",/fr/*,"pSEO ville (local, noindex volontaire)",,NOINDEX,haute,page de masse volontairement sortie de l'index ; Google doit la retirer progressivement
https://courtiark.fr/fr/logiciel-courtier-prevoyance-cholet,fichier statique du depot,200,Logiciel pour courtier prévoyance à Cholet — COURTIA · courtiark.fr,https://courtiark.fr/fr/logiciel-courtier-prevoyance-cholet,"noindex, follow",non,oui,"indexee historiquement, noindex depuis",/fr/*,"pSEO ville (local, noindex volontaire)",,NOINDEX,haute,page de masse volontairement sortie de l'index ; Google doit la retirer progressivement
https://courtiark.fr/fr/logiciel-courtier-prevoyance-clermont-ferrand,fichier statique du depot,200,Logiciel pour courtier prévoyance à Clermont-Ferrand — COURTIA · courtiark.fr,https://courtiark.fr/fr/logiciel-courtier-prevoyance-clermont-ferrand,"noindex, follow",non,oui,"indexee historiquement, noindex depuis",/fr/*,"pSEO ville (local, noindex volontaire)",,NOINDEX,haute,page de masse volontairement sortie de l'index ; Google doit la retirer progressivement
https://courtiark.fr/fr/logiciel-courtier-prevoyance-clichy,fichier statique du depot,200,Logiciel pour courtier prévoyance à Clichy — COURTIA · courtiark.fr,https://courtiark.fr/fr/logiciel-courtier-prevoyance-clichy,"noindex, follow",non,oui,"indexee historiquement, noindex depuis",/fr/*,"pSEO ville (local, noindex volontaire)",,NOINDEX,haute,page de masse volontairement sortie de l'index ; Google doit la retirer progressivement
https://courtiark.fr/fr/logiciel-courtier-prevoyance-colmar,fichier statique du depot,200,Logiciel pour courtier prévoyance à Colmar — COURTIA · courtiark.fr,https://courtiark.fr/fr/logiciel-courtier-prevoyance-colmar,"noindex, follow",non,oui,"indexee historiquement, noindex depuis",/fr/*,"pSEO ville (local, noindex volontaire)",,NOINDEX,haute,page de masse volontairement sortie de l'index ; Google doit la retirer progressivement
https://courtiark.fr/fr/logiciel-courtier-prevoyance-compiegne,fichier statique du depot,200,Logiciel pour courtier prévoyance à Compiègne — COURTIA · courtiark.fr,https://courtiark.fr/fr/logiciel-courtier-prevoyance-compiegne,"noindex, follow",non,oui,"indexee historiquement, noindex depuis",/fr/*,"pSEO ville (local, noindex volontaire)",,NOINDEX,haute,page de masse volontairement sortie de l'index ; Google doit la retirer progressivement
https://courtiark.fr/fr/logiciel-courtier-prevoyance-courbevoie,fichier statique du depot,200,Logiciel pour courtier prévoyance à Courbevoie — COURTIA · courtiark.fr,https://courtiark.fr/fr/logiciel-courtier-prevoyance-courbevoie,"noindex, follow",non,oui,"indexee historiquement, noindex depuis",/fr/*,"pSEO ville (local, noindex volontaire)",,NOINDEX,haute,page de masse volontairement sortie de l'index ; Google doit la retirer progressivement
https://courtiark.fr/fr/logiciel-courtier-prevoyance-creteil,fichier statique du depot,200,Logiciel pour courtier prévoyance à Créteil — COURTIA · courtiark.fr,https://courtiark.fr/fr/logiciel-courtier-prevoyance-creteil,"noindex, follow",non,oui,"indexee historiquement, noindex depuis",/fr/*,"pSEO ville (local, noindex volontaire)",,NOINDEX,haute,page de masse volontairement sortie de l'index ; Google doit la retirer progressivement
https://courtiark.fr/fr/logiciel-courtier-prevoyance-dax,fichier statique du depot,200,Logiciel pour courtier prévoyance à Dax — COURTIA · courtiark.fr,https://courtiark.fr/fr/logiciel-courtier-prevoyance-dax,"noindex, follow",non,oui,"indexee historiquement, noindex depuis",/fr/*,page heritee non indexable,,NOINDEX,haute,conservee accessible mais hors index : decision editoriale
https://courtiark.fr/fr/logiciel-courtier-prevoyance-dijon,fichier statique du depot,200,Logiciel pour courtier prévoyance à Dijon — COURTIA · courtiark.fr,https://courtiark.fr/fr/logiciel-courtier-prevoyance-dijon,"noindex, follow",non,oui,"indexee historiquement, noindex depuis",/fr/*,"pSEO ville (local, noindex volontaire)",,NOINDEX,haute,page de masse volontairement sortie de l'index ; Google doit la retirer progressivement
https://courtiark.fr/fr/logiciel-courtier-prevoyance-dole,fichier statique du depot,200,Logiciel pour courtier prévoyance à Dole — COURTIA · courtiark.fr,https://courtiark.fr/fr/logiciel-courtier-prevoyance-dole,"noindex, follow",non,oui,"indexee historiquement, noindex depuis",/fr/*,"pSEO ville (local, noindex volontaire)",,NOINDEX,haute,page de masse volontairement sortie de l'index ; Google doit la retirer progressivement
https://courtiark.fr/fr/logiciel-courtier-prevoyance-douai,fichier statique du depot,200,Logiciel pour courtier prévoyance à Douai — COURTIA · courtiark.fr,https://courtiark.fr/fr/logiciel-courtier-prevoyance-douai,"noindex, follow",non,oui,"indexee historiquement, noindex depuis",/fr/*,"pSEO ville (local, noindex volontaire)",,NOINDEX,haute,page de masse volontairement sortie de l'index ; Google doit la retirer progressivement
https://courtiark.fr/fr/logiciel-courtier-prevoyance-draguignan,fichier statique du depot,200,Logiciel pour courtier prévoyance à Draguignan — COURTIA · courtiark.fr,https://courtiark.fr/fr/logiciel-courtier-prevoyance-draguignan,"noindex, follow",non,oui,"indexee historiquement, noindex depuis",/fr/*,"pSEO ville (local, noindex volontaire)",,NOINDEX,haute,page de masse volontairement sortie de l'index ; Google doit la retirer progressivement
https://courtiark.fr/fr/logiciel-courtier-prevoyance-drancy,fichier statique du depot,200,Logiciel pour courtier prévoyance à Drancy — COURTIA · courtiark.fr,https://courtiark.fr/fr/logiciel-courtier-prevoyance-drancy,"noindex, follow",non,oui,"indexee historiquement, noindex depuis",/fr/*,"pSEO ville (local, noindex volontaire)",,NOINDEX,haute,page de masse volontairement sortie de l'index ; Google doit la retirer progressivement
https://courtiark.fr/fr/logiciel-courtier-prevoyance-dreux,fichier statique du depot,200,Logiciel pour courtier prévoyance à Dreux — COURTIA · courtiark.fr,https://courtiark.fr/fr/logiciel-courtier-prevoyance-dreux,"noindex, follow",non,oui,"indexee historiquement, noindex depuis",/fr/*,"pSEO ville (local, noindex volontaire)",,NOINDEX,haute,page de masse volontairement sortie de l'index ; Google doit la retirer progressivement
https://courtiark.fr/fr/logiciel-courtier-prevoyance-dunkerque,fichier statique du depot,200,Logiciel pour courtier prévoyance à Dunkerque — COURTIA · courtiark.fr,https://courtiark.fr/fr/logiciel-courtier-prevoyance-dunkerque,"noindex, follow",non,oui,"indexee historiquement, noindex depuis",/fr/*,"pSEO ville (local, noindex volontaire)",,NOINDEX,haute,page de masse volontairement sortie de l'index ; Google doit la retirer progressivement
https://courtiark.fr/fr/logiciel-courtier-prevoyance-epinal,fichier statique du depot,200,Logiciel pour courtier prévoyance à Épinal — COURTIA · courtiark.fr,https://courtiark.fr/fr/logiciel-courtier-prevoyance-epinal,"noindex, follow",non,oui,"indexee historiquement, noindex depuis",/fr/*,"pSEO ville (local, noindex volontaire)",,NOINDEX,haute,page de masse volontairement sortie de l'index ; Google doit la retirer progressivement
https://courtiark.fr/fr/logiciel-courtier-prevoyance-evreux,fichier statique du depot,200,Logiciel pour courtier prévoyance à Évreux — COURTIA · courtiark.fr,https://courtiark.fr/fr/logiciel-courtier-prevoyance-evreux,"noindex, follow",non,oui,"indexee historiquement, noindex depuis",/fr/*,"pSEO ville (local, noindex volontaire)",,NOINDEX,haute,page de masse volontairement sortie de l'index ; Google doit la retirer progressivement
https://courtiark.fr/fr/logiciel-courtier-prevoyance-evry,fichier statique du depot,200,Logiciel pour courtier prévoyance à Évry — COURTIA · courtiark.fr,https://courtiark.fr/fr/logiciel-courtier-prevoyance-evry,"noindex, follow",non,oui,"indexee historiquement, noindex depuis",/fr/*,"pSEO ville (local, noindex volontaire)",,NOINDEX,haute,page de masse volontairement sortie de l'index ; Google doit la retirer progressivement
https://courtiark.fr/fr/logiciel-courtier-prevoyance-fontainebleau,fichier statique du depot,200,Logiciel pour courtier prévoyance à Fontainebleau — COURTIA · courtiark.fr,https://courtiark.fr/fr/logiciel-courtier-prevoyance-fontainebleau,"noindex, follow",non,oui,"indexee historiquement, noindex depuis",/fr/*,"pSEO ville (local, noindex volontaire)",,NOINDEX,haute,page de masse volontairement sortie de l'index ; Google doit la retirer progressivement
https://courtiark.fr/fr/logiciel-courtier-prevoyance-forbach,fichier statique du depot,200,Logiciel pour courtier prévoyance à Forbach — COURTIA · courtiark.fr,https://courtiark.fr/fr/logiciel-courtier-prevoyance-forbach,"noindex, follow",non,oui,"indexee historiquement, noindex depuis",/fr/*,"pSEO ville (local, noindex volontaire)",,NOINDEX,haute,page de masse volontairement sortie de l'index ; Google doit la retirer progressivement
https://courtiark.fr/fr/logiciel-courtier-prevoyance-frejus,fichier statique du depot,200,Logiciel pour courtier prévoyance à Fréjus — COURTIA · courtiark.fr,https://courtiark.fr/fr/logiciel-courtier-prevoyance-frejus,"noindex, follow",non,oui,"indexee historiquement, noindex depuis",/fr/*,"pSEO ville (local, noindex volontaire)",,NOINDEX,haute,page de masse volontairement sortie de l'index ; Google doit la retirer progressivement
https://courtiark.fr/fr/logiciel-courtier-prevoyance-gap,fichier statique du depot,200,Logiciel pour courtier prévoyance à Gap — COURTIA · courtiark.fr,https://courtiark.fr/fr/logiciel-courtier-prevoyance-gap,"noindex, follow",non,oui,"indexee historiquement, noindex depuis",/fr/*,page heritee non indexable,,NOINDEX,haute,conservee accessible mais hors index : decision editoriale
https://courtiark.fr/fr/logiciel-courtier-prevoyance-grasse,fichier statique du depot,200,Logiciel pour courtier prévoyance à Grasse — COURTIA · courtiark.fr,https://courtiark.fr/fr/logiciel-courtier-prevoyance-grasse,"noindex, follow",non,oui,"indexee historiquement, noindex depuis",/fr/*,"pSEO ville (local, noindex volontaire)",,NOINDEX,haute,page de masse volontairement sortie de l'index ; Google doit la retirer progressivement
https://courtiark.fr/fr/logiciel-courtier-prevoyance-grenoble,fichier statique du depot,200,Logiciel pour courtier prévoyance à Grenoble — COURTIA · courtiark.fr,https://courtiark.fr/fr/logiciel-courtier-prevoyance-grenoble,"noindex, follow",non,oui,"indexee historiquement, noindex depuis",/fr/*,"pSEO ville (local, noindex volontaire)",,NOINDEX,haute,page de masse volontairement sortie de l'index ; Google doit la retirer progressivement
https://courtiark.fr/fr/logiciel-courtier-prevoyance-haguenau,fichier statique du depot,200,Logiciel pour courtier prévoyance à Haguenau — COURTIA · courtiark.fr,https://courtiark.fr/fr/logiciel-courtier-prevoyance-haguenau,"noindex, follow",non,oui,"indexee historiquement, noindex depuis",/fr/*,"pSEO ville (local, noindex volontaire)",,NOINDEX,haute,page de masse volontairement sortie de l'index ; Google doit la retirer progressivement
https://courtiark.fr/fr/logiciel-courtier-prevoyance-hyeres,fichier statique du depot,200,Logiciel pour courtier prévoyance à Hyères — COURTIA · courtiark.fr,https://courtiark.fr/fr/logiciel-courtier-prevoyance-hyeres,"noindex, follow",non,oui,"indexee historiquement, noindex depuis",/fr/*,"pSEO ville (local, noindex volontaire)",,NOINDEX,haute,page de masse volontairement sortie de l'index ; Google doit la retirer progressivement
https://courtiark.fr/fr/logiciel-courtier-prevoyance-issy-les-moulineaux,fichier statique du depot,200,Logiciel pour courtier prévoyance à Issy-les-Moulineaux — COURTIA · courtiark.fr,https://courtiark.fr/fr/logiciel-courtier-prevoyance-issy-les-moulineaux,"noindex, follow",non,oui,"indexee historiquement, noindex depuis",/fr/*,"pSEO ville (local, noindex volontaire)",,NOINDEX,haute,page de masse volontairement sortie de l'index ; Google doit la retirer progressivement
https://courtiark.fr/fr/logiciel-courtier-prevoyance-istres,fichier statique du depot,200,Logiciel pour courtier prévoyance à Istres — COURTIA · courtiark.fr,https://courtiark.fr/fr/logiciel-courtier-prevoyance-istres,"noindex, follow",non,oui,"indexee historiquement, noindex depuis",/fr/*,"pSEO ville (local, noindex volontaire)",,NOINDEX,haute,page de masse volontairement sortie de l'index ; Google doit la retirer progressivement
https://courtiark.fr/fr/logiciel-courtier-prevoyance-ivry-sur-seine,fichier statique du depot,200,Logiciel pour courtier prévoyance à Ivry-sur-Seine — COURTIA · courtiark.fr,https://courtiark.fr/fr/logiciel-courtier-prevoyance-ivry-sur-seine,"noindex, follow",non,oui,"indexee historiquement, noindex depuis",/fr/*,"pSEO ville (local, noindex volontaire)",,NOINDEX,haute,page de masse volontairement sortie de l'index ; Google doit la retirer progressivement
https://courtiark.fr/fr/logiciel-courtier-prevoyance-la-defense,fichier statique du depot,200,Logiciel pour courtier prévoyance à La Défense — COURTIA · courtiark.fr,https://courtiark.fr/fr/logiciel-courtier-prevoyance-la-defense,"noindex, follow",non,oui,"indexee historiquement, noindex depuis",/fr/*,"pSEO ville (local, noindex volontaire)",,NOINDEX,haute,page de masse volontairement sortie de l'index ; Google doit la retirer progressivement
https://courtiark.fr/fr/logiciel-courtier-prevoyance-la-roche-sur-yon,fichier statique du depot,200,Logiciel pour courtier prévoyance à La Roche-sur-Yon — COURTIA · courtiark.fr,https://courtiark.fr/fr/logiciel-courtier-prevoyance-la-roche-sur-yon,"noindex, follow",non,oui,"indexee historiquement, noindex depuis",/fr/*,page heritee non indexable,,NOINDEX,haute,conservee accessible mais hors index : decision editoriale
https://courtiark.fr/fr/logiciel-courtier-prevoyance-la-rochelle,fichier statique du depot,200,Logiciel pour courtier prévoyance à La Rochelle — COURTIA · courtiark.fr,https://courtiark.fr/fr/logiciel-courtier-prevoyance-la-rochelle,"noindex, follow",non,oui,"indexee historiquement, noindex depuis",/fr/*,"pSEO ville (local, noindex volontaire)",,NOINDEX,haute,page de masse volontairement sortie de l'index ; Google doit la retirer progressivement
https://courtiark.fr/fr/logiciel-courtier-prevoyance-lannion,fichier statique du depot,200,Logiciel pour courtier prévoyance à Lannion — COURTIA · courtiark.fr,https://courtiark.fr/fr/logiciel-courtier-prevoyance-lannion,"noindex, follow",non,oui,"indexee historiquement, noindex depuis",/fr/*,"pSEO ville (local, noindex volontaire)",,NOINDEX,haute,page de masse volontairement sortie de l'index ; Google doit la retirer progressivement
https://courtiark.fr/fr/logiciel-courtier-prevoyance-laon,fichier statique du depot,200,Logiciel pour courtier prévoyance à Laon — COURTIA · courtiark.fr,https://courtiark.fr/fr/logiciel-courtier-prevoyance-laon,"noindex, follow",non,oui,"indexee historiquement, noindex depuis",/fr/*,"pSEO ville (local, noindex volontaire)",,NOINDEX,haute,page de masse volontairement sortie de l'index ; Google doit la retirer progressivement
https://courtiark.fr/fr/logiciel-courtier-prevoyance-laval,fichier statique du depot,200,Logiciel pour courtier prévoyance à Laval — COURTIA · courtiark.fr,https://courtiark.fr/fr/logiciel-courtier-prevoyance-laval,"noindex, follow",non,oui,"indexee historiquement, noindex depuis",/fr/*,"pSEO ville (local, noindex volontaire)",,NOINDEX,haute,page de masse volontairement sortie de l'index ; Google doit la retirer progressivement
https://courtiark.fr/fr/logiciel-courtier-prevoyance-le-havre,fichier statique du depot,200,Logiciel pour courtier prévoyance à Le Havre — COURTIA · courtiark.fr,https://courtiark.fr/fr/logiciel-courtier-prevoyance-le-havre,"noindex, follow",non,oui,"indexee historiquement, noindex depuis",/fr/*,"pSEO ville (local, noindex volontaire)",,NOINDEX,haute,page de masse volontairement sortie de l'index ; Google doit la retirer progressivement
https://courtiark.fr/fr/logiciel-courtier-prevoyance-le-mans,fichier statique du depot,200,Logiciel pour courtier prévoyance à Le Mans — COURTIA · courtiark.fr,https://courtiark.fr/fr/logiciel-courtier-prevoyance-le-mans,"noindex, follow",non,oui,"indexee historiquement, noindex depuis",/fr/*,"pSEO ville (local, noindex volontaire)",,NOINDEX,haute,page de masse volontairement sortie de l'index ; Google doit la retirer progressivement
https://courtiark.fr/fr/logiciel-courtier-prevoyance-lens,fichier statique du depot,200,Logiciel pour courtier prévoyance à Lens — COURTIA · courtiark.fr,https://courtiark.fr/fr/logiciel-courtier-prevoyance-lens,"noindex, follow",non,oui,"indexee historiquement, noindex depuis",/fr/*,"pSEO ville (local, noindex volontaire)",,NOINDEX,haute,page de masse volontairement sortie de l'index ; Google doit la retirer progressivement
https://courtiark.fr/fr/logiciel-courtier-prevoyance-levallois-perret,fichier statique du depot,200,Logiciel pour courtier prévoyance à Levallois-Perret — COURTIA · courtiark.fr,https://courtiark.fr/fr/logiciel-courtier-prevoyance-levallois-perret,"noindex, follow",non,oui,"indexee historiquement, noindex depuis",/fr/*,"pSEO ville (local, noindex volontaire)",,NOINDEX,haute,page de masse volontairement sortie de l'index ; Google doit la retirer progressivement
https://courtiark.fr/fr/logiciel-courtier-prevoyance-libourne,fichier statique du depot,200,Logiciel pour courtier prévoyance à Libourne — COURTIA · courtiark.fr,https://courtiark.fr/fr/logiciel-courtier-prevoyance-libourne,"noindex, follow",non,oui,"indexee historiquement, noindex depuis",/fr/*,"pSEO ville (local, noindex volontaire)",,NOINDEX,haute,page de masse volontairement sortie de l'index ; Google doit la retirer progressivement
https://courtiark.fr/fr/logiciel-courtier-prevoyance-lille,fichier statique du depot,200,Logiciel pour courtier prévoyance à Lille — COURTIA · courtiark.fr,https://courtiark.fr/fr/logiciel-courtier-prevoyance-lille,"noindex, follow",non,oui,"indexee historiquement, noindex depuis",/fr/*,"pSEO ville (local, noindex volontaire)",,NOINDEX,haute,page de masse volontairement sortie de l'index ; Google doit la retirer progressivement
https://courtiark.fr/fr/logiciel-courtier-prevoyance-limoges,fichier statique du depot,200,Logiciel pour courtier prévoyance à Limoges — COURTIA · courtiark.fr,https://courtiark.fr/fr/logiciel-courtier-prevoyance-limoges,"noindex, follow",non,oui,"indexee historiquement, noindex depuis",/fr/*,"pSEO ville (local, noindex volontaire)",,NOINDEX,haute,page de masse volontairement sortie de l'index ; Google doit la retirer progressivement
https://courtiark.fr/fr/logiciel-courtier-prevoyance-lisieux,fichier statique du depot,200,Logiciel pour courtier prévoyance à Lisieux — COURTIA · courtiark.fr,https://courtiark.fr/fr/logiciel-courtier-prevoyance-lisieux,"noindex, follow",non,oui,"indexee historiquement, noindex depuis",/fr/*,"pSEO ville (local, noindex volontaire)",,NOINDEX,haute,page de masse volontairement sortie de l'index ; Google doit la retirer progressivement
https://courtiark.fr/fr/logiciel-courtier-prevoyance-lorient,fichier statique du depot,200,Logiciel pour courtier prévoyance à Lorient — COURTIA · courtiark.fr,https://courtiark.fr/fr/logiciel-courtier-prevoyance-lorient,"noindex, follow",non,oui,"indexee historiquement, noindex depuis",/fr/*,"pSEO ville (local, noindex volontaire)",,NOINDEX,haute,page de masse volontairement sortie de l'index ; Google doit la retirer progressivement
https://courtiark.fr/fr/logiciel-courtier-prevoyance-lyon,fichier statique du depot,200,Logiciel pour courtier prévoyance à Lyon — COURTIA · courtiark.fr,https://courtiark.fr/fr/logiciel-courtier-prevoyance-lyon,"noindex, follow",non,oui,"indexee historiquement, noindex depuis",/fr/*,"pSEO ville (local, noindex volontaire)",,NOINDEX,haute,page de masse volontairement sortie de l'index ; Google doit la retirer progressivement
https://courtiark.fr/fr/logiciel-courtier-prevoyance-macon,fichier statique du depot,200,Logiciel pour courtier prévoyance à Mâcon — COURTIA · courtiark.fr,https://courtiark.fr/fr/logiciel-courtier-prevoyance-macon,"noindex, follow",non,oui,"indexee historiquement, noindex depuis",/fr/*,"pSEO ville (local, noindex volontaire)",,NOINDEX,haute,page de masse volontairement sortie de l'index ; Google doit la retirer progressivement
https://courtiark.fr/fr/logiciel-courtier-prevoyance-maisons-alfort,fichier statique du depot,200,Logiciel pour courtier prévoyance à Maisons-Alfort — COURTIA · courtiark.fr,https://courtiark.fr/fr/logiciel-courtier-prevoyance-maisons-alfort,"noindex, follow",non,oui,"indexee historiquement, noindex depuis",/fr/*,"pSEO ville (local, noindex volontaire)",,NOINDEX,haute,page de masse volontairement sortie de l'index ; Google doit la retirer progressivement
https://courtiark.fr/fr/logiciel-courtier-prevoyance-manosque,fichier statique du depot,200,Logiciel pour courtier prévoyance à Manosque — COURTIA · courtiark.fr,https://courtiark.fr/fr/logiciel-courtier-prevoyance-manosque,"noindex, follow",non,oui,"indexee historiquement, noindex depuis",/fr/*,"pSEO ville (local, noindex volontaire)",,NOINDEX,haute,page de masse volontairement sortie de l'index ; Google doit la retirer progressivement
https://courtiark.fr/fr/logiciel-courtier-prevoyance-mantes-la-jolie,fichier statique du depot,200,Logiciel pour courtier prévoyance à Mantes-la-Jolie — COURTIA · courtiark.fr,https://courtiark.fr/fr/logiciel-courtier-prevoyance-mantes-la-jolie,"noindex, follow",non,oui,"indexee historiquement, noindex depuis",/fr/*,"pSEO ville (local, noindex volontaire)",,NOINDEX,haute,page de masse volontairement sortie de l'index ; Google doit la retirer progressivement
https://courtiark.fr/fr/logiciel-courtier-prevoyance-marseille,fichier statique du depot,200,Logiciel pour courtier prévoyance à Marseille — COURTIA · courtiark.fr,https://courtiark.fr/fr/logiciel-courtier-prevoyance-marseille,"noindex, follow",non,oui,"indexee historiquement, noindex depuis",/fr/*,"pSEO ville (local, noindex volontaire)",,NOINDEX,haute,page de masse volontairement sortie de l'index ; Google doit la retirer progressivement
https://courtiark.fr/fr/logiciel-courtier-prevoyance-martigues,fichier statique du depot,200,Logiciel pour courtier prévoyance à Martigues — COURTIA · courtiark.fr,https://courtiark.fr/fr/logiciel-courtier-prevoyance-martigues,"noindex, follow",non,oui,"indexee historiquement, noindex depuis",/fr/*,"pSEO ville (local, noindex volontaire)",,NOINDEX,haute,page de masse volontairement sortie de l'index ; Google doit la retirer progressivement
https://courtiark.fr/fr/logiciel-courtier-prevoyance-massy,fichier statique du depot,200,Logiciel pour courtier prévoyance à Massy — COURTIA · courtiark.fr,https://courtiark.fr/fr/logiciel-courtier-prevoyance-massy,"noindex, follow",non,oui,"indexee historiquement, noindex depuis",/fr/*,"pSEO ville (local, noindex volontaire)",,NOINDEX,haute,page de masse volontairement sortie de l'index ; Google doit la retirer progressivement
https://courtiark.fr/fr/logiciel-courtier-prevoyance-meaux,fichier statique du depot,200,Logiciel pour courtier prévoyance à Meaux — COURTIA · courtiark.fr,https://courtiark.fr/fr/logiciel-courtier-prevoyance-meaux,"noindex, follow",non,oui,"indexee historiquement, noindex depuis",/fr/*,"pSEO ville (local, noindex volontaire)",,NOINDEX,haute,page de masse volontairement sortie de l'index ; Google doit la retirer progressivement
https://courtiark.fr/fr/logiciel-courtier-prevoyance-melun,fichier statique du depot,200,Logiciel pour courtier prévoyance à Melun — COURTIA · courtiark.fr,https://courtiark.fr/fr/logiciel-courtier-prevoyance-melun,"noindex, follow",non,oui,"indexee historiquement, noindex depuis",/fr/*,"pSEO ville (local, noindex volontaire)",,NOINDEX,haute,page de masse volontairement sortie de l'index ; Google doit la retirer progressivement
https://courtiark.fr/fr/logiciel-courtier-prevoyance-menton,fichier statique du depot,200,Logiciel pour courtier prévoyance à Menton — COURTIA · courtiark.fr,https://courtiark.fr/fr/logiciel-courtier-prevoyance-menton,"noindex, follow",non,oui,"indexee historiquement, noindex depuis",/fr/*,"pSEO ville (local, noindex volontaire)",,NOINDEX,haute,page de masse volontairement sortie de l'index ; Google doit la retirer progressivement
https://courtiark.fr/fr/logiciel-courtier-prevoyance-merignac,fichier statique du depot,200,Logiciel pour courtier prévoyance à Mérignac — COURTIA · courtiark.fr,https://courtiark.fr/fr/logiciel-courtier-prevoyance-merignac,"noindex, follow",non,oui,"indexee historiquement, noindex depuis",/fr/*,"pSEO ville (local, noindex volontaire)",,NOINDEX,haute,page de masse volontairement sortie de l'index ; Google doit la retirer progressivement
https://courtiark.fr/fr/logiciel-courtier-prevoyance-metz,fichier statique du depot,200,Logiciel pour courtier prévoyance à Metz — COURTIA · courtiark.fr,https://courtiark.fr/fr/logiciel-courtier-prevoyance-metz,"noindex, follow",non,oui,"indexee historiquement, noindex depuis",/fr/*,"pSEO ville (local, noindex volontaire)",,NOINDEX,haute,page de masse volontairement sortie de l'index ; Google doit la retirer progressivement
https://courtiark.fr/fr/logiciel-courtier-prevoyance-mont-de-marsan,fichier statique du depot,200,Logiciel pour courtier prévoyance à Mont-de-Marsan — COURTIA · courtiark.fr,https://courtiark.fr/fr/logiciel-courtier-prevoyance-mont-de-marsan,"noindex, follow",non,oui,"indexee historiquement, noindex depuis",/fr/*,"pSEO ville (local, noindex volontaire)",,NOINDEX,haute,page de masse volontairement sortie de l'index ; Google doit la retirer progressivement
https://courtiark.fr/fr/logiciel-courtier-prevoyance-montauban,fichier statique du depot,200,Logiciel pour courtier prévoyance à Montauban — COURTIA · courtiark.fr,https://courtiark.fr/fr/logiciel-courtier-prevoyance-montauban,"noindex, follow",non,oui,"indexee historiquement, noindex depuis",/fr/*,"pSEO ville (local, noindex volontaire)",,NOINDEX,haute,page de masse volontairement sortie de l'index ; Google doit la retirer progressivement
https://courtiark.fr/fr/logiciel-courtier-prevoyance-montbeliard,fichier statique du depot,200,Logiciel pour courtier prévoyance à Montbéliard — COURTIA · courtiark.fr,https://courtiark.fr/fr/logiciel-courtier-prevoyance-montbeliard,"noindex, follow",non,oui,"indexee historiquement, noindex depuis",/fr/*,"pSEO ville (local, noindex volontaire)",,NOINDEX,haute,page de masse volontairement sortie de l'index ; Google doit la retirer progressivement
https://courtiark.fr/fr/logiciel-courtier-prevoyance-montlucon,fichier statique du depot,200,Logiciel pour courtier prévoyance à Montluçon — COURTIA · courtiark.fr,https://courtiark.fr/fr/logiciel-courtier-prevoyance-montlucon,"noindex, follow",non,oui,"indexee historiquement, noindex depuis",/fr/*,"pSEO ville (local, noindex volontaire)",,NOINDEX,haute,page de masse volontairement sortie de l'index ; Google doit la retirer progressivement
https://courtiark.fr/fr/logiciel-courtier-prevoyance-montpellier,fichier statique du depot,200,Logiciel pour courtier prévoyance à Montpellier — COURTIA · courtiark.fr,https://courtiark.fr/fr/logiciel-courtier-prevoyance-montpellier,"noindex, follow",non,oui,"indexee historiquement, noindex depuis",/fr/*,"pSEO ville (local, noindex volontaire)",,NOINDEX,haute,page de masse volontairement sortie de l'index ; Google doit la retirer progressivement
https://courtiark.fr/fr/logiciel-courtier-prevoyance-morlaix,fichier statique du depot,200,Logiciel pour courtier prévoyance à Morlaix — COURTIA · courtiark.fr,https://courtiark.fr/fr/logiciel-courtier-prevoyance-morlaix,"noindex, follow",non,oui,"indexee historiquement, noindex depuis",/fr/*,"pSEO ville (local, noindex volontaire)",,NOINDEX,haute,page de masse volontairement sortie de l'index ; Google doit la retirer progressivement
https://courtiark.fr/fr/logiciel-courtier-prevoyance-moulins,fichier statique du depot,200,Logiciel pour courtier prévoyance à Moulins — COURTIA · courtiark.fr,https://courtiark.fr/fr/logiciel-courtier-prevoyance-moulins,"noindex, follow",non,oui,"indexee historiquement, noindex depuis",/fr/*,"pSEO ville (local, noindex volontaire)",,NOINDEX,haute,page de masse volontairement sortie de l'index ; Google doit la retirer progressivement
https://courtiark.fr/fr/logiciel-courtier-prevoyance-mulhouse,fichier statique du depot,200,Logiciel pour courtier prévoyance à Mulhouse — COURTIA · courtiark.fr,https://courtiark.fr/fr/logiciel-courtier-prevoyance-mulhouse,"noindex, follow",non,oui,"indexee historiquement, noindex depuis",/fr/*,"pSEO ville (local, noindex volontaire)",,NOINDEX,haute,page de masse volontairement sortie de l'index ; Google doit la retirer progressivement
https://courtiark.fr/fr/logiciel-courtier-prevoyance-nancy,fichier statique du depot,200,Logiciel pour courtier prévoyance à Nancy — COURTIA · courtiark.fr,https://courtiark.fr/fr/logiciel-courtier-prevoyance-nancy,"noindex, follow",non,oui,"indexee historiquement, noindex depuis",/fr/*,"pSEO ville (local, noindex volontaire)",,NOINDEX,haute,page de masse volontairement sortie de l'index ; Google doit la retirer progressivement
https://courtiark.fr/fr/logiciel-courtier-prevoyance-nanterre,fichier statique du depot,200,Logiciel pour courtier prévoyance à Nanterre — COURTIA · courtiark.fr,https://courtiark.fr/fr/logiciel-courtier-prevoyance-nanterre,"noindex, follow",non,oui,"indexee historiquement, noindex depuis",/fr/*,"pSEO ville (local, noindex volontaire)",,NOINDEX,haute,page de masse volontairement sortie de l'index ; Google doit la retirer progressivement
https://courtiark.fr/fr/logiciel-courtier-prevoyance-nantes,fichier statique du depot,200,Logiciel pour courtier prévoyance à Nantes — COURTIA · courtiark.fr,https://courtiark.fr/fr/logiciel-courtier-prevoyance-nantes,"noindex, follow",non,oui,"indexee historiquement, noindex depuis",/fr/*,"pSEO ville (local, noindex volontaire)",,NOINDEX,haute,page de masse volontairement sortie de l'index ; Google doit la retirer progressivement
https://courtiark.fr/fr/logiciel-courtier-prevoyance-narbonne,fichier statique du depot,200,Logiciel pour courtier prévoyance à Narbonne — COURTIA · courtiark.fr,https://courtiark.fr/fr/logiciel-courtier-prevoyance-narbonne,"noindex, follow",non,oui,"indexee historiquement, noindex depuis",/fr/*,"pSEO ville (local, noindex volontaire)",,NOINDEX,haute,page de masse volontairement sortie de l'index ; Google doit la retirer progressivement
https://courtiark.fr/fr/logiciel-courtier-prevoyance-nevers,fichier statique du depot,200,Logiciel pour courtier prévoyance à Nevers — COURTIA · courtiark.fr,https://courtiark.fr/fr/logiciel-courtier-prevoyance-nevers,"noindex, follow",non,oui,"indexee historiquement, noindex depuis",/fr/*,"pSEO ville (local, noindex volontaire)",,NOINDEX,haute,page de masse volontairement sortie de l'index ; Google doit la retirer progressivement
https://courtiark.fr/fr/logiciel-courtier-prevoyance-nice,fichier statique du depot,200,Logiciel pour courtier prévoyance à Nice — COURTIA · courtiark.fr,https://courtiark.fr/fr/logiciel-courtier-prevoyance-nice,"noindex, follow",non,oui,"indexee historiquement, noindex depuis",/fr/*,"pSEO ville (local, noindex volontaire)",,NOINDEX,haute,page de masse volontairement sortie de l'index ; Google doit la retirer progressivement
https://courtiark.fr/fr/logiciel-courtier-prevoyance-nimes,fichier statique du depot,200,Logiciel pour courtier prévoyance à Nîmes — COURTIA · courtiark.fr,https://courtiark.fr/fr/logiciel-courtier-prevoyance-nimes,"noindex, follow",non,oui,"indexee historiquement, noindex depuis",/fr/*,"pSEO ville (local, noindex volontaire)",,NOINDEX,haute,page de masse volontairement sortie de l'index ; Google doit la retirer progressivement
https://courtiark.fr/fr/logiciel-courtier-prevoyance-niort,fichier statique du depot,200,Logiciel pour courtier prévoyance à Niort — COURTIA · courtiark.fr,https://courtiark.fr/fr/logiciel-courtier-prevoyance-niort,"noindex, follow",non,oui,"indexee historiquement, noindex depuis",/fr/*,"pSEO ville (local, noindex volontaire)",,NOINDEX,haute,page de masse volontairement sortie de l'index ; Google doit la retirer progressivement
https://courtiark.fr/fr/logiciel-courtier-prevoyance-noisy-le-grand,fichier statique du depot,200,Logiciel pour courtier prévoyance à Noisy-le-Grand — COURTIA · courtiark.fr,https://courtiark.fr/fr/logiciel-courtier-prevoyance-noisy-le-grand,"noindex, follow",non,oui,"indexee historiquement, noindex depuis",/fr/*,"pSEO ville (local, noindex volontaire)",,NOINDEX,haute,page de masse volontairement sortie de l'index ; Google doit la retirer progressivement
https://courtiark.fr/fr/logiciel-courtier-prevoyance-orleans,fichier statique du depot,200,Logiciel pour courtier prévoyance à Orléans — COURTIA · courtiark.fr,https://courtiark.fr/fr/logiciel-courtier-prevoyance-orleans,"noindex, follow",non,oui,"indexee historiquement, noindex depuis",/fr/*,"pSEO ville (local, noindex volontaire)",,NOINDEX,haute,page de masse volontairement sortie de l'index ; Google doit la retirer progressivement
https://courtiark.fr/fr/logiciel-courtier-prevoyance-pantin,fichier statique du depot,200,Logiciel pour courtier prévoyance à Pantin — COURTIA · courtiark.fr,https://courtiark.fr/fr/logiciel-courtier-prevoyance-pantin,"noindex, follow",non,oui,"indexee historiquement, noindex depuis",/fr/*,"pSEO ville (local, noindex volontaire)",,NOINDEX,haute,page de masse volontairement sortie de l'index ; Google doit la retirer progressivement
https://courtiark.fr/fr/logiciel-courtier-prevoyance-paris,fichier statique du depot,200,Logiciel pour courtier prévoyance à Paris — COURTIA · courtiark.fr,https://courtiark.fr/fr/logiciel-courtier-prevoyance-paris,"noindex, follow",non,oui,"indexee historiquement, noindex depuis",/fr/*,"pSEO ville (local, noindex volontaire)",,NOINDEX,haute,page de masse volontairement sortie de l'index ; Google doit la retirer progressivement
https://courtiark.fr/fr/logiciel-courtier-prevoyance-pau,fichier statique du depot,200,Logiciel pour courtier prévoyance à Pau — COURTIA · courtiark.fr,https://courtiark.fr/fr/logiciel-courtier-prevoyance-pau,"noindex, follow",non,oui,"indexee historiquement, noindex depuis",/fr/*,page heritee non indexable,,NOINDEX,haute,conservee accessible mais hors index : decision editoriale
https://courtiark.fr/fr/logiciel-courtier-prevoyance-perigueux,fichier statique du depot,200,Logiciel pour courtier prévoyance à Périgueux — COURTIA · courtiark.fr,https://courtiark.fr/fr/logiciel-courtier-prevoyance-perigueux,"noindex, follow",non,oui,"indexee historiquement, noindex depuis",/fr/*,"pSEO ville (local, noindex volontaire)",,NOINDEX,haute,page de masse volontairement sortie de l'index ; Google doit la retirer progressivement
https://courtiark.fr/fr/logiciel-courtier-prevoyance-perpignan,fichier statique du depot,200,Logiciel pour courtier prévoyance à Perpignan — COURTIA · courtiark.fr,https://courtiark.fr/fr/logiciel-courtier-prevoyance-perpignan,"noindex, follow",non,oui,"indexee historiquement, noindex depuis",/fr/*,"pSEO ville (local, noindex volontaire)",,NOINDEX,haute,page de masse volontairement sortie de l'index ; Google doit la retirer progressivement
https://courtiark.fr/fr/logiciel-courtier-prevoyance-pessac,fichier statique du depot,200,Logiciel pour courtier prévoyance à Pessac — COURTIA · courtiark.fr,https://courtiark.fr/fr/logiciel-courtier-prevoyance-pessac,"noindex, follow",non,oui,"indexee historiquement, noindex depuis",/fr/*,"pSEO ville (local, noindex volontaire)",,NOINDEX,haute,page de masse volontairement sortie de l'index ; Google doit la retirer progressivement
https://courtiark.fr/fr/logiciel-courtier-prevoyance-poissy,fichier statique du depot,200,Logiciel pour courtier prévoyance à Poissy — COURTIA · courtiark.fr,https://courtiark.fr/fr/logiciel-courtier-prevoyance-poissy,"noindex, follow",non,oui,"indexee historiquement, noindex depuis",/fr/*,"pSEO ville (local, noindex volontaire)",,NOINDEX,haute,page de masse volontairement sortie de l'index ; Google doit la retirer progressivement
https://courtiark.fr/fr/logiciel-courtier-prevoyance-poitiers,fichier statique du depot,200,Logiciel pour courtier prévoyance à Poitiers — COURTIA · courtiark.fr,https://courtiark.fr/fr/logiciel-courtier-prevoyance-poitiers,"noindex, follow",non,oui,"indexee historiquement, noindex depuis",/fr/*,"pSEO ville (local, noindex volontaire)",,NOINDEX,haute,page de masse volontairement sortie de l'index ; Google doit la retirer progressivement
https://courtiark.fr/fr/logiciel-courtier-prevoyance-pontault-combault,fichier statique du depot,200,Logiciel pour courtier prévoyance à Pontault-Combault — COURTIA · courtiark.fr,https://courtiark.fr/fr/logiciel-courtier-prevoyance-pontault-combault,"noindex, follow",non,oui,"indexee historiquement, noindex depuis",/fr/*,"pSEO ville (local, noindex volontaire)",,NOINDEX,haute,page de masse volontairement sortie de l'index ; Google doit la retirer progressivement
https://courtiark.fr/fr/logiciel-courtier-prevoyance-quimper,fichier statique du depot,200,Logiciel pour courtier prévoyance à Quimper — COURTIA · courtiark.fr,https://courtiark.fr/fr/logiciel-courtier-prevoyance-quimper,"noindex, follow",non,oui,"indexee historiquement, noindex depuis",/fr/*,"pSEO ville (local, noindex volontaire)",,NOINDEX,haute,page de masse volontairement sortie de l'index ; Google doit la retirer progressivement
https://courtiark.fr/fr/logiciel-courtier-prevoyance-reims,fichier statique du depot,200,Logiciel pour courtier prévoyance à Reims — COURTIA · courtiark.fr,https://courtiark.fr/fr/logiciel-courtier-prevoyance-reims,"noindex, follow",non,oui,"indexee historiquement, noindex depuis",/fr/*,"pSEO ville (local, noindex volontaire)",,NOINDEX,haute,page de masse volontairement sortie de l'index ; Google doit la retirer progressivement
https://courtiark.fr/fr/logiciel-courtier-prevoyance-rennes,fichier statique du depot,200,Logiciel pour courtier prévoyance à Rennes — COURTIA · courtiark.fr,https://courtiark.fr/fr/logiciel-courtier-prevoyance-rennes,"noindex, follow",non,oui,"indexee historiquement, noindex depuis",/fr/*,"pSEO ville (local, noindex volontaire)",,NOINDEX,haute,page de masse volontairement sortie de l'index ; Google doit la retirer progressivement
https://courtiark.fr/fr/logiciel-courtier-prevoyance-roanne,fichier statique du depot,200,Logiciel pour courtier prévoyance à Roanne — COURTIA · courtiark.fr,https://courtiark.fr/fr/logiciel-courtier-prevoyance-roanne,"noindex, follow",non,oui,"indexee historiquement, noindex depuis",/fr/*,"pSEO ville (local, noindex volontaire)",,NOINDEX,haute,page de masse volontairement sortie de l'index ; Google doit la retirer progressivement
https://courtiark.fr/fr/logiciel-courtier-prevoyance-rochefort,fichier statique du depot,200,Logiciel pour courtier prévoyance à Rochefort — COURTIA · courtiark.fr,https://courtiark.fr/fr/logiciel-courtier-prevoyance-rochefort,"noindex, follow",non,oui,"indexee historiquement, noindex depuis",/fr/*,"pSEO ville (local, noindex volontaire)",,NOINDEX,haute,page de masse volontairement sortie de l'index ; Google doit la retirer progressivement
https://courtiark.fr/fr/logiciel-courtier-prevoyance-rodez,fichier statique du depot,200,Logiciel pour courtier prévoyance à Rodez — COURTIA · courtiark.fr,https://courtiark.fr/fr/logiciel-courtier-prevoyance-rodez,"noindex, follow",non,oui,"indexee historiquement, noindex depuis",/fr/*,"pSEO ville (local, noindex volontaire)",,NOINDEX,haute,page de masse volontairement sortie de l'index ; Google doit la retirer progressivement
https://courtiark.fr/fr/logiciel-courtier-prevoyance-romans-sur-isere,fichier statique du depot,200,Logiciel pour courtier prévoyance à Romans-sur-Isère — COURTIA · courtiark.fr,https://courtiark.fr/fr/logiciel-courtier-prevoyance-romans-sur-isere,"noindex, follow",non,oui,"indexee historiquement, noindex depuis",/fr/*,"pSEO ville (local, noindex volontaire)",,NOINDEX,haute,page de masse volontairement sortie de l'index ; Google doit la retirer progressivement
https://courtiark.fr/fr/logiciel-courtier-prevoyance-rosny-sous-bois,fichier statique du depot,200,Logiciel pour courtier prévoyance à Rosny-sous-Bois — COURTIA · courtiark.fr,https://courtiark.fr/fr/logiciel-courtier-prevoyance-rosny-sous-bois,"noindex, follow",non,oui,"indexee historiquement, noindex depuis",/fr/*,"pSEO ville (local, noindex volontaire)",,NOINDEX,haute,page de masse volontairement sortie de l'index ; Google doit la retirer progressivement
https://courtiark.fr/fr/logiciel-courtier-prevoyance-roubaix,fichier statique du depot,200,Logiciel pour courtier prévoyance à Roubaix — COURTIA · courtiark.fr,https://courtiark.fr/fr/logiciel-courtier-prevoyance-roubaix,"noindex, follow",non,oui,"indexee historiquement, noindex depuis",/fr/*,"pSEO ville (local, noindex volontaire)",,NOINDEX,haute,page de masse volontairement sortie de l'index ; Google doit la retirer progressivement
https://courtiark.fr/fr/logiciel-courtier-prevoyance-rouen,fichier statique du depot,200,Logiciel pour courtier prévoyance à Rouen — COURTIA · courtiark.fr,https://courtiark.fr/fr/logiciel-courtier-prevoyance-rouen,"noindex, follow",non,oui,"indexee historiquement, noindex depuis",/fr/*,"pSEO ville (local, noindex volontaire)",,NOINDEX,haute,page de masse volontairement sortie de l'index ; Google doit la retirer progressivement
https://courtiark.fr/fr/logiciel-courtier-prevoyance-saint-brieuc,fichier statique du depot,200,Logiciel pour courtier prévoyance à Saint-Brieuc — COURTIA · courtiark.fr,https://courtiark.fr/fr/logiciel-courtier-prevoyance-saint-brieuc,"noindex, follow",non,oui,"indexee historiquement, noindex depuis",/fr/*,"pSEO ville (local, noindex volontaire)",,NOINDEX,haute,page de masse volontairement sortie de l'index ; Google doit la retirer progressivement
https://courtiark.fr/fr/logiciel-courtier-prevoyance-saint-chamond,fichier statique du depot,200,Logiciel pour courtier prévoyance à Saint-Chamond — COURTIA · courtiark.fr,https://courtiark.fr/fr/logiciel-courtier-prevoyance-saint-chamond,"noindex, follow",non,oui,"indexee historiquement, noindex depuis",/fr/*,"pSEO ville (local, noindex volontaire)",,NOINDEX,haute,page de masse volontairement sortie de l'index ; Google doit la retirer progressivement
https://courtiark.fr/fr/logiciel-courtier-prevoyance-saint-etienne,fichier statique du depot,200,Logiciel pour courtier prévoyance à Saint-Étienne — COURTIA · courtiark.fr,https://courtiark.fr/fr/logiciel-courtier-prevoyance-saint-etienne,"noindex, follow",non,oui,"indexee historiquement, noindex depuis",/fr/*,"pSEO ville (local, noindex volontaire)",,NOINDEX,haute,page de masse volontairement sortie de l'index ; Google doit la retirer progressivement
https://courtiark.fr/fr/logiciel-courtier-prevoyance-saint-germain-en-laye,fichier statique du depot,200,Logiciel pour courtier prévoyance à Saint-Germain-en-Laye — COURTIA · courtiark.fr,https://courtiark.fr/fr/logiciel-courtier-prevoyance-saint-germain-en-laye,"noindex, follow",non,oui,"indexee historiquement, noindex depuis",/fr/*,"pSEO ville (local, noindex volontaire)",,NOINDEX,haute,page de masse volontairement sortie de l'index ; Google doit la retirer progressivement
https://courtiark.fr/fr/logiciel-courtier-prevoyance-saint-lo,fichier statique du depot,200,Logiciel pour courtier prévoyance à Saint-Lô — COURTIA · courtiark.fr,https://courtiark.fr/fr/logiciel-courtier-prevoyance-saint-lo,"noindex, follow",non,oui,"indexee historiquement, noindex depuis",/fr/*,page heritee non indexable,,NOINDEX,haute,conservee accessible mais hors index : decision editoriale
https://courtiark.fr/fr/logiciel-courtier-prevoyance-saint-malo,fichier statique du depot,200,Logiciel pour courtier prévoyance à Saint-Malo — COURTIA · courtiark.fr,https://courtiark.fr/fr/logiciel-courtier-prevoyance-saint-malo,"noindex, follow",non,oui,"indexee historiquement, noindex depuis",/fr/*,"pSEO ville (local, noindex volontaire)",,NOINDEX,haute,page de masse volontairement sortie de l'index ; Google doit la retirer progressivement
https://courtiark.fr/fr/logiciel-courtier-prevoyance-saint-nazaire,fichier statique du depot,200,Logiciel pour courtier prévoyance à Saint-Nazaire — COURTIA · courtiark.fr,https://courtiark.fr/fr/logiciel-courtier-prevoyance-saint-nazaire,"noindex, follow",non,oui,"indexee historiquement, noindex depuis",/fr/*,"pSEO ville (local, noindex volontaire)",,NOINDEX,haute,page de masse volontairement sortie de l'index ; Google doit la retirer progressivement
https://courtiark.fr/fr/logiciel-courtier-prevoyance-saintes,fichier statique du depot,200,Logiciel pour courtier prévoyance à Saintes — COURTIA · courtiark.fr,https://courtiark.fr/fr/logiciel-courtier-prevoyance-saintes,"noindex, follow",non,oui,"indexee historiquement, noindex depuis",/fr/*,"pSEO ville (local, noindex volontaire)",,NOINDEX,haute,page de masse volontairement sortie de l'index ; Google doit la retirer progressivement
https://courtiark.fr/fr/logiciel-courtier-prevoyance-salon-de-provence,fichier statique du depot,200,Logiciel pour courtier prévoyance à Salon-de-Provence — COURTIA · courtiark.fr,https://courtiark.fr/fr/logiciel-courtier-prevoyance-salon-de-provence,"noindex, follow",non,oui,"indexee historiquement, noindex depuis",/fr/*,"pSEO ville (local, noindex volontaire)",,NOINDEX,haute,page de masse volontairement sortie de l'index ; Google doit la retirer progressivement
https://courtiark.fr/fr/logiciel-courtier-prevoyance-sarcelles,fichier statique du depot,200,Logiciel pour courtier prévoyance à Sarcelles — COURTIA · courtiark.fr,https://courtiark.fr/fr/logiciel-courtier-prevoyance-sarcelles,"noindex, follow",non,oui,"indexee historiquement, noindex depuis",/fr/*,"pSEO ville (local, noindex volontaire)",,NOINDEX,haute,page de masse volontairement sortie de l'index ; Google doit la retirer progressivement
https://courtiark.fr/fr/logiciel-courtier-prevoyance-selestat,fichier statique du depot,200,Logiciel pour courtier prévoyance à Sélestat — COURTIA · courtiark.fr,https://courtiark.fr/fr/logiciel-courtier-prevoyance-selestat,"noindex, follow",non,oui,"indexee historiquement, noindex depuis",/fr/*,"pSEO ville (local, noindex volontaire)",,NOINDEX,haute,page de masse volontairement sortie de l'index ; Google doit la retirer progressivement
https://courtiark.fr/fr/logiciel-courtier-prevoyance-senart,fichier statique du depot,200,Logiciel pour courtier prévoyance à Sénart — COURTIA · courtiark.fr,https://courtiark.fr/fr/logiciel-courtier-prevoyance-senart,"noindex, follow",non,oui,"indexee historiquement, noindex depuis",/fr/*,"pSEO ville (local, noindex volontaire)",,NOINDEX,haute,page de masse volontairement sortie de l'index ; Google doit la retirer progressivement
https://courtiark.fr/fr/logiciel-courtier-prevoyance-sete,fichier statique du depot,200,Logiciel pour courtier prévoyance à Sète — COURTIA · courtiark.fr,https://courtiark.fr/fr/logiciel-courtier-prevoyance-sete,"noindex, follow",non,oui,"indexee historiquement, noindex depuis",/fr/*,"pSEO ville (local, noindex volontaire)",,NOINDEX,haute,page de masse volontairement sortie de l'index ; Google doit la retirer progressivement
https://courtiark.fr/fr/logiciel-courtier-prevoyance-soissons,fichier statique du depot,200,Logiciel pour courtier prévoyance à Soissons — COURTIA · courtiark.fr,https://courtiark.fr/fr/logiciel-courtier-prevoyance-soissons,"noindex, follow",non,oui,"indexee historiquement, noindex depuis",/fr/*,"pSEO ville (local, noindex volontaire)",,NOINDEX,haute,page de masse volontairement sortie de l'index ; Google doit la retirer progressivement
https://courtiark.fr/fr/logiciel-courtier-prevoyance-strasbourg,fichier statique du depot,200,Logiciel pour courtier prévoyance à Strasbourg — COURTIA · courtiark.fr,https://courtiark.fr/fr/logiciel-courtier-prevoyance-strasbourg,"noindex, follow",non,oui,"indexee historiquement, noindex depuis",/fr/*,"pSEO ville (local, noindex volontaire)",,NOINDEX,haute,page de masse volontairement sortie de l'index ; Google doit la retirer progressivement
https://courtiark.fr/fr/logiciel-courtier-prevoyance-tarbes,fichier statique du depot,200,Logiciel pour courtier prévoyance à Tarbes — COURTIA · courtiark.fr,https://courtiark.fr/fr/logiciel-courtier-prevoyance-tarbes,"noindex, follow",non,oui,"indexee historiquement, noindex depuis",/fr/*,"pSEO ville (local, noindex volontaire)",,NOINDEX,haute,page de masse volontairement sortie de l'index ; Google doit la retirer progressivement
https://courtiark.fr/fr/logiciel-courtier-prevoyance-thionville,fichier statique du depot,200,Logiciel pour courtier prévoyance à Thionville — COURTIA · courtiark.fr,https://courtiark.fr/fr/logiciel-courtier-prevoyance-thionville,"noindex, follow",non,oui,"indexee historiquement, noindex depuis",/fr/*,"pSEO ville (local, noindex volontaire)",,NOINDEX,haute,page de masse volontairement sortie de l'index ; Google doit la retirer progressivement
https://courtiark.fr/fr/logiciel-courtier-prevoyance-toulon,fichier statique du depot,200,Logiciel pour courtier prévoyance à Toulon — COURTIA · courtiark.fr,https://courtiark.fr/fr/logiciel-courtier-prevoyance-toulon,"noindex, follow",non,oui,"indexee historiquement, noindex depuis",/fr/*,"pSEO ville (local, noindex volontaire)",,NOINDEX,haute,page de masse volontairement sortie de l'index ; Google doit la retirer progressivement
https://courtiark.fr/fr/logiciel-courtier-prevoyance-toulouse,fichier statique du depot,200,Logiciel pour courtier prévoyance à Toulouse — COURTIA · courtiark.fr,https://courtiark.fr/fr/logiciel-courtier-prevoyance-toulouse,"noindex, follow",non,oui,"indexee historiquement, noindex depuis",/fr/*,"pSEO ville (local, noindex volontaire)",,NOINDEX,haute,page de masse volontairement sortie de l'index ; Google doit la retirer progressivement
https://courtiark.fr/fr/logiciel-courtier-prevoyance-tourcoing,fichier statique du depot,200,Logiciel pour courtier prévoyance à Tourcoing — COURTIA · courtiark.fr,https://courtiark.fr/fr/logiciel-courtier-prevoyance-tourcoing,"noindex, follow",non,oui,"indexee historiquement, noindex depuis",/fr/*,"pSEO ville (local, noindex volontaire)",,NOINDEX,haute,page de masse volontairement sortie de l'index ; Google doit la retirer progressivement
https://courtiark.fr/fr/logiciel-courtier-prevoyance-tours,fichier statique du depot,200,Logiciel pour courtier prévoyance à Tours — COURTIA · courtiark.fr,https://courtiark.fr/fr/logiciel-courtier-prevoyance-tours,"noindex, follow",non,oui,"indexee historiquement, noindex depuis",/fr/*,"pSEO ville (local, noindex volontaire)",,NOINDEX,haute,page de masse volontairement sortie de l'index ; Google doit la retirer progressivement
https://courtiark.fr/fr/logiciel-courtier-prevoyance-troyes,fichier statique du depot,200,Logiciel pour courtier prévoyance à Troyes — COURTIA · courtiark.fr,https://courtiark.fr/fr/logiciel-courtier-prevoyance-troyes,"noindex, follow",non,oui,"indexee historiquement, noindex depuis",/fr/*,"pSEO ville (local, noindex volontaire)",,NOINDEX,haute,page de masse volontairement sortie de l'index ; Google doit la retirer progressivement
https://courtiark.fr/fr/logiciel-courtier-prevoyance-valence,fichier statique du depot,200,Logiciel pour courtier prévoyance à Valence — COURTIA · courtiark.fr,https://courtiark.fr/fr/logiciel-courtier-prevoyance-valence,"noindex, follow",non,oui,"indexee historiquement, noindex depuis",/fr/*,"pSEO ville (local, noindex volontaire)",,NOINDEX,haute,page de masse volontairement sortie de l'index ; Google doit la retirer progressivement
https://courtiark.fr/fr/logiciel-courtier-prevoyance-valenciennes,fichier statique du depot,200,Logiciel pour courtier prévoyance à Valenciennes — COURTIA · courtiark.fr,https://courtiark.fr/fr/logiciel-courtier-prevoyance-valenciennes,"noindex, follow",non,oui,"indexee historiquement, noindex depuis",/fr/*,"pSEO ville (local, noindex volontaire)",,NOINDEX,haute,page de masse volontairement sortie de l'index ; Google doit la retirer progressivement
https://courtiark.fr/fr/logiciel-courtier-prevoyance-vannes,fichier statique du depot,200,Logiciel pour courtier prévoyance à Vannes — COURTIA · courtiark.fr,https://courtiark.fr/fr/logiciel-courtier-prevoyance-vannes,"noindex, follow",non,oui,"indexee historiquement, noindex depuis",/fr/*,"pSEO ville (local, noindex volontaire)",,NOINDEX,haute,page de masse volontairement sortie de l'index ; Google doit la retirer progressivement
https://courtiark.fr/fr/logiciel-courtier-prevoyance-venissieux,fichier statique du depot,200,Logiciel pour courtier prévoyance à Vénissieux — COURTIA · courtiark.fr,https://courtiark.fr/fr/logiciel-courtier-prevoyance-venissieux,"noindex, follow",non,oui,"indexee historiquement, noindex depuis",/fr/*,"pSEO ville (local, noindex volontaire)",,NOINDEX,haute,page de masse volontairement sortie de l'index ; Google doit la retirer progressivement
https://courtiark.fr/fr/logiciel-courtier-prevoyance-versailles,fichier statique du depot,200,Logiciel pour courtier prévoyance à Versailles — COURTIA · courtiark.fr,https://courtiark.fr/fr/logiciel-courtier-prevoyance-versailles,"noindex, follow",non,oui,"indexee historiquement, noindex depuis",/fr/*,"pSEO ville (local, noindex volontaire)",,NOINDEX,haute,page de masse volontairement sortie de l'index ; Google doit la retirer progressivement
https://courtiark.fr/fr/logiciel-courtier-prevoyance-vichy,fichier statique du depot,200,Logiciel pour courtier prévoyance à Vichy — COURTIA · courtiark.fr,https://courtiark.fr/fr/logiciel-courtier-prevoyance-vichy,"noindex, follow",non,oui,"indexee historiquement, noindex depuis",/fr/*,"pSEO ville (local, noindex volontaire)",,NOINDEX,haute,page de masse volontairement sortie de l'index ; Google doit la retirer progressivement
https://courtiark.fr/fr/logiciel-courtier-prevoyance-vierzon,fichier statique du depot,200,Logiciel pour courtier prévoyance à Vierzon — COURTIA · courtiark.fr,https://courtiark.fr/fr/logiciel-courtier-prevoyance-vierzon,"noindex, follow",non,oui,"indexee historiquement, noindex depuis",/fr/*,"pSEO ville (local, noindex volontaire)",,NOINDEX,haute,page de masse volontairement sortie de l'index ; Google doit la retirer progressivement
https://courtiark.fr/fr/logiciel-courtier-prevoyance-villeurbanne,fichier statique du depot,200,Logiciel pour courtier prévoyance à Villeurbanne — COURTIA · courtiark.fr,https://courtiark.fr/fr/logiciel-courtier-prevoyance-villeurbanne,"noindex, follow",non,oui,"indexee historiquement, noindex depuis",/fr/*,"pSEO ville (local, noindex volontaire)",,NOINDEX,haute,page de masse volontairement sortie de l'index ; Google doit la retirer progressivement
https://courtiark.fr/fr/logiciel-courtier-prevoyance-vincennes,fichier statique du depot,200,Logiciel pour courtier prévoyance à Vincennes — COURTIA · courtiark.fr,https://courtiark.fr/fr/logiciel-courtier-prevoyance-vincennes,"noindex, follow",non,oui,"indexee historiquement, noindex depuis",/fr/*,"pSEO ville (local, noindex volontaire)",,NOINDEX,haute,page de masse volontairement sortie de l'index ; Google doit la retirer progressivement
https://courtiark.fr/fr/logiciel-courtier-renouvellements,fichier statique du depot,200,Gestion des renouvellements et des échéances — COURTIA,https://courtiark.fr/fr/logiciel-courtier-renouvellements,"index, follow",non,oui,"indexee (historique, d'apres le rapport Search Console)",/fr/*,doublon semantique de l'ancien plan,https://courtiark.fr/fonctionnalites/renouvellements-assurance,REDIRECT_308,haute,"correspondance par sujet, a confirmer si le contenu diverge"
https://courtiark.fr/fr/logiciel-courtier-sante,fichier statique du depot,200,Logiciel pour courtier santé — COURTIA · courtiark.fr,https://courtiark.fr/fr/logiciel-courtier-sante,"index, follow, max-image-preview:large",non,oui,"indexee (historique, d'apres le rapport Search Console)",/fr/*,doublon semantique de l'ancien plan,https://courtiark.fr/crm-courtier-assurance,REDIRECT_308,moyenne,"correspondance par sujet, a confirmer si le contenu diverge"
https://courtiark.fr/fr/logiciel-courtier-sante-agen,fichier statique du depot,200,Logiciel pour courtier santé à Agen — COURTIA · courtiark.fr,https://courtiark.fr/fr/logiciel-courtier-sante-agen,"noindex, follow",non,oui,"indexee historiquement, noindex depuis",/fr/*,"pSEO ville (local, noindex volontaire)",,NOINDEX,haute,page de masse volontairement sortie de l'index ; Google doit la retirer progressivement
https://courtiark.fr/fr/logiciel-courtier-sante-aix-en-provence,fichier statique du depot,200,Logiciel pour courtier santé à Aix-en-Provence — COURTIA · courtiark.fr,https://courtiark.fr/fr/logiciel-courtier-sante-aix-en-provence,"noindex, follow",non,oui,"indexee historiquement, noindex depuis",/fr/*,"pSEO ville (local, noindex volontaire)",,NOINDEX,haute,page de masse volontairement sortie de l'index ; Google doit la retirer progressivement
https://courtiark.fr/fr/logiciel-courtier-sante-ajaccio,fichier statique du depot,200,Logiciel pour courtier santé à Ajaccio — COURTIA · courtiark.fr,https://courtiark.fr/fr/logiciel-courtier-sante-ajaccio,"noindex, follow",non,oui,"indexee historiquement, noindex depuis",/fr/*,"pSEO ville (local, noindex volontaire)",,NOINDEX,haute,page de masse volontairement sortie de l'index ; Google doit la retirer progressivement
https://courtiark.fr/fr/logiciel-courtier-sante-albi,fichier statique du depot,200,Logiciel pour courtier santé à Albi — COURTIA · courtiark.fr,https://courtiark.fr/fr/logiciel-courtier-sante-albi,"noindex, follow",non,oui,"indexee historiquement, noindex depuis",/fr/*,"pSEO ville (local, noindex volontaire)",,NOINDEX,haute,page de masse volontairement sortie de l'index ; Google doit la retirer progressivement
https://courtiark.fr/fr/logiciel-courtier-sante-alencon,fichier statique du depot,200,Logiciel pour courtier santé à Alençon — COURTIA · courtiark.fr,https://courtiark.fr/fr/logiciel-courtier-sante-alencon,"noindex, follow",non,oui,"indexee historiquement, noindex depuis",/fr/*,"pSEO ville (local, noindex volontaire)",,NOINDEX,haute,page de masse volontairement sortie de l'index ; Google doit la retirer progressivement
https://courtiark.fr/fr/logiciel-courtier-sante-amiens,fichier statique du depot,200,Logiciel pour courtier santé à Amiens — COURTIA · courtiark.fr,https://courtiark.fr/fr/logiciel-courtier-sante-amiens,"noindex, follow",non,oui,"indexee historiquement, noindex depuis",/fr/*,"pSEO ville (local, noindex volontaire)",,NOINDEX,haute,page de masse volontairement sortie de l'index ; Google doit la retirer progressivement
https://courtiark.fr/fr/logiciel-courtier-sante-angers,fichier statique du depot,200,Logiciel pour courtier santé à Angers — COURTIA · courtiark.fr,https://courtiark.fr/fr/logiciel-courtier-sante-angers,"noindex, follow",non,oui,"indexee historiquement, noindex depuis",/fr/*,"pSEO ville (local, noindex volontaire)",,NOINDEX,haute,page de masse volontairement sortie de l'index ; Google doit la retirer progressivement
https://courtiark.fr/fr/logiciel-courtier-sante-anglet,fichier statique du depot,200,Logiciel pour courtier santé à Anglet — COURTIA · courtiark.fr,https://courtiark.fr/fr/logiciel-courtier-sante-anglet,"noindex, follow",non,oui,"indexee historiquement, noindex depuis",/fr/*,"pSEO ville (local, noindex volontaire)",,NOINDEX,haute,page de masse volontairement sortie de l'index ; Google doit la retirer progressivement
https://courtiark.fr/fr/logiciel-courtier-sante-angouleme,fichier statique du depot,200,Logiciel pour courtier santé à Angoulême — COURTIA · courtiark.fr,https://courtiark.fr/fr/logiciel-courtier-sante-angouleme,"noindex, follow",non,oui,"indexee historiquement, noindex depuis",/fr/*,"pSEO ville (local, noindex volontaire)",,NOINDEX,haute,page de masse volontairement sortie de l'index ; Google doit la retirer progressivement
https://courtiark.fr/fr/logiciel-courtier-sante-annecy,fichier statique du depot,200,Logiciel pour courtier santé à Annecy — COURTIA · courtiark.fr,https://courtiark.fr/fr/logiciel-courtier-sante-annecy,"noindex, follow",non,oui,"indexee historiquement, noindex depuis",/fr/*,"pSEO ville (local, noindex volontaire)",,NOINDEX,haute,page de masse volontairement sortie de l'index ; Google doit la retirer progressivement
https://courtiark.fr/fr/logiciel-courtier-sante-antibes,fichier statique du depot,200,Logiciel pour courtier santé à Antibes — COURTIA · courtiark.fr,https://courtiark.fr/fr/logiciel-courtier-sante-antibes,"noindex, follow",non,oui,"indexee historiquement, noindex depuis",/fr/*,"pSEO ville (local, noindex volontaire)",,NOINDEX,haute,page de masse volontairement sortie de l'index ; Google doit la retirer progressivement
https://courtiark.fr/fr/logiciel-courtier-sante-antony,fichier statique du depot,200,Logiciel pour courtier santé à Antony — COURTIA · courtiark.fr,https://courtiark.fr/fr/logiciel-courtier-sante-antony,"noindex, follow",non,oui,"indexee historiquement, noindex depuis",/fr/*,"pSEO ville (local, noindex volontaire)",,NOINDEX,haute,page de masse volontairement sortie de l'index ; Google doit la retirer progressivement
https://courtiark.fr/fr/logiciel-courtier-sante-arles,fichier statique du depot,200,Logiciel pour courtier santé à Arles — COURTIA · courtiark.fr,https://courtiark.fr/fr/logiciel-courtier-sante-arles,"noindex, follow",non,oui,"indexee historiquement, noindex depuis",/fr/*,"pSEO ville (local, noindex volontaire)",,NOINDEX,haute,page de masse volontairement sortie de l'index ; Google doit la retirer progressivement
https://courtiark.fr/fr/logiciel-courtier-sante-arras,fichier statique du depot,200,Logiciel pour courtier santé à Arras — COURTIA · courtiark.fr,https://courtiark.fr/fr/logiciel-courtier-sante-arras,"noindex, follow",non,oui,"indexee historiquement, noindex depuis",/fr/*,"pSEO ville (local, noindex volontaire)",,NOINDEX,haute,page de masse volontairement sortie de l'index ; Google doit la retirer progressivement
https://courtiark.fr/fr/logiciel-courtier-sante-aubagne,fichier statique du depot,200,Logiciel pour courtier santé à Aubagne — COURTIA · courtiark.fr,https://courtiark.fr/fr/logiciel-courtier-sante-aubagne,"noindex, follow",non,oui,"indexee historiquement, noindex depuis",/fr/*,"pSEO ville (local, noindex volontaire)",,NOINDEX,haute,page de masse volontairement sortie de l'index ; Google doit la retirer progressivement
https://courtiark.fr/fr/logiciel-courtier-sante-aubervilliers,fichier statique du depot,200,Logiciel pour courtier santé à Aubervilliers — COURTIA · courtiark.fr,https://courtiark.fr/fr/logiciel-courtier-sante-aubervilliers,"noindex, follow",non,oui,"indexee historiquement, noindex depuis",/fr/*,"pSEO ville (local, noindex volontaire)",,NOINDEX,haute,page de masse volontairement sortie de l'index ; Google doit la retirer progressivement
https://courtiark.fr/fr/logiciel-courtier-sante-auch,fichier statique du depot,200,Logiciel pour courtier santé à Auch — COURTIA · courtiark.fr,https://courtiark.fr/fr/logiciel-courtier-sante-auch,"noindex, follow",non,oui,"indexee historiquement, noindex depuis",/fr/*,"pSEO ville (local, noindex volontaire)",,NOINDEX,haute,page de masse volontairement sortie de l'index ; Google doit la retirer progressivement
https://courtiark.fr/fr/logiciel-courtier-sante-aulnay-sous-bois,fichier statique du depot,200,Logiciel pour courtier santé à Aulnay-sous-Bois — COURTIA · courtiark.fr,https://courtiark.fr/fr/logiciel-courtier-sante-aulnay-sous-bois,"noindex, follow",non,oui,"indexee historiquement, noindex depuis",/fr/*,"pSEO ville (local, noindex volontaire)",,NOINDEX,haute,page de masse volontairement sortie de l'index ; Google doit la retirer progressivement
https://courtiark.fr/fr/logiciel-courtier-sante-avignon,fichier statique du depot,200,Logiciel pour courtier santé à Avignon — COURTIA · courtiark.fr,https://courtiark.fr/fr/logiciel-courtier-sante-avignon,"noindex, follow",non,oui,"indexee historiquement, noindex depuis",/fr/*,"pSEO ville (local, noindex volontaire)",,NOINDEX,haute,page de masse volontairement sortie de l'index ; Google doit la retirer progressivement
https://courtiark.fr/fr/logiciel-courtier-sante-bagnolet,fichier statique du depot,200,Logiciel pour courtier santé à Bagnolet — COURTIA · courtiark.fr,https://courtiark.fr/fr/logiciel-courtier-sante-bagnolet,"noindex, follow",non,oui,"indexee historiquement, noindex depuis",/fr/*,"pSEO ville (local, noindex volontaire)",,NOINDEX,haute,page de masse volontairement sortie de l'index ; Google doit la retirer progressivement
https://courtiark.fr/fr/logiciel-courtier-sante-bastia,fichier statique du depot,200,Logiciel pour courtier santé à Bastia — COURTIA · courtiark.fr,https://courtiark.fr/fr/logiciel-courtier-sante-bastia,"noindex, follow",non,oui,"indexee historiquement, noindex depuis",/fr/*,"pSEO ville (local, noindex volontaire)",,NOINDEX,haute,page de masse volontairement sortie de l'index ; Google doit la retirer progressivement
https://courtiark.fr/fr/logiciel-courtier-sante-bayeux,fichier statique du depot,200,Logiciel pour courtier santé à Bayeux — COURTIA · courtiark.fr,https://courtiark.fr/fr/logiciel-courtier-sante-bayeux,"noindex, follow",non,oui,"indexee historiquement, noindex depuis",/fr/*,"pSEO ville (local, noindex volontaire)",,NOINDEX,haute,page de masse volontairement sortie de l'index ; Google doit la retirer progressivement
https://courtiark.fr/fr/logiciel-courtier-sante-bayonne,fichier statique du depot,200,Logiciel pour courtier santé à Bayonne — COURTIA · courtiark.fr,https://courtiark.fr/fr/logiciel-courtier-sante-bayonne,"noindex, follow",non,oui,"indexee historiquement, noindex depuis",/fr/*,"pSEO ville (local, noindex volontaire)",,NOINDEX,haute,page de masse volontairement sortie de l'index ; Google doit la retirer progressivement
https://courtiark.fr/fr/logiciel-courtier-sante-beauvais,fichier statique du depot,200,Logiciel pour courtier santé à Beauvais — COURTIA · courtiark.fr,https://courtiark.fr/fr/logiciel-courtier-sante-beauvais,"noindex, follow",non,oui,"indexee historiquement, noindex depuis",/fr/*,"pSEO ville (local, noindex volontaire)",,NOINDEX,haute,page de masse volontairement sortie de l'index ; Google doit la retirer progressivement
https://courtiark.fr/fr/logiciel-courtier-sante-belfort,fichier statique du depot,200,Logiciel pour courtier santé à Belfort — COURTIA · courtiark.fr,https://courtiark.fr/fr/logiciel-courtier-sante-belfort,"noindex, follow",non,oui,"indexee historiquement, noindex depuis",/fr/*,"pSEO ville (local, noindex volontaire)",,NOINDEX,haute,page de masse volontairement sortie de l'index ; Google doit la retirer progressivement
https://courtiark.fr/fr/logiciel-courtier-sante-bergerac,fichier statique du depot,200,Logiciel pour courtier santé à Bergerac — COURTIA · courtiark.fr,https://courtiark.fr/fr/logiciel-courtier-sante-bergerac,"noindex, follow",non,oui,"indexee historiquement, noindex depuis",/fr/*,"pSEO ville (local, noindex volontaire)",,NOINDEX,haute,page de masse volontairement sortie de l'index ; Google doit la retirer progressivement
https://courtiark.fr/fr/logiciel-courtier-sante-besancon,fichier statique du depot,200,Logiciel pour courtier santé à Besançon — COURTIA · courtiark.fr,https://courtiark.fr/fr/logiciel-courtier-sante-besancon,"noindex, follow",non,oui,"indexee historiquement, noindex depuis",/fr/*,"pSEO ville (local, noindex volontaire)",,NOINDEX,haute,page de masse volontairement sortie de l'index ; Google doit la retirer progressivement
https://courtiark.fr/fr/logiciel-courtier-sante-beziers,fichier statique du depot,200,Logiciel pour courtier santé à Béziers — COURTIA · courtiark.fr,https://courtiark.fr/fr/logiciel-courtier-sante-beziers,"noindex, follow",non,oui,"indexee historiquement, noindex depuis",/fr/*,"pSEO ville (local, noindex volontaire)",,NOINDEX,haute,page de masse volontairement sortie de l'index ; Google doit la retirer progressivement
https://courtiark.fr/fr/logiciel-courtier-sante-biarritz,fichier statique du depot,200,Logiciel pour courtier santé à Biarritz — COURTIA · courtiark.fr,https://courtiark.fr/fr/logiciel-courtier-sante-biarritz,"noindex, follow",non,oui,"indexee historiquement, noindex depuis",/fr/*,"pSEO ville (local, noindex volontaire)",,NOINDEX,haute,page de masse volontairement sortie de l'index ; Google doit la retirer progressivement
https://courtiark.fr/fr/logiciel-courtier-sante-blois,fichier statique du depot,200,Logiciel pour courtier santé à Blois — COURTIA · courtiark.fr,https://courtiark.fr/fr/logiciel-courtier-sante-blois,"noindex, follow",non,oui,"indexee historiquement, noindex depuis",/fr/*,"pSEO ville (local, noindex volontaire)",,NOINDEX,haute,page de masse volontairement sortie de l'index ; Google doit la retirer progressivement
https://courtiark.fr/fr/logiciel-courtier-sante-bobigny,fichier statique du depot,200,Logiciel pour courtier santé à Bobigny — COURTIA · courtiark.fr,https://courtiark.fr/fr/logiciel-courtier-sante-bobigny,"noindex, follow",non,oui,"indexee historiquement, noindex depuis",/fr/*,"pSEO ville (local, noindex volontaire)",,NOINDEX,haute,page de masse volontairement sortie de l'index ; Google doit la retirer progressivement
https://courtiark.fr/fr/logiciel-courtier-sante-bondy,fichier statique du depot,200,Logiciel pour courtier santé à Bondy — COURTIA · courtiark.fr,https://courtiark.fr/fr/logiciel-courtier-sante-bondy,"noindex, follow",non,oui,"indexee historiquement, noindex depuis",/fr/*,"pSEO ville (local, noindex volontaire)",,NOINDEX,haute,page de masse volontairement sortie de l'index ; Google doit la retirer progressivement
https://courtiark.fr/fr/logiciel-courtier-sante-bordeaux,fichier statique du depot,200,Logiciel pour courtier santé à Bordeaux — COURTIA · courtiark.fr,https://courtiark.fr/fr/logiciel-courtier-sante-bordeaux,"noindex, follow",non,oui,"indexee historiquement, noindex depuis",/fr/*,"pSEO ville (local, noindex volontaire)",,NOINDEX,haute,page de masse volontairement sortie de l'index ; Google doit la retirer progressivement
https://courtiark.fr/fr/logiciel-courtier-sante-boulogne-sur-mer,fichier statique du depot,200,Logiciel pour courtier santé à Boulogne-sur-Mer — COURTIA · courtiark.fr,https://courtiark.fr/fr/logiciel-courtier-sante-boulogne-sur-mer,"noindex, follow",non,oui,"indexee historiquement, noindex depuis",/fr/*,page heritee non indexable,,NOINDEX,haute,conservee accessible mais hors index : decision editoriale
https://courtiark.fr/fr/logiciel-courtier-sante-bourg-en-bresse,fichier statique du depot,200,Logiciel pour courtier santé à Bourg-en-Bresse — COURTIA · courtiark.fr,https://courtiark.fr/fr/logiciel-courtier-sante-bourg-en-bresse,"noindex, follow",non,oui,"indexee historiquement, noindex depuis",/fr/*,"pSEO ville (local, noindex volontaire)",,NOINDEX,haute,page de masse volontairement sortie de l'index ; Google doit la retirer progressivement
https://courtiark.fr/fr/logiciel-courtier-sante-bourges,fichier statique du depot,200,Logiciel pour courtier santé à Bourges — COURTIA · courtiark.fr,https://courtiark.fr/fr/logiciel-courtier-sante-bourges,"noindex, follow",non,oui,"indexee historiquement, noindex depuis",/fr/*,"pSEO ville (local, noindex volontaire)",,NOINDEX,haute,page de masse volontairement sortie de l'index ; Google doit la retirer progressivement
https://courtiark.fr/fr/logiciel-courtier-sante-brest,fichier statique du depot,200,Logiciel pour courtier santé à Brest — COURTIA · courtiark.fr,https://courtiark.fr/fr/logiciel-courtier-sante-brest,"noindex, follow",non,oui,"indexee historiquement, noindex depuis",/fr/*,"pSEO ville (local, noindex volontaire)",,NOINDEX,haute,page de masse volontairement sortie de l'index ; Google doit la retirer progressivement
https://courtiark.fr/fr/logiciel-courtier-sante-caen,fichier statique du depot,200,Logiciel pour courtier santé à Caen — COURTIA · courtiark.fr,https://courtiark.fr/fr/logiciel-courtier-sante-caen,"noindex, follow",non,oui,"indexee historiquement, noindex depuis",/fr/*,"pSEO ville (local, noindex volontaire)",,NOINDEX,haute,page de masse volontairement sortie de l'index ; Google doit la retirer progressivement
https://courtiark.fr/fr/logiciel-courtier-sante-cagnes-sur-mer,fichier statique du depot,200,Logiciel pour courtier santé à Cagnes-sur-Mer — COURTIA · courtiark.fr,https://courtiark.fr/fr/logiciel-courtier-sante-cagnes-sur-mer,"noindex, follow",non,oui,"indexee historiquement, noindex depuis",/fr/*,page heritee non indexable,,NOINDEX,haute,conservee accessible mais hors index : decision editoriale
https://courtiark.fr/fr/logiciel-courtier-sante-cahors,fichier statique du depot,200,Logiciel pour courtier santé à Cahors — COURTIA · courtiark.fr,https://courtiark.fr/fr/logiciel-courtier-sante-cahors,"noindex, follow",non,oui,"indexee historiquement, noindex depuis",/fr/*,"pSEO ville (local, noindex volontaire)",,NOINDEX,haute,page de masse volontairement sortie de l'index ; Google doit la retirer progressivement
https://courtiark.fr/fr/logiciel-courtier-sante-calais,fichier statique du depot,200,Logiciel pour courtier santé à Calais — COURTIA · courtiark.fr,https://courtiark.fr/fr/logiciel-courtier-sante-calais,"noindex, follow",non,oui,"indexee historiquement, noindex depuis",/fr/*,"pSEO ville (local, noindex volontaire)",,NOINDEX,haute,page de masse volontairement sortie de l'index ; Google doit la retirer progressivement
https://courtiark.fr/fr/logiciel-courtier-sante-cambrai,fichier statique du depot,200,Logiciel pour courtier santé à Cambrai — COURTIA · courtiark.fr,https://courtiark.fr/fr/logiciel-courtier-sante-cambrai,"noindex, follow",non,oui,"indexee historiquement, noindex depuis",/fr/*,"pSEO ville (local, noindex volontaire)",,NOINDEX,haute,page de masse volontairement sortie de l'index ; Google doit la retirer progressivement
https://courtiark.fr/fr/logiciel-courtier-sante-cannes,fichier statique du depot,200,Logiciel pour courtier santé à Cannes — COURTIA · courtiark.fr,https://courtiark.fr/fr/logiciel-courtier-sante-cannes,"noindex, follow",non,oui,"indexee historiquement, noindex depuis",/fr/*,"pSEO ville (local, noindex volontaire)",,NOINDEX,haute,page de masse volontairement sortie de l'index ; Google doit la retirer progressivement
https://courtiark.fr/fr/logiciel-courtier-sante-carcassonne,fichier statique du depot,200,Logiciel pour courtier santé à Carcassonne — COURTIA · courtiark.fr,https://courtiark.fr/fr/logiciel-courtier-sante-carcassonne,"noindex, follow",non,oui,"indexee historiquement, noindex depuis",/fr/*,"pSEO ville (local, noindex volontaire)",,NOINDEX,haute,page de masse volontairement sortie de l'index ; Google doit la retirer progressivement
https://courtiark.fr/fr/logiciel-courtier-sante-carpentras,fichier statique du depot,200,Logiciel pour courtier santé à Carpentras — COURTIA · courtiark.fr,https://courtiark.fr/fr/logiciel-courtier-sante-carpentras,"noindex, follow",non,oui,"indexee historiquement, noindex depuis",/fr/*,"pSEO ville (local, noindex volontaire)",,NOINDEX,haute,page de masse volontairement sortie de l'index ; Google doit la retirer progressivement
https://courtiark.fr/fr/logiciel-courtier-sante-cergy,fichier statique du depot,200,Logiciel pour courtier santé à Cergy — COURTIA · courtiark.fr,https://courtiark.fr/fr/logiciel-courtier-sante-cergy,"noindex, follow",non,oui,"indexee historiquement, noindex depuis",/fr/*,"pSEO ville (local, noindex volontaire)",,NOINDEX,haute,page de masse volontairement sortie de l'index ; Google doit la retirer progressivement
https://courtiark.fr/fr/logiciel-courtier-sante-chalon-sur-saone,fichier statique du depot,200,Logiciel pour courtier santé à Chalon-sur-Saône — COURTIA · courtiark.fr,https://courtiark.fr/fr/logiciel-courtier-sante-chalon-sur-saone,"noindex, follow",non,oui,"indexee historiquement, noindex depuis",/fr/*,"pSEO ville (local, noindex volontaire)",,NOINDEX,haute,page de masse volontairement sortie de l'index ; Google doit la retirer progressivement
https://courtiark.fr/fr/logiciel-courtier-sante-chambery,fichier statique du depot,200,Logiciel pour courtier santé à Chambéry — COURTIA · courtiark.fr,https://courtiark.fr/fr/logiciel-courtier-sante-chambery,"noindex, follow",non,oui,"indexee historiquement, noindex depuis",/fr/*,"pSEO ville (local, noindex volontaire)",,NOINDEX,haute,page de masse volontairement sortie de l'index ; Google doit la retirer progressivement
https://courtiark.fr/fr/logiciel-courtier-sante-charenton,fichier statique du depot,200,Logiciel pour courtier santé à Charenton — COURTIA · courtiark.fr,https://courtiark.fr/fr/logiciel-courtier-sante-charenton,"noindex, follow",non,oui,"indexee historiquement, noindex depuis",/fr/*,"pSEO ville (local, noindex volontaire)",,NOINDEX,haute,page de masse volontairement sortie de l'index ; Google doit la retirer progressivement
https://courtiark.fr/fr/logiciel-courtier-sante-charleville-mezieres,fichier statique du depot,200,Logiciel pour courtier santé à Charleville-Mézières — COURTIA · courtiark.fr,https://courtiark.fr/fr/logiciel-courtier-sante-charleville-mezieres,"noindex, follow",non,oui,"indexee historiquement, noindex depuis",/fr/*,"pSEO ville (local, noindex volontaire)",,NOINDEX,haute,page de masse volontairement sortie de l'index ; Google doit la retirer progressivement
https://courtiark.fr/fr/logiciel-courtier-sante-chartres,fichier statique du depot,200,Logiciel pour courtier santé à Chartres — COURTIA · courtiark.fr,https://courtiark.fr/fr/logiciel-courtier-sante-chartres,"noindex, follow",non,oui,"indexee historiquement, noindex depuis",/fr/*,"pSEO ville (local, noindex volontaire)",,NOINDEX,haute,page de masse volontairement sortie de l'index ; Google doit la retirer progressivement
https://courtiark.fr/fr/logiciel-courtier-sante-chateauroux,fichier statique du depot,200,Logiciel pour courtier santé à Châteauroux — COURTIA · courtiark.fr,https://courtiark.fr/fr/logiciel-courtier-sante-chateauroux,"noindex, follow",non,oui,"indexee historiquement, noindex depuis",/fr/*,"pSEO ville (local, noindex volontaire)",,NOINDEX,haute,page de masse volontairement sortie de l'index ; Google doit la retirer progressivement
https://courtiark.fr/fr/logiciel-courtier-sante-chelles,fichier statique du depot,200,Logiciel pour courtier santé à Chelles — COURTIA · courtiark.fr,https://courtiark.fr/fr/logiciel-courtier-sante-chelles,"noindex, follow",non,oui,"indexee historiquement, noindex depuis",/fr/*,"pSEO ville (local, noindex volontaire)",,NOINDEX,haute,page de masse volontairement sortie de l'index ; Google doit la retirer progressivement
https://courtiark.fr/fr/logiciel-courtier-sante-cherbourg,fichier statique du depot,200,Logiciel pour courtier santé à Cherbourg — COURTIA · courtiark.fr,https://courtiark.fr/fr/logiciel-courtier-sante-cherbourg,"noindex, follow",non,oui,"indexee historiquement, noindex depuis",/fr/*,"pSEO ville (local, noindex volontaire)",,NOINDEX,haute,page de masse volontairement sortie de l'index ; Google doit la retirer progressivement
https://courtiark.fr/fr/logiciel-courtier-sante-cholet,fichier statique du depot,200,Logiciel pour courtier santé à Cholet — COURTIA · courtiark.fr,https://courtiark.fr/fr/logiciel-courtier-sante-cholet,"noindex, follow",non,oui,"indexee historiquement, noindex depuis",/fr/*,"pSEO ville (local, noindex volontaire)",,NOINDEX,haute,page de masse volontairement sortie de l'index ; Google doit la retirer progressivement
https://courtiark.fr/fr/logiciel-courtier-sante-clermont-ferrand,fichier statique du depot,200,Logiciel pour courtier santé à Clermont-Ferrand — COURTIA · courtiark.fr,https://courtiark.fr/fr/logiciel-courtier-sante-clermont-ferrand,"noindex, follow",non,oui,"indexee historiquement, noindex depuis",/fr/*,"pSEO ville (local, noindex volontaire)",,NOINDEX,haute,page de masse volontairement sortie de l'index ; Google doit la retirer progressivement
https://courtiark.fr/fr/logiciel-courtier-sante-clichy,fichier statique du depot,200,Logiciel pour courtier santé à Clichy — COURTIA · courtiark.fr,https://courtiark.fr/fr/logiciel-courtier-sante-clichy,"noindex, follow",non,oui,"indexee historiquement, noindex depuis",/fr/*,"pSEO ville (local, noindex volontaire)",,NOINDEX,haute,page de masse volontairement sortie de l'index ; Google doit la retirer progressivement
https://courtiark.fr/fr/logiciel-courtier-sante-colmar,fichier statique du depot,200,Logiciel pour courtier santé à Colmar — COURTIA · courtiark.fr,https://courtiark.fr/fr/logiciel-courtier-sante-colmar,"noindex, follow",non,oui,"indexee historiquement, noindex depuis",/fr/*,"pSEO ville (local, noindex volontaire)",,NOINDEX,haute,page de masse volontairement sortie de l'index ; Google doit la retirer progressivement
https://courtiark.fr/fr/logiciel-courtier-sante-compiegne,fichier statique du depot,200,Logiciel pour courtier santé à Compiègne — COURTIA · courtiark.fr,https://courtiark.fr/fr/logiciel-courtier-sante-compiegne,"noindex, follow",non,oui,"indexee historiquement, noindex depuis",/fr/*,"pSEO ville (local, noindex volontaire)",,NOINDEX,haute,page de masse volontairement sortie de l'index ; Google doit la retirer progressivement
https://courtiark.fr/fr/logiciel-courtier-sante-courbevoie,fichier statique du depot,200,Logiciel pour courtier santé à Courbevoie — COURTIA · courtiark.fr,https://courtiark.fr/fr/logiciel-courtier-sante-courbevoie,"noindex, follow",non,oui,"indexee historiquement, noindex depuis",/fr/*,"pSEO ville (local, noindex volontaire)",,NOINDEX,haute,page de masse volontairement sortie de l'index ; Google doit la retirer progressivement
https://courtiark.fr/fr/logiciel-courtier-sante-creteil,fichier statique du depot,200,Logiciel pour courtier santé à Créteil — COURTIA · courtiark.fr,https://courtiark.fr/fr/logiciel-courtier-sante-creteil,"noindex, follow",non,oui,"indexee historiquement, noindex depuis",/fr/*,"pSEO ville (local, noindex volontaire)",,NOINDEX,haute,page de masse volontairement sortie de l'index ; Google doit la retirer progressivement
https://courtiark.fr/fr/logiciel-courtier-sante-dax,fichier statique du depot,200,Logiciel pour courtier santé à Dax — COURTIA · courtiark.fr,https://courtiark.fr/fr/logiciel-courtier-sante-dax,"noindex, follow",non,oui,"indexee historiquement, noindex depuis",/fr/*,page heritee non indexable,,NOINDEX,haute,conservee accessible mais hors index : decision editoriale
https://courtiark.fr/fr/logiciel-courtier-sante-dijon,fichier statique du depot,200,Logiciel pour courtier santé à Dijon — COURTIA · courtiark.fr,https://courtiark.fr/fr/logiciel-courtier-sante-dijon,"noindex, follow",non,oui,"indexee historiquement, noindex depuis",/fr/*,"pSEO ville (local, noindex volontaire)",,NOINDEX,haute,page de masse volontairement sortie de l'index ; Google doit la retirer progressivement
https://courtiark.fr/fr/logiciel-courtier-sante-dole,fichier statique du depot,200,Logiciel pour courtier santé à Dole — COURTIA · courtiark.fr,https://courtiark.fr/fr/logiciel-courtier-sante-dole,"noindex, follow",non,oui,"indexee historiquement, noindex depuis",/fr/*,"pSEO ville (local, noindex volontaire)",,NOINDEX,haute,page de masse volontairement sortie de l'index ; Google doit la retirer progressivement
https://courtiark.fr/fr/logiciel-courtier-sante-douai,fichier statique du depot,200,Logiciel pour courtier santé à Douai — COURTIA · courtiark.fr,https://courtiark.fr/fr/logiciel-courtier-sante-douai,"noindex, follow",non,oui,"indexee historiquement, noindex depuis",/fr/*,"pSEO ville (local, noindex volontaire)",,NOINDEX,haute,page de masse volontairement sortie de l'index ; Google doit la retirer progressivement
https://courtiark.fr/fr/logiciel-courtier-sante-draguignan,fichier statique du depot,200,Logiciel pour courtier santé à Draguignan — COURTIA · courtiark.fr,https://courtiark.fr/fr/logiciel-courtier-sante-draguignan,"noindex, follow",non,oui,"indexee historiquement, noindex depuis",/fr/*,"pSEO ville (local, noindex volontaire)",,NOINDEX,haute,page de masse volontairement sortie de l'index ; Google doit la retirer progressivement
https://courtiark.fr/fr/logiciel-courtier-sante-drancy,fichier statique du depot,200,Logiciel pour courtier santé à Drancy — COURTIA · courtiark.fr,https://courtiark.fr/fr/logiciel-courtier-sante-drancy,"noindex, follow",non,oui,"indexee historiquement, noindex depuis",/fr/*,"pSEO ville (local, noindex volontaire)",,NOINDEX,haute,page de masse volontairement sortie de l'index ; Google doit la retirer progressivement
https://courtiark.fr/fr/logiciel-courtier-sante-dreux,fichier statique du depot,200,Logiciel pour courtier santé à Dreux — COURTIA · courtiark.fr,https://courtiark.fr/fr/logiciel-courtier-sante-dreux,"noindex, follow",non,oui,"indexee historiquement, noindex depuis",/fr/*,"pSEO ville (local, noindex volontaire)",,NOINDEX,haute,page de masse volontairement sortie de l'index ; Google doit la retirer progressivement
https://courtiark.fr/fr/logiciel-courtier-sante-dunkerque,fichier statique du depot,200,Logiciel pour courtier santé à Dunkerque — COURTIA · courtiark.fr,https://courtiark.fr/fr/logiciel-courtier-sante-dunkerque,"noindex, follow",non,oui,"indexee historiquement, noindex depuis",/fr/*,"pSEO ville (local, noindex volontaire)",,NOINDEX,haute,page de masse volontairement sortie de l'index ; Google doit la retirer progressivement
https://courtiark.fr/fr/logiciel-courtier-sante-epinal,fichier statique du depot,200,Logiciel pour courtier santé à Épinal — COURTIA · courtiark.fr,https://courtiark.fr/fr/logiciel-courtier-sante-epinal,"noindex, follow",non,oui,"indexee historiquement, noindex depuis",/fr/*,"pSEO ville (local, noindex volontaire)",,NOINDEX,haute,page de masse volontairement sortie de l'index ; Google doit la retirer progressivement
https://courtiark.fr/fr/logiciel-courtier-sante-evreux,fichier statique du depot,200,Logiciel pour courtier santé à Évreux — COURTIA · courtiark.fr,https://courtiark.fr/fr/logiciel-courtier-sante-evreux,"noindex, follow",non,oui,"indexee historiquement, noindex depuis",/fr/*,"pSEO ville (local, noindex volontaire)",,NOINDEX,haute,page de masse volontairement sortie de l'index ; Google doit la retirer progressivement
https://courtiark.fr/fr/logiciel-courtier-sante-evry,fichier statique du depot,200,Logiciel pour courtier santé à Évry — COURTIA · courtiark.fr,https://courtiark.fr/fr/logiciel-courtier-sante-evry,"noindex, follow",non,oui,"indexee historiquement, noindex depuis",/fr/*,"pSEO ville (local, noindex volontaire)",,NOINDEX,haute,page de masse volontairement sortie de l'index ; Google doit la retirer progressivement
https://courtiark.fr/fr/logiciel-courtier-sante-fontainebleau,fichier statique du depot,200,Logiciel pour courtier santé à Fontainebleau — COURTIA · courtiark.fr,https://courtiark.fr/fr/logiciel-courtier-sante-fontainebleau,"noindex, follow",non,oui,"indexee historiquement, noindex depuis",/fr/*,"pSEO ville (local, noindex volontaire)",,NOINDEX,haute,page de masse volontairement sortie de l'index ; Google doit la retirer progressivement
https://courtiark.fr/fr/logiciel-courtier-sante-forbach,fichier statique du depot,200,Logiciel pour courtier santé à Forbach — COURTIA · courtiark.fr,https://courtiark.fr/fr/logiciel-courtier-sante-forbach,"noindex, follow",non,oui,"indexee historiquement, noindex depuis",/fr/*,"pSEO ville (local, noindex volontaire)",,NOINDEX,haute,page de masse volontairement sortie de l'index ; Google doit la retirer progressivement
https://courtiark.fr/fr/logiciel-courtier-sante-frejus,fichier statique du depot,200,Logiciel pour courtier santé à Fréjus — COURTIA · courtiark.fr,https://courtiark.fr/fr/logiciel-courtier-sante-frejus,"noindex, follow",non,oui,"indexee historiquement, noindex depuis",/fr/*,"pSEO ville (local, noindex volontaire)",,NOINDEX,haute,page de masse volontairement sortie de l'index ; Google doit la retirer progressivement
https://courtiark.fr/fr/logiciel-courtier-sante-gap,fichier statique du depot,200,Logiciel pour courtier santé à Gap — COURTIA · courtiark.fr,https://courtiark.fr/fr/logiciel-courtier-sante-gap,"noindex, follow",non,oui,"indexee historiquement, noindex depuis",/fr/*,page heritee non indexable,,NOINDEX,haute,conservee accessible mais hors index : decision editoriale
https://courtiark.fr/fr/logiciel-courtier-sante-grasse,fichier statique du depot,200,Logiciel pour courtier santé à Grasse — COURTIA · courtiark.fr,https://courtiark.fr/fr/logiciel-courtier-sante-grasse,"noindex, follow",non,oui,"indexee historiquement, noindex depuis",/fr/*,"pSEO ville (local, noindex volontaire)",,NOINDEX,haute,page de masse volontairement sortie de l'index ; Google doit la retirer progressivement
https://courtiark.fr/fr/logiciel-courtier-sante-grenoble,fichier statique du depot,200,Logiciel pour courtier santé à Grenoble — COURTIA · courtiark.fr,https://courtiark.fr/fr/logiciel-courtier-sante-grenoble,"noindex, follow",non,oui,"indexee historiquement, noindex depuis",/fr/*,"pSEO ville (local, noindex volontaire)",,NOINDEX,haute,page de masse volontairement sortie de l'index ; Google doit la retirer progressivement
https://courtiark.fr/fr/logiciel-courtier-sante-haguenau,fichier statique du depot,200,Logiciel pour courtier santé à Haguenau — COURTIA · courtiark.fr,https://courtiark.fr/fr/logiciel-courtier-sante-haguenau,"noindex, follow",non,oui,"indexee historiquement, noindex depuis",/fr/*,"pSEO ville (local, noindex volontaire)",,NOINDEX,haute,page de masse volontairement sortie de l'index ; Google doit la retirer progressivement
https://courtiark.fr/fr/logiciel-courtier-sante-hyeres,fichier statique du depot,200,Logiciel pour courtier santé à Hyères — COURTIA · courtiark.fr,https://courtiark.fr/fr/logiciel-courtier-sante-hyeres,"noindex, follow",non,oui,"indexee historiquement, noindex depuis",/fr/*,"pSEO ville (local, noindex volontaire)",,NOINDEX,haute,page de masse volontairement sortie de l'index ; Google doit la retirer progressivement
https://courtiark.fr/fr/logiciel-courtier-sante-issy-les-moulineaux,fichier statique du depot,200,Logiciel pour courtier santé à Issy-les-Moulineaux — COURTIA · courtiark.fr,https://courtiark.fr/fr/logiciel-courtier-sante-issy-les-moulineaux,"noindex, follow",non,oui,"indexee historiquement, noindex depuis",/fr/*,"pSEO ville (local, noindex volontaire)",,NOINDEX,haute,page de masse volontairement sortie de l'index ; Google doit la retirer progressivement
https://courtiark.fr/fr/logiciel-courtier-sante-istres,fichier statique du depot,200,Logiciel pour courtier santé à Istres — COURTIA · courtiark.fr,https://courtiark.fr/fr/logiciel-courtier-sante-istres,"noindex, follow",non,oui,"indexee historiquement, noindex depuis",/fr/*,"pSEO ville (local, noindex volontaire)",,NOINDEX,haute,page de masse volontairement sortie de l'index ; Google doit la retirer progressivement
https://courtiark.fr/fr/logiciel-courtier-sante-ivry-sur-seine,fichier statique du depot,200,Logiciel pour courtier santé à Ivry-sur-Seine — COURTIA · courtiark.fr,https://courtiark.fr/fr/logiciel-courtier-sante-ivry-sur-seine,"noindex, follow",non,oui,"indexee historiquement, noindex depuis",/fr/*,"pSEO ville (local, noindex volontaire)",,NOINDEX,haute,page de masse volontairement sortie de l'index ; Google doit la retirer progressivement
https://courtiark.fr/fr/logiciel-courtier-sante-la-defense,fichier statique du depot,200,Logiciel pour courtier santé à La Défense — COURTIA · courtiark.fr,https://courtiark.fr/fr/logiciel-courtier-sante-la-defense,"noindex, follow",non,oui,"indexee historiquement, noindex depuis",/fr/*,"pSEO ville (local, noindex volontaire)",,NOINDEX,haute,page de masse volontairement sortie de l'index ; Google doit la retirer progressivement
https://courtiark.fr/fr/logiciel-courtier-sante-la-roche-sur-yon,fichier statique du depot,200,Logiciel pour courtier santé à La Roche-sur-Yon — COURTIA · courtiark.fr,https://courtiark.fr/fr/logiciel-courtier-sante-la-roche-sur-yon,"noindex, follow",non,oui,"indexee historiquement, noindex depuis",/fr/*,page heritee non indexable,,NOINDEX,haute,conservee accessible mais hors index : decision editoriale
https://courtiark.fr/fr/logiciel-courtier-sante-la-rochelle,fichier statique du depot,200,Logiciel pour courtier santé à La Rochelle — COURTIA · courtiark.fr,https://courtiark.fr/fr/logiciel-courtier-sante-la-rochelle,"noindex, follow",non,oui,"indexee historiquement, noindex depuis",/fr/*,"pSEO ville (local, noindex volontaire)",,NOINDEX,haute,page de masse volontairement sortie de l'index ; Google doit la retirer progressivement
https://courtiark.fr/fr/logiciel-courtier-sante-lannion,fichier statique du depot,200,Logiciel pour courtier santé à Lannion — COURTIA · courtiark.fr,https://courtiark.fr/fr/logiciel-courtier-sante-lannion,"noindex, follow",non,oui,"indexee historiquement, noindex depuis",/fr/*,"pSEO ville (local, noindex volontaire)",,NOINDEX,haute,page de masse volontairement sortie de l'index ; Google doit la retirer progressivement
https://courtiark.fr/fr/logiciel-courtier-sante-laon,fichier statique du depot,200,Logiciel pour courtier santé à Laon — COURTIA · courtiark.fr,https://courtiark.fr/fr/logiciel-courtier-sante-laon,"noindex, follow",non,oui,"indexee historiquement, noindex depuis",/fr/*,"pSEO ville (local, noindex volontaire)",,NOINDEX,haute,page de masse volontairement sortie de l'index ; Google doit la retirer progressivement
https://courtiark.fr/fr/logiciel-courtier-sante-laval,fichier statique du depot,200,Logiciel pour courtier santé à Laval — COURTIA · courtiark.fr,https://courtiark.fr/fr/logiciel-courtier-sante-laval,"noindex, follow",non,oui,"indexee historiquement, noindex depuis",/fr/*,"pSEO ville (local, noindex volontaire)",,NOINDEX,haute,page de masse volontairement sortie de l'index ; Google doit la retirer progressivement
https://courtiark.fr/fr/logiciel-courtier-sante-le-havre,fichier statique du depot,200,Logiciel pour courtier santé à Le Havre — COURTIA · courtiark.fr,https://courtiark.fr/fr/logiciel-courtier-sante-le-havre,"noindex, follow",non,oui,"indexee historiquement, noindex depuis",/fr/*,"pSEO ville (local, noindex volontaire)",,NOINDEX,haute,page de masse volontairement sortie de l'index ; Google doit la retirer progressivement
https://courtiark.fr/fr/logiciel-courtier-sante-le-mans,fichier statique du depot,200,Logiciel pour courtier santé à Le Mans — COURTIA · courtiark.fr,https://courtiark.fr/fr/logiciel-courtier-sante-le-mans,"noindex, follow",non,oui,"indexee historiquement, noindex depuis",/fr/*,"pSEO ville (local, noindex volontaire)",,NOINDEX,haute,page de masse volontairement sortie de l'index ; Google doit la retirer progressivement
https://courtiark.fr/fr/logiciel-courtier-sante-lens,fichier statique du depot,200,Logiciel pour courtier santé à Lens — COURTIA · courtiark.fr,https://courtiark.fr/fr/logiciel-courtier-sante-lens,"noindex, follow",non,oui,"indexee historiquement, noindex depuis",/fr/*,"pSEO ville (local, noindex volontaire)",,NOINDEX,haute,page de masse volontairement sortie de l'index ; Google doit la retirer progressivement
https://courtiark.fr/fr/logiciel-courtier-sante-levallois-perret,fichier statique du depot,200,Logiciel pour courtier santé à Levallois-Perret — COURTIA · courtiark.fr,https://courtiark.fr/fr/logiciel-courtier-sante-levallois-perret,"noindex, follow",non,oui,"indexee historiquement, noindex depuis",/fr/*,"pSEO ville (local, noindex volontaire)",,NOINDEX,haute,page de masse volontairement sortie de l'index ; Google doit la retirer progressivement
https://courtiark.fr/fr/logiciel-courtier-sante-libourne,fichier statique du depot,200,Logiciel pour courtier santé à Libourne — COURTIA · courtiark.fr,https://courtiark.fr/fr/logiciel-courtier-sante-libourne,"noindex, follow",non,oui,"indexee historiquement, noindex depuis",/fr/*,"pSEO ville (local, noindex volontaire)",,NOINDEX,haute,page de masse volontairement sortie de l'index ; Google doit la retirer progressivement
https://courtiark.fr/fr/logiciel-courtier-sante-lille,fichier statique du depot,200,Logiciel pour courtier santé à Lille — COURTIA · courtiark.fr,https://courtiark.fr/fr/logiciel-courtier-sante-lille,"noindex, follow",non,oui,"indexee historiquement, noindex depuis",/fr/*,"pSEO ville (local, noindex volontaire)",,NOINDEX,haute,page de masse volontairement sortie de l'index ; Google doit la retirer progressivement
https://courtiark.fr/fr/logiciel-courtier-sante-limoges,fichier statique du depot,200,Logiciel pour courtier santé à Limoges — COURTIA · courtiark.fr,https://courtiark.fr/fr/logiciel-courtier-sante-limoges,"noindex, follow",non,oui,"indexee historiquement, noindex depuis",/fr/*,"pSEO ville (local, noindex volontaire)",,NOINDEX,haute,page de masse volontairement sortie de l'index ; Google doit la retirer progressivement
https://courtiark.fr/fr/logiciel-courtier-sante-lisieux,fichier statique du depot,200,Logiciel pour courtier santé à Lisieux — COURTIA · courtiark.fr,https://courtiark.fr/fr/logiciel-courtier-sante-lisieux,"noindex, follow",non,oui,"indexee historiquement, noindex depuis",/fr/*,"pSEO ville (local, noindex volontaire)",,NOINDEX,haute,page de masse volontairement sortie de l'index ; Google doit la retirer progressivement
https://courtiark.fr/fr/logiciel-courtier-sante-lorient,fichier statique du depot,200,Logiciel pour courtier santé à Lorient — COURTIA · courtiark.fr,https://courtiark.fr/fr/logiciel-courtier-sante-lorient,"noindex, follow",non,oui,"indexee historiquement, noindex depuis",/fr/*,"pSEO ville (local, noindex volontaire)",,NOINDEX,haute,page de masse volontairement sortie de l'index ; Google doit la retirer progressivement
https://courtiark.fr/fr/logiciel-courtier-sante-lyon,fichier statique du depot,200,Logiciel pour courtier santé à Lyon — COURTIA · courtiark.fr,https://courtiark.fr/fr/logiciel-courtier-sante-lyon,"noindex, follow",non,oui,"indexee historiquement, noindex depuis",/fr/*,"pSEO ville (local, noindex volontaire)",,NOINDEX,haute,page de masse volontairement sortie de l'index ; Google doit la retirer progressivement
https://courtiark.fr/fr/logiciel-courtier-sante-macon,fichier statique du depot,200,Logiciel pour courtier santé à Mâcon — COURTIA · courtiark.fr,https://courtiark.fr/fr/logiciel-courtier-sante-macon,"noindex, follow",non,oui,"indexee historiquement, noindex depuis",/fr/*,"pSEO ville (local, noindex volontaire)",,NOINDEX,haute,page de masse volontairement sortie de l'index ; Google doit la retirer progressivement
https://courtiark.fr/fr/logiciel-courtier-sante-maisons-alfort,fichier statique du depot,200,Logiciel pour courtier santé à Maisons-Alfort — COURTIA · courtiark.fr,https://courtiark.fr/fr/logiciel-courtier-sante-maisons-alfort,"noindex, follow",non,oui,"indexee historiquement, noindex depuis",/fr/*,"pSEO ville (local, noindex volontaire)",,NOINDEX,haute,page de masse volontairement sortie de l'index ; Google doit la retirer progressivement
https://courtiark.fr/fr/logiciel-courtier-sante-manosque,fichier statique du depot,200,Logiciel pour courtier santé à Manosque — COURTIA · courtiark.fr,https://courtiark.fr/fr/logiciel-courtier-sante-manosque,"noindex, follow",non,oui,"indexee historiquement, noindex depuis",/fr/*,"pSEO ville (local, noindex volontaire)",,NOINDEX,haute,page de masse volontairement sortie de l'index ; Google doit la retirer progressivement
https://courtiark.fr/fr/logiciel-courtier-sante-mantes-la-jolie,fichier statique du depot,200,Logiciel pour courtier santé à Mantes-la-Jolie — COURTIA · courtiark.fr,https://courtiark.fr/fr/logiciel-courtier-sante-mantes-la-jolie,"noindex, follow",non,oui,"indexee historiquement, noindex depuis",/fr/*,"pSEO ville (local, noindex volontaire)",,NOINDEX,haute,page de masse volontairement sortie de l'index ; Google doit la retirer progressivement
https://courtiark.fr/fr/logiciel-courtier-sante-marseille,fichier statique du depot,200,Logiciel pour courtier santé à Marseille — COURTIA · courtiark.fr,https://courtiark.fr/fr/logiciel-courtier-sante-marseille,"noindex, follow",non,oui,"indexee historiquement, noindex depuis",/fr/*,"pSEO ville (local, noindex volontaire)",,NOINDEX,haute,page de masse volontairement sortie de l'index ; Google doit la retirer progressivement
https://courtiark.fr/fr/logiciel-courtier-sante-martigues,fichier statique du depot,200,Logiciel pour courtier santé à Martigues — COURTIA · courtiark.fr,https://courtiark.fr/fr/logiciel-courtier-sante-martigues,"noindex, follow",non,oui,"indexee historiquement, noindex depuis",/fr/*,"pSEO ville (local, noindex volontaire)",,NOINDEX,haute,page de masse volontairement sortie de l'index ; Google doit la retirer progressivement
https://courtiark.fr/fr/logiciel-courtier-sante-massy,fichier statique du depot,200,Logiciel pour courtier santé à Massy — COURTIA · courtiark.fr,https://courtiark.fr/fr/logiciel-courtier-sante-massy,"noindex, follow",non,oui,"indexee historiquement, noindex depuis",/fr/*,"pSEO ville (local, noindex volontaire)",,NOINDEX,haute,page de masse volontairement sortie de l'index ; Google doit la retirer progressivement
https://courtiark.fr/fr/logiciel-courtier-sante-meaux,fichier statique du depot,200,Logiciel pour courtier santé à Meaux — COURTIA · courtiark.fr,https://courtiark.fr/fr/logiciel-courtier-sante-meaux,"noindex, follow",non,oui,"indexee historiquement, noindex depuis",/fr/*,"pSEO ville (local, noindex volontaire)",,NOINDEX,haute,page de masse volontairement sortie de l'index ; Google doit la retirer progressivement
https://courtiark.fr/fr/logiciel-courtier-sante-melun,fichier statique du depot,200,Logiciel pour courtier santé à Melun — COURTIA · courtiark.fr,https://courtiark.fr/fr/logiciel-courtier-sante-melun,"noindex, follow",non,oui,"indexee historiquement, noindex depuis",/fr/*,"pSEO ville (local, noindex volontaire)",,NOINDEX,haute,page de masse volontairement sortie de l'index ; Google doit la retirer progressivement
https://courtiark.fr/fr/logiciel-courtier-sante-menton,fichier statique du depot,200,Logiciel pour courtier santé à Menton — COURTIA · courtiark.fr,https://courtiark.fr/fr/logiciel-courtier-sante-menton,"noindex, follow",non,oui,"indexee historiquement, noindex depuis",/fr/*,"pSEO ville (local, noindex volontaire)",,NOINDEX,haute,page de masse volontairement sortie de l'index ; Google doit la retirer progressivement
https://courtiark.fr/fr/logiciel-courtier-sante-merignac,fichier statique du depot,200,Logiciel pour courtier santé à Mérignac — COURTIA · courtiark.fr,https://courtiark.fr/fr/logiciel-courtier-sante-merignac,"noindex, follow",non,oui,"indexee historiquement, noindex depuis",/fr/*,"pSEO ville (local, noindex volontaire)",,NOINDEX,haute,page de masse volontairement sortie de l'index ; Google doit la retirer progressivement
https://courtiark.fr/fr/logiciel-courtier-sante-metz,fichier statique du depot,200,Logiciel pour courtier santé à Metz — COURTIA · courtiark.fr,https://courtiark.fr/fr/logiciel-courtier-sante-metz,"noindex, follow",non,oui,"indexee historiquement, noindex depuis",/fr/*,"pSEO ville (local, noindex volontaire)",,NOINDEX,haute,page de masse volontairement sortie de l'index ; Google doit la retirer progressivement
https://courtiark.fr/fr/logiciel-courtier-sante-mont-de-marsan,fichier statique du depot,200,Logiciel pour courtier santé à Mont-de-Marsan — COURTIA · courtiark.fr,https://courtiark.fr/fr/logiciel-courtier-sante-mont-de-marsan,"noindex, follow",non,oui,"indexee historiquement, noindex depuis",/fr/*,"pSEO ville (local, noindex volontaire)",,NOINDEX,haute,page de masse volontairement sortie de l'index ; Google doit la retirer progressivement
https://courtiark.fr/fr/logiciel-courtier-sante-montauban,fichier statique du depot,200,Logiciel pour courtier santé à Montauban — COURTIA · courtiark.fr,https://courtiark.fr/fr/logiciel-courtier-sante-montauban,"noindex, follow",non,oui,"indexee historiquement, noindex depuis",/fr/*,"pSEO ville (local, noindex volontaire)",,NOINDEX,haute,page de masse volontairement sortie de l'index ; Google doit la retirer progressivement
https://courtiark.fr/fr/logiciel-courtier-sante-montbeliard,fichier statique du depot,200,Logiciel pour courtier santé à Montbéliard — COURTIA · courtiark.fr,https://courtiark.fr/fr/logiciel-courtier-sante-montbeliard,"noindex, follow",non,oui,"indexee historiquement, noindex depuis",/fr/*,"pSEO ville (local, noindex volontaire)",,NOINDEX,haute,page de masse volontairement sortie de l'index ; Google doit la retirer progressivement
https://courtiark.fr/fr/logiciel-courtier-sante-montlucon,fichier statique du depot,200,Logiciel pour courtier santé à Montluçon — COURTIA · courtiark.fr,https://courtiark.fr/fr/logiciel-courtier-sante-montlucon,"noindex, follow",non,oui,"indexee historiquement, noindex depuis",/fr/*,"pSEO ville (local, noindex volontaire)",,NOINDEX,haute,page de masse volontairement sortie de l'index ; Google doit la retirer progressivement
https://courtiark.fr/fr/logiciel-courtier-sante-montpellier,fichier statique du depot,200,Logiciel pour courtier santé à Montpellier — COURTIA · courtiark.fr,https://courtiark.fr/fr/logiciel-courtier-sante-montpellier,"noindex, follow",non,oui,"indexee historiquement, noindex depuis",/fr/*,"pSEO ville (local, noindex volontaire)",,NOINDEX,haute,page de masse volontairement sortie de l'index ; Google doit la retirer progressivement
https://courtiark.fr/fr/logiciel-courtier-sante-morlaix,fichier statique du depot,200,Logiciel pour courtier santé à Morlaix — COURTIA · courtiark.fr,https://courtiark.fr/fr/logiciel-courtier-sante-morlaix,"noindex, follow",non,oui,"indexee historiquement, noindex depuis",/fr/*,"pSEO ville (local, noindex volontaire)",,NOINDEX,haute,page de masse volontairement sortie de l'index ; Google doit la retirer progressivement
https://courtiark.fr/fr/logiciel-courtier-sante-moulins,fichier statique du depot,200,Logiciel pour courtier santé à Moulins — COURTIA · courtiark.fr,https://courtiark.fr/fr/logiciel-courtier-sante-moulins,"noindex, follow",non,oui,"indexee historiquement, noindex depuis",/fr/*,"pSEO ville (local, noindex volontaire)",,NOINDEX,haute,page de masse volontairement sortie de l'index ; Google doit la retirer progressivement
https://courtiark.fr/fr/logiciel-courtier-sante-mulhouse,fichier statique du depot,200,Logiciel pour courtier santé à Mulhouse — COURTIA · courtiark.fr,https://courtiark.fr/fr/logiciel-courtier-sante-mulhouse,"noindex, follow",non,oui,"indexee historiquement, noindex depuis",/fr/*,"pSEO ville (local, noindex volontaire)",,NOINDEX,haute,page de masse volontairement sortie de l'index ; Google doit la retirer progressivement
https://courtiark.fr/fr/logiciel-courtier-sante-nancy,fichier statique du depot,200,Logiciel pour courtier santé à Nancy — COURTIA · courtiark.fr,https://courtiark.fr/fr/logiciel-courtier-sante-nancy,"noindex, follow",non,oui,"indexee historiquement, noindex depuis",/fr/*,"pSEO ville (local, noindex volontaire)",,NOINDEX,haute,page de masse volontairement sortie de l'index ; Google doit la retirer progressivement
https://courtiark.fr/fr/logiciel-courtier-sante-nanterre,fichier statique du depot,200,Logiciel pour courtier santé à Nanterre — COURTIA · courtiark.fr,https://courtiark.fr/fr/logiciel-courtier-sante-nanterre,"noindex, follow",non,oui,"indexee historiquement, noindex depuis",/fr/*,"pSEO ville (local, noindex volontaire)",,NOINDEX,haute,page de masse volontairement sortie de l'index ; Google doit la retirer progressivement
https://courtiark.fr/fr/logiciel-courtier-sante-nantes,fichier statique du depot,200,Logiciel pour courtier santé à Nantes — COURTIA · courtiark.fr,https://courtiark.fr/fr/logiciel-courtier-sante-nantes,"noindex, follow",non,oui,"indexee historiquement, noindex depuis",/fr/*,"pSEO ville (local, noindex volontaire)",,NOINDEX,haute,page de masse volontairement sortie de l'index ; Google doit la retirer progressivement
https://courtiark.fr/fr/logiciel-courtier-sante-narbonne,fichier statique du depot,200,Logiciel pour courtier santé à Narbonne — COURTIA · courtiark.fr,https://courtiark.fr/fr/logiciel-courtier-sante-narbonne,"noindex, follow",non,oui,"indexee historiquement, noindex depuis",/fr/*,"pSEO ville (local, noindex volontaire)",,NOINDEX,haute,page de masse volontairement sortie de l'index ; Google doit la retirer progressivement
https://courtiark.fr/fr/logiciel-courtier-sante-nevers,fichier statique du depot,200,Logiciel pour courtier santé à Nevers — COURTIA · courtiark.fr,https://courtiark.fr/fr/logiciel-courtier-sante-nevers,"noindex, follow",non,oui,"indexee historiquement, noindex depuis",/fr/*,"pSEO ville (local, noindex volontaire)",,NOINDEX,haute,page de masse volontairement sortie de l'index ; Google doit la retirer progressivement
https://courtiark.fr/fr/logiciel-courtier-sante-nice,fichier statique du depot,200,Logiciel pour courtier santé à Nice — COURTIA · courtiark.fr,https://courtiark.fr/fr/logiciel-courtier-sante-nice,"noindex, follow",non,oui,"indexee historiquement, noindex depuis",/fr/*,"pSEO ville (local, noindex volontaire)",,NOINDEX,haute,page de masse volontairement sortie de l'index ; Google doit la retirer progressivement
https://courtiark.fr/fr/logiciel-courtier-sante-nimes,fichier statique du depot,200,Logiciel pour courtier santé à Nîmes — COURTIA · courtiark.fr,https://courtiark.fr/fr/logiciel-courtier-sante-nimes,"noindex, follow",non,oui,"indexee historiquement, noindex depuis",/fr/*,"pSEO ville (local, noindex volontaire)",,NOINDEX,haute,page de masse volontairement sortie de l'index ; Google doit la retirer progressivement
https://courtiark.fr/fr/logiciel-courtier-sante-niort,fichier statique du depot,200,Logiciel pour courtier santé à Niort — COURTIA · courtiark.fr,https://courtiark.fr/fr/logiciel-courtier-sante-niort,"noindex, follow",non,oui,"indexee historiquement, noindex depuis",/fr/*,"pSEO ville (local, noindex volontaire)",,NOINDEX,haute,page de masse volontairement sortie de l'index ; Google doit la retirer progressivement
https://courtiark.fr/fr/logiciel-courtier-sante-noisy-le-grand,fichier statique du depot,200,Logiciel pour courtier santé à Noisy-le-Grand — COURTIA · courtiark.fr,https://courtiark.fr/fr/logiciel-courtier-sante-noisy-le-grand,"noindex, follow",non,oui,"indexee historiquement, noindex depuis",/fr/*,"pSEO ville (local, noindex volontaire)",,NOINDEX,haute,page de masse volontairement sortie de l'index ; Google doit la retirer progressivement
https://courtiark.fr/fr/logiciel-courtier-sante-orleans,fichier statique du depot,200,Logiciel pour courtier santé à Orléans — COURTIA · courtiark.fr,https://courtiark.fr/fr/logiciel-courtier-sante-orleans,"noindex, follow",non,oui,"indexee historiquement, noindex depuis",/fr/*,"pSEO ville (local, noindex volontaire)",,NOINDEX,haute,page de masse volontairement sortie de l'index ; Google doit la retirer progressivement
https://courtiark.fr/fr/logiciel-courtier-sante-pantin,fichier statique du depot,200,Logiciel pour courtier santé à Pantin — COURTIA · courtiark.fr,https://courtiark.fr/fr/logiciel-courtier-sante-pantin,"noindex, follow",non,oui,"indexee historiquement, noindex depuis",/fr/*,"pSEO ville (local, noindex volontaire)",,NOINDEX,haute,page de masse volontairement sortie de l'index ; Google doit la retirer progressivement
https://courtiark.fr/fr/logiciel-courtier-sante-paris,fichier statique du depot,200,Logiciel pour courtier santé à Paris — COURTIA · courtiark.fr,https://courtiark.fr/fr/logiciel-courtier-sante-paris,"noindex, follow",non,oui,"indexee historiquement, noindex depuis",/fr/*,"pSEO ville (local, noindex volontaire)",,NOINDEX,haute,page de masse volontairement sortie de l'index ; Google doit la retirer progressivement
https://courtiark.fr/fr/logiciel-courtier-sante-pau,fichier statique du depot,200,Logiciel pour courtier santé à Pau — COURTIA · courtiark.fr,https://courtiark.fr/fr/logiciel-courtier-sante-pau,"noindex, follow",non,oui,"indexee historiquement, noindex depuis",/fr/*,page heritee non indexable,,NOINDEX,haute,conservee accessible mais hors index : decision editoriale
https://courtiark.fr/fr/logiciel-courtier-sante-perigueux,fichier statique du depot,200,Logiciel pour courtier santé à Périgueux — COURTIA · courtiark.fr,https://courtiark.fr/fr/logiciel-courtier-sante-perigueux,"noindex, follow",non,oui,"indexee historiquement, noindex depuis",/fr/*,"pSEO ville (local, noindex volontaire)",,NOINDEX,haute,page de masse volontairement sortie de l'index ; Google doit la retirer progressivement
https://courtiark.fr/fr/logiciel-courtier-sante-perpignan,fichier statique du depot,200,Logiciel pour courtier santé à Perpignan — COURTIA · courtiark.fr,https://courtiark.fr/fr/logiciel-courtier-sante-perpignan,"noindex, follow",non,oui,"indexee historiquement, noindex depuis",/fr/*,"pSEO ville (local, noindex volontaire)",,NOINDEX,haute,page de masse volontairement sortie de l'index ; Google doit la retirer progressivement
https://courtiark.fr/fr/logiciel-courtier-sante-pessac,fichier statique du depot,200,Logiciel pour courtier santé à Pessac — COURTIA · courtiark.fr,https://courtiark.fr/fr/logiciel-courtier-sante-pessac,"noindex, follow",non,oui,"indexee historiquement, noindex depuis",/fr/*,"pSEO ville (local, noindex volontaire)",,NOINDEX,haute,page de masse volontairement sortie de l'index ; Google doit la retirer progressivement
https://courtiark.fr/fr/logiciel-courtier-sante-poissy,fichier statique du depot,200,Logiciel pour courtier santé à Poissy — COURTIA · courtiark.fr,https://courtiark.fr/fr/logiciel-courtier-sante-poissy,"noindex, follow",non,oui,"indexee historiquement, noindex depuis",/fr/*,"pSEO ville (local, noindex volontaire)",,NOINDEX,haute,page de masse volontairement sortie de l'index ; Google doit la retirer progressivement
https://courtiark.fr/fr/logiciel-courtier-sante-poitiers,fichier statique du depot,200,Logiciel pour courtier santé à Poitiers — COURTIA · courtiark.fr,https://courtiark.fr/fr/logiciel-courtier-sante-poitiers,"noindex, follow",non,oui,"indexee historiquement, noindex depuis",/fr/*,"pSEO ville (local, noindex volontaire)",,NOINDEX,haute,page de masse volontairement sortie de l'index ; Google doit la retirer progressivement
https://courtiark.fr/fr/logiciel-courtier-sante-pontault-combault,fichier statique du depot,200,Logiciel pour courtier santé à Pontault-Combault — COURTIA · courtiark.fr,https://courtiark.fr/fr/logiciel-courtier-sante-pontault-combault,"noindex, follow",non,oui,"indexee historiquement, noindex depuis",/fr/*,"pSEO ville (local, noindex volontaire)",,NOINDEX,haute,page de masse volontairement sortie de l'index ; Google doit la retirer progressivement
https://courtiark.fr/fr/logiciel-courtier-sante-quimper,fichier statique du depot,200,Logiciel pour courtier santé à Quimper — COURTIA · courtiark.fr,https://courtiark.fr/fr/logiciel-courtier-sante-quimper,"noindex, follow",non,oui,"indexee historiquement, noindex depuis",/fr/*,"pSEO ville (local, noindex volontaire)",,NOINDEX,haute,page de masse volontairement sortie de l'index ; Google doit la retirer progressivement
https://courtiark.fr/fr/logiciel-courtier-sante-reims,fichier statique du depot,200,Logiciel pour courtier santé à Reims — COURTIA · courtiark.fr,https://courtiark.fr/fr/logiciel-courtier-sante-reims,"noindex, follow",non,oui,"indexee historiquement, noindex depuis",/fr/*,"pSEO ville (local, noindex volontaire)",,NOINDEX,haute,page de masse volontairement sortie de l'index ; Google doit la retirer progressivement
https://courtiark.fr/fr/logiciel-courtier-sante-rennes,fichier statique du depot,200,Logiciel pour courtier santé à Rennes — COURTIA · courtiark.fr,https://courtiark.fr/fr/logiciel-courtier-sante-rennes,"noindex, follow",non,oui,"indexee historiquement, noindex depuis",/fr/*,"pSEO ville (local, noindex volontaire)",,NOINDEX,haute,page de masse volontairement sortie de l'index ; Google doit la retirer progressivement
https://courtiark.fr/fr/logiciel-courtier-sante-roanne,fichier statique du depot,200,Logiciel pour courtier santé à Roanne — COURTIA · courtiark.fr,https://courtiark.fr/fr/logiciel-courtier-sante-roanne,"noindex, follow",non,oui,"indexee historiquement, noindex depuis",/fr/*,"pSEO ville (local, noindex volontaire)",,NOINDEX,haute,page de masse volontairement sortie de l'index ; Google doit la retirer progressivement
https://courtiark.fr/fr/logiciel-courtier-sante-rochefort,fichier statique du depot,200,Logiciel pour courtier santé à Rochefort — COURTIA · courtiark.fr,https://courtiark.fr/fr/logiciel-courtier-sante-rochefort,"noindex, follow",non,oui,"indexee historiquement, noindex depuis",/fr/*,"pSEO ville (local, noindex volontaire)",,NOINDEX,haute,page de masse volontairement sortie de l'index ; Google doit la retirer progressivement
https://courtiark.fr/fr/logiciel-courtier-sante-rodez,fichier statique du depot,200,Logiciel pour courtier santé à Rodez — COURTIA · courtiark.fr,https://courtiark.fr/fr/logiciel-courtier-sante-rodez,"noindex, follow",non,oui,"indexee historiquement, noindex depuis",/fr/*,"pSEO ville (local, noindex volontaire)",,NOINDEX,haute,page de masse volontairement sortie de l'index ; Google doit la retirer progressivement
https://courtiark.fr/fr/logiciel-courtier-sante-romans-sur-isere,fichier statique du depot,200,Logiciel pour courtier santé à Romans-sur-Isère — COURTIA · courtiark.fr,https://courtiark.fr/fr/logiciel-courtier-sante-romans-sur-isere,"noindex, follow",non,oui,"indexee historiquement, noindex depuis",/fr/*,"pSEO ville (local, noindex volontaire)",,NOINDEX,haute,page de masse volontairement sortie de l'index ; Google doit la retirer progressivement
https://courtiark.fr/fr/logiciel-courtier-sante-rosny-sous-bois,fichier statique du depot,200,Logiciel pour courtier santé à Rosny-sous-Bois — COURTIA · courtiark.fr,https://courtiark.fr/fr/logiciel-courtier-sante-rosny-sous-bois,"noindex, follow",non,oui,"indexee historiquement, noindex depuis",/fr/*,"pSEO ville (local, noindex volontaire)",,NOINDEX,haute,page de masse volontairement sortie de l'index ; Google doit la retirer progressivement
https://courtiark.fr/fr/logiciel-courtier-sante-roubaix,fichier statique du depot,200,Logiciel pour courtier santé à Roubaix — COURTIA · courtiark.fr,https://courtiark.fr/fr/logiciel-courtier-sante-roubaix,"noindex, follow",non,oui,"indexee historiquement, noindex depuis",/fr/*,"pSEO ville (local, noindex volontaire)",,NOINDEX,haute,page de masse volontairement sortie de l'index ; Google doit la retirer progressivement
https://courtiark.fr/fr/logiciel-courtier-sante-rouen,fichier statique du depot,200,Logiciel pour courtier santé à Rouen — COURTIA · courtiark.fr,https://courtiark.fr/fr/logiciel-courtier-sante-rouen,"noindex, follow",non,oui,"indexee historiquement, noindex depuis",/fr/*,"pSEO ville (local, noindex volontaire)",,NOINDEX,haute,page de masse volontairement sortie de l'index ; Google doit la retirer progressivement
https://courtiark.fr/fr/logiciel-courtier-sante-saint-brieuc,fichier statique du depot,200,Logiciel pour courtier santé à Saint-Brieuc — COURTIA · courtiark.fr,https://courtiark.fr/fr/logiciel-courtier-sante-saint-brieuc,"noindex, follow",non,oui,"indexee historiquement, noindex depuis",/fr/*,"pSEO ville (local, noindex volontaire)",,NOINDEX,haute,page de masse volontairement sortie de l'index ; Google doit la retirer progressivement
https://courtiark.fr/fr/logiciel-courtier-sante-saint-chamond,fichier statique du depot,200,Logiciel pour courtier santé à Saint-Chamond — COURTIA · courtiark.fr,https://courtiark.fr/fr/logiciel-courtier-sante-saint-chamond,"noindex, follow",non,oui,"indexee historiquement, noindex depuis",/fr/*,"pSEO ville (local, noindex volontaire)",,NOINDEX,haute,page de masse volontairement sortie de l'index ; Google doit la retirer progressivement
https://courtiark.fr/fr/logiciel-courtier-sante-saint-etienne,fichier statique du depot,200,Logiciel pour courtier santé à Saint-Étienne — COURTIA · courtiark.fr,https://courtiark.fr/fr/logiciel-courtier-sante-saint-etienne,"noindex, follow",non,oui,"indexee historiquement, noindex depuis",/fr/*,"pSEO ville (local, noindex volontaire)",,NOINDEX,haute,page de masse volontairement sortie de l'index ; Google doit la retirer progressivement
https://courtiark.fr/fr/logiciel-courtier-sante-saint-germain-en-laye,fichier statique du depot,200,Logiciel pour courtier santé à Saint-Germain-en-Laye — COURTIA · courtiark.fr,https://courtiark.fr/fr/logiciel-courtier-sante-saint-germain-en-laye,"noindex, follow",non,oui,"indexee historiquement, noindex depuis",/fr/*,"pSEO ville (local, noindex volontaire)",,NOINDEX,haute,page de masse volontairement sortie de l'index ; Google doit la retirer progressivement
https://courtiark.fr/fr/logiciel-courtier-sante-saint-lo,fichier statique du depot,200,Logiciel pour courtier santé à Saint-Lô — COURTIA · courtiark.fr,https://courtiark.fr/fr/logiciel-courtier-sante-saint-lo,"noindex, follow",non,oui,"indexee historiquement, noindex depuis",/fr/*,page heritee non indexable,,NOINDEX,haute,conservee accessible mais hors index : decision editoriale
https://courtiark.fr/fr/logiciel-courtier-sante-saint-malo,fichier statique du depot,200,Logiciel pour courtier santé à Saint-Malo — COURTIA · courtiark.fr,https://courtiark.fr/fr/logiciel-courtier-sante-saint-malo,"noindex, follow",non,oui,"indexee historiquement, noindex depuis",/fr/*,"pSEO ville (local, noindex volontaire)",,NOINDEX,haute,page de masse volontairement sortie de l'index ; Google doit la retirer progressivement
https://courtiark.fr/fr/logiciel-courtier-sante-saint-nazaire,fichier statique du depot,200,Logiciel pour courtier santé à Saint-Nazaire — COURTIA · courtiark.fr,https://courtiark.fr/fr/logiciel-courtier-sante-saint-nazaire,"noindex, follow",non,oui,"indexee historiquement, noindex depuis",/fr/*,"pSEO ville (local, noindex volontaire)",,NOINDEX,haute,page de masse volontairement sortie de l'index ; Google doit la retirer progressivement
https://courtiark.fr/fr/logiciel-courtier-sante-saintes,fichier statique du depot,200,Logiciel pour courtier santé à Saintes — COURTIA · courtiark.fr,https://courtiark.fr/fr/logiciel-courtier-sante-saintes,"noindex, follow",non,oui,"indexee historiquement, noindex depuis",/fr/*,"pSEO ville (local, noindex volontaire)",,NOINDEX,haute,page de masse volontairement sortie de l'index ; Google doit la retirer progressivement
https://courtiark.fr/fr/logiciel-courtier-sante-salon-de-provence,fichier statique du depot,200,Logiciel pour courtier santé à Salon-de-Provence — COURTIA · courtiark.fr,https://courtiark.fr/fr/logiciel-courtier-sante-salon-de-provence,"noindex, follow",non,oui,"indexee historiquement, noindex depuis",/fr/*,"pSEO ville (local, noindex volontaire)",,NOINDEX,haute,page de masse volontairement sortie de l'index ; Google doit la retirer progressivement
https://courtiark.fr/fr/logiciel-courtier-sante-sarcelles,fichier statique du depot,200,Logiciel pour courtier santé à Sarcelles — COURTIA · courtiark.fr,https://courtiark.fr/fr/logiciel-courtier-sante-sarcelles,"noindex, follow",non,oui,"indexee historiquement, noindex depuis",/fr/*,"pSEO ville (local, noindex volontaire)",,NOINDEX,haute,page de masse volontairement sortie de l'index ; Google doit la retirer progressivement
https://courtiark.fr/fr/logiciel-courtier-sante-selestat,fichier statique du depot,200,Logiciel pour courtier santé à Sélestat — COURTIA · courtiark.fr,https://courtiark.fr/fr/logiciel-courtier-sante-selestat,"noindex, follow",non,oui,"indexee historiquement, noindex depuis",/fr/*,"pSEO ville (local, noindex volontaire)",,NOINDEX,haute,page de masse volontairement sortie de l'index ; Google doit la retirer progressivement
https://courtiark.fr/fr/logiciel-courtier-sante-senart,fichier statique du depot,200,Logiciel pour courtier santé à Sénart — COURTIA · courtiark.fr,https://courtiark.fr/fr/logiciel-courtier-sante-senart,"noindex, follow",non,oui,"indexee historiquement, noindex depuis",/fr/*,"pSEO ville (local, noindex volontaire)",,NOINDEX,haute,page de masse volontairement sortie de l'index ; Google doit la retirer progressivement
https://courtiark.fr/fr/logiciel-courtier-sante-sete,fichier statique du depot,200,Logiciel pour courtier santé à Sète — COURTIA · courtiark.fr,https://courtiark.fr/fr/logiciel-courtier-sante-sete,"noindex, follow",non,oui,"indexee historiquement, noindex depuis",/fr/*,"pSEO ville (local, noindex volontaire)",,NOINDEX,haute,page de masse volontairement sortie de l'index ; Google doit la retirer progressivement
https://courtiark.fr/fr/logiciel-courtier-sante-soissons,fichier statique du depot,200,Logiciel pour courtier santé à Soissons — COURTIA · courtiark.fr,https://courtiark.fr/fr/logiciel-courtier-sante-soissons,"noindex, follow",non,oui,"indexee historiquement, noindex depuis",/fr/*,"pSEO ville (local, noindex volontaire)",,NOINDEX,haute,page de masse volontairement sortie de l'index ; Google doit la retirer progressivement
https://courtiark.fr/fr/logiciel-courtier-sante-strasbourg,fichier statique du depot,200,Logiciel pour courtier santé à Strasbourg — COURTIA · courtiark.fr,https://courtiark.fr/fr/logiciel-courtier-sante-strasbourg,"noindex, follow",non,oui,"indexee historiquement, noindex depuis",/fr/*,"pSEO ville (local, noindex volontaire)",,NOINDEX,haute,page de masse volontairement sortie de l'index ; Google doit la retirer progressivement
https://courtiark.fr/fr/logiciel-courtier-sante-tarbes,fichier statique du depot,200,Logiciel pour courtier santé à Tarbes — COURTIA · courtiark.fr,https://courtiark.fr/fr/logiciel-courtier-sante-tarbes,"noindex, follow",non,oui,"indexee historiquement, noindex depuis",/fr/*,"pSEO ville (local, noindex volontaire)",,NOINDEX,haute,page de masse volontairement sortie de l'index ; Google doit la retirer progressivement
https://courtiark.fr/fr/logiciel-courtier-sante-thionville,fichier statique du depot,200,Logiciel pour courtier santé à Thionville — COURTIA · courtiark.fr,https://courtiark.fr/fr/logiciel-courtier-sante-thionville,"noindex, follow",non,oui,"indexee historiquement, noindex depuis",/fr/*,"pSEO ville (local, noindex volontaire)",,NOINDEX,haute,page de masse volontairement sortie de l'index ; Google doit la retirer progressivement
https://courtiark.fr/fr/logiciel-courtier-sante-toulon,fichier statique du depot,200,Logiciel pour courtier santé à Toulon — COURTIA · courtiark.fr,https://courtiark.fr/fr/logiciel-courtier-sante-toulon,"noindex, follow",non,oui,"indexee historiquement, noindex depuis",/fr/*,"pSEO ville (local, noindex volontaire)",,NOINDEX,haute,page de masse volontairement sortie de l'index ; Google doit la retirer progressivement
https://courtiark.fr/fr/logiciel-courtier-sante-toulouse,fichier statique du depot,200,Logiciel pour courtier santé à Toulouse — COURTIA · courtiark.fr,https://courtiark.fr/fr/logiciel-courtier-sante-toulouse,"noindex, follow",non,oui,"indexee historiquement, noindex depuis",/fr/*,"pSEO ville (local, noindex volontaire)",,NOINDEX,haute,page de masse volontairement sortie de l'index ; Google doit la retirer progressivement
https://courtiark.fr/fr/logiciel-courtier-sante-tourcoing,fichier statique du depot,200,Logiciel pour courtier santé à Tourcoing — COURTIA · courtiark.fr,https://courtiark.fr/fr/logiciel-courtier-sante-tourcoing,"noindex, follow",non,oui,"indexee historiquement, noindex depuis",/fr/*,"pSEO ville (local, noindex volontaire)",,NOINDEX,haute,page de masse volontairement sortie de l'index ; Google doit la retirer progressivement
https://courtiark.fr/fr/logiciel-courtier-sante-tours,fichier statique du depot,200,Logiciel pour courtier santé à Tours — COURTIA · courtiark.fr,https://courtiark.fr/fr/logiciel-courtier-sante-tours,"noindex, follow",non,oui,"indexee historiquement, noindex depuis",/fr/*,"pSEO ville (local, noindex volontaire)",,NOINDEX,haute,page de masse volontairement sortie de l'index ; Google doit la retirer progressivement
https://courtiark.fr/fr/logiciel-courtier-sante-troyes,fichier statique du depot,200,Logiciel pour courtier santé à Troyes — COURTIA · courtiark.fr,https://courtiark.fr/fr/logiciel-courtier-sante-troyes,"noindex, follow",non,oui,"indexee historiquement, noindex depuis",/fr/*,"pSEO ville (local, noindex volontaire)",,NOINDEX,haute,page de masse volontairement sortie de l'index ; Google doit la retirer progressivement
https://courtiark.fr/fr/logiciel-courtier-sante-valence,fichier statique du depot,200,Logiciel pour courtier santé à Valence — COURTIA · courtiark.fr,https://courtiark.fr/fr/logiciel-courtier-sante-valence,"noindex, follow",non,oui,"indexee historiquement, noindex depuis",/fr/*,"pSEO ville (local, noindex volontaire)",,NOINDEX,haute,page de masse volontairement sortie de l'index ; Google doit la retirer progressivement
https://courtiark.fr/fr/logiciel-courtier-sante-valenciennes,fichier statique du depot,200,Logiciel pour courtier santé à Valenciennes — COURTIA · courtiark.fr,https://courtiark.fr/fr/logiciel-courtier-sante-valenciennes,"noindex, follow",non,oui,"indexee historiquement, noindex depuis",/fr/*,"pSEO ville (local, noindex volontaire)",,NOINDEX,haute,page de masse volontairement sortie de l'index ; Google doit la retirer progressivement
https://courtiark.fr/fr/logiciel-courtier-sante-vannes,fichier statique du depot,200,Logiciel pour courtier santé à Vannes — COURTIA · courtiark.fr,https://courtiark.fr/fr/logiciel-courtier-sante-vannes,"noindex, follow",non,oui,"indexee historiquement, noindex depuis",/fr/*,"pSEO ville (local, noindex volontaire)",,NOINDEX,haute,page de masse volontairement sortie de l'index ; Google doit la retirer progressivement
https://courtiark.fr/fr/logiciel-courtier-sante-venissieux,fichier statique du depot,200,Logiciel pour courtier santé à Vénissieux — COURTIA · courtiark.fr,https://courtiark.fr/fr/logiciel-courtier-sante-venissieux,"noindex, follow",non,oui,"indexee historiquement, noindex depuis",/fr/*,"pSEO ville (local, noindex volontaire)",,NOINDEX,haute,page de masse volontairement sortie de l'index ; Google doit la retirer progressivement
https://courtiark.fr/fr/logiciel-courtier-sante-versailles,fichier statique du depot,200,Logiciel pour courtier santé à Versailles — COURTIA · courtiark.fr,https://courtiark.fr/fr/logiciel-courtier-sante-versailles,"noindex, follow",non,oui,"indexee historiquement, noindex depuis",/fr/*,"pSEO ville (local, noindex volontaire)",,NOINDEX,haute,page de masse volontairement sortie de l'index ; Google doit la retirer progressivement
https://courtiark.fr/fr/logiciel-courtier-sante-vichy,fichier statique du depot,200,Logiciel pour courtier santé à Vichy — COURTIA · courtiark.fr,https://courtiark.fr/fr/logiciel-courtier-sante-vichy,"noindex, follow",non,oui,"indexee historiquement, noindex depuis",/fr/*,"pSEO ville (local, noindex volontaire)",,NOINDEX,haute,page de masse volontairement sortie de l'index ; Google doit la retirer progressivement
https://courtiark.fr/fr/logiciel-courtier-sante-vierzon,fichier statique du depot,200,Logiciel pour courtier santé à Vierzon — COURTIA · courtiark.fr,https://courtiark.fr/fr/logiciel-courtier-sante-vierzon,"noindex, follow",non,oui,"indexee historiquement, noindex depuis",/fr/*,"pSEO ville (local, noindex volontaire)",,NOINDEX,haute,page de masse volontairement sortie de l'index ; Google doit la retirer progressivement
https://courtiark.fr/fr/logiciel-courtier-sante-villeurbanne,fichier statique du depot,200,Logiciel pour courtier santé à Villeurbanne — COURTIA · courtiark.fr,https://courtiark.fr/fr/logiciel-courtier-sante-villeurbanne,"noindex, follow",non,oui,"indexee historiquement, noindex depuis",/fr/*,"pSEO ville (local, noindex volontaire)",,NOINDEX,haute,page de masse volontairement sortie de l'index ; Google doit la retirer progressivement
https://courtiark.fr/fr/logiciel-courtier-sante-vincennes,fichier statique du depot,200,Logiciel pour courtier santé à Vincennes — COURTIA · courtiark.fr,https://courtiark.fr/fr/logiciel-courtier-sante-vincennes,"noindex, follow",non,oui,"indexee historiquement, noindex depuis",/fr/*,"pSEO ville (local, noindex volontaire)",,NOINDEX,haute,page de masse volontairement sortie de l'index ; Google doit la retirer progressivement
https://courtiark.fr/fr/logiciel-courtier-santé,fichier statique du depot,308,Redirection — COURTIA,https://courtiark.fr/fr/logiciel-courtier-sante,"noindex, follow",non,oui,"indexee historiquement, noindex depuis",/fr/*,page heritee non indexable,,NOINDEX,haute,conservee accessible mais hors index : decision editoriale
https://courtiark.fr/fr/logiciel-courtier-tns,fichier statique du depot,200,Logiciel pour courtier TNS et indépendants — COURTIA · courtiark.fr,https://courtiark.fr/fr/logiciel-courtier-tns,"index, follow, max-image-preview:large",non,oui,"indexee (historique, d'apres le rapport Search Console)",/fr/*,doublon semantique de l'ancien plan,https://courtiark.fr/crm-courtier-assurance,REDIRECT_308,moyenne,"correspondance par sujet, a confirmer si le contenu diverge"
https://courtiark.fr/fr/logiciel-courtier-transport-flotte,fichier statique du depot,200,Logiciel courtier transport et flotte : suivi multi-véhicules — COURTIA,https://courtiark.fr/fr/logiciel-courtier-transport-flotte,"index, follow",non,oui,"indexee (historique, d'apres le rapport Search Console)",/fr/*,doublon semantique de l'ancien plan,https://courtiark.fr/crm-courtier-assurance,REDIRECT_308,moyenne,"correspondance par sujet, a confirmer si le contenu diverge"
https://courtiark.fr/fr/logiciel-devis-courtier-assurance,fichier statique du depot,200,"Devis d&#x27;assurance : produire, suivre, faire signer — COURTIA",https://courtiark.fr/fr/logiciel-devis-courtier-assurance,"index, follow",non,oui,"indexee (historique, d'apres le rapport Search Console)",/fr/*,doublon semantique de l'ancien plan,https://courtiark.fr/fonctionnalites/relance-devis-assurance,REDIRECT_308,haute,"correspondance par sujet, a confirmer si le contenu diverge"
https://courtiark.fr/fr/logiciel-gestion-cabinet-courtage,fichier statique du depot,308,"Logiciel de gestion de cabinet de courtage : équipe, commissions, pilotage —",https://courtiark.fr/fr/logiciel-gestion-cabinet-courtage,"index, follow",non,oui,"indexee (historique, d'apres le rapport Search Console)",/fr/*,doublon semantique de l'ancien plan,https://courtiark.fr/crm-courtier-assurance,REDIRECT_308,moyenne,"correspondance par sujet, a confirmer si le contenu diverge"
https://courtiark.fr/fr/mesurer-temps-administratif-cabinet,fichier statique du depot,200,Mesurer le temps administratif d&#x27;un cabinet de courtage : la méthode,https://courtiark.fr/fr/mesurer-temps-administratif-cabinet,"index, follow",non,oui,"indexee (historique, d'apres le rapport Search Console)",/fr/*,page heritee sans correspondance identifiable,https://courtiark.fr/outils/calculateur-productivite-courtier,REDIRECT_308,faible,la methode de mesure est portee par l outil de productivite
https://courtiark.fr/fr/methode-editoriale-courtia,fichier statique du depot,200,Notre méthode éditoriale — COURTIA,https://courtiark.fr/fr/methode-editoriale-courtia,"index, follow",non,oui,"indexee (historique, d'apres le rapport Search Console)",/fr/*,page heritee sans correspondance identifiable,https://courtiark.fr/a-propos,REDIRECT_308,faible,informations d entite : page a propos
https://courtiark.fr/fr/organisation-cabinet-courtage,fichier statique du depot,200,Organiser un cabinet de courtage : méthodes et outils — COURTIA,https://courtiark.fr/fr/organisation-cabinet-courtage,"index, follow",non,oui,"indexee (historique, d'apres le rapport Search Console)",/fr/*,page heritee sans correspondance identifiable,https://courtiark.fr/guides/organiser-cabinet-courtage-25-points,REDIRECT_308,faible,equivalent actuel exact (guide 25 points)
https://courtiark.fr/fr/outil-courtier-assurance,fichier statique du depot,308,Outil pour courtier d&#x27;assurance : ce qu&#x27;il doit réunir — COURTIA,https://courtiark.fr/fr/outil-courtier-assurance,"index, follow",non,oui,"indexee (historique, d'apres le rapport Search Console)",/fr/*,doublon semantique de l'ancien plan,https://courtiark.fr/outils,REDIRECT_308,moyenne,"correspondance par sujet, a confirmer si le contenu diverge"
https://courtiark.fr/fr/outils,fichier statique du depot,200,Outils gratuits pour cabinet de courtage — COURTIA,https://courtiark.fr/fr/outils,"index, follow",non,oui,"indexee (historique, d'apres le rapport Search Console)",/fr/*,doublon semantique de l'ancien plan,https://courtiark.fr/outils,REDIRECT_308,moyenne,"correspondance par sujet, a confirmer si le contenu diverge"
https://courtiark.fr/fr/outils/calculateur-manipulations-administratives,fichier statique du depot,308,Calculateur : manipulations administratives d&#x27;un cabinet — COURTIA,https://courtiark.fr/fr/outils/calculateur-manipulations-administratives,"index, follow",non,oui,"indexee (historique, d'apres le rapport Search Console)",/fr/*,doublon semantique de l'ancien plan,https://courtiark.fr/outils/calculateur-productivite-courtier,REDIRECT_308,moyenne,"correspondance par sujet, a confirmer si le contenu diverge"
https://courtiark.fr/fr/outils/calculateur-roi-courtia,fichier statique du depot,200,Calculateur de retour sur investissement — COURTIA,https://courtiark.fr/fr/outils/calculateur-roi-courtia,"index, follow",non,oui,"indexee (historique, d'apres le rapport Search Console)",/fr/*,doublon semantique de l'ancien plan,https://courtiark.fr/outils/calculateur-productivite-courtier,REDIRECT_308,moyenne,"correspondance par sujet, a confirmer si le contenu diverge"
https://courtiark.fr/fr/outils/calculateur-temps-administratif,fichier statique du depot,308,Calculateur du temps administratif d&#x27;un cabinet de courtage — COURTIA,https://courtiark.fr/fr/outils/calculateur-temps-administratif,"index, follow",non,oui,"indexee (historique, d'apres le rapport Search Console)",/fr/*,doublon semantique de l'ancien plan,https://courtiark.fr/outils/calculateur-productivite-courtier,REDIRECT_308,moyenne,"correspondance par sujet, a confirmer si le contenu diverge"
https://courtiark.fr/fr/outils/diagnostic-automatisation-cabinet,fichier statique du depot,200,Diagnostic d&#x27;automatisation d&#x27;un cabinet de courtage — COURTIA,https://courtiark.fr/fr/outils/diagnostic-automatisation-cabinet,"index, follow",non,oui,"indexee (historique, d'apres le rapport Search Console)",/fr/*,doublon semantique de l'ancien plan,https://courtiark.fr/automatisation-courtier-assurance,REDIRECT_308,haute,"correspondance par sujet, a confirmer si le contenu diverge"
https://courtiark.fr/fr/partenaires-apporteurs-courtier-assurance,fichier statique du depot,200,Partenaires et apporteurs d&#x27;affaires d&#x27;un cabinet de courtage — COURTIA,https://courtiark.fr/fr/partenaires-apporteurs-courtier-assurance,"index, follow",non,oui,"indexee (historique, d'apres le rapport Search Console)",/fr/*,page heritee sans correspondance identifiable,https://courtiark.fr/fonctionnalites/gestion-clients,REDIRECT_308,faible,fonction reelle sans page dediee : RESTORE a envisager
https://courtiark.fr/fr/pipeline-kanban-courtier-assurance,fichier statique du depot,200,Pipeline visuel pour cabinet de courtage (Kanban) — COURTIA,https://courtiark.fr/fr/pipeline-kanban-courtier-assurance,"index, follow",non,oui,"indexee (historique, d'apres le rapport Search Console)",/fr/*,page heritee sans correspondance identifiable,https://courtiark.fr/fonctionnalites/prospection-assurance,REDIRECT_308,faible,fonctionnalite couverte par la page prospection
https://courtiark.fr/fr/portail-client-courtier-assurance,fichier statique du depot,200,Ce que le client peut faire seul dans un cabinet de courtage — COURTIA,https://courtiark.fr/fr/portail-client-courtier-assurance,"index, follow",non,oui,"indexee (historique, d'apres le rapport Search Console)",/fr/*,doublon semantique de l'ancien plan,https://courtiark.fr/fonctionnalites/gestion-clients,REDIRECT_308,haute,"correspondance par sujet, a confirmer si le contenu diverge"
https://courtiark.fr/fr/prioriser-dossiers-courtier-assurance,fichier statique du depot,200,Prioriser ses dossiers dans un cabinet de courtage — COURTIA,https://courtiark.fr/fr/prioriser-dossiers-courtier-assurance,"index, follow",non,oui,"indexee (historique, d'apres le rapport Search Console)",/fr/*,page heritee sans correspondance identifiable,https://courtiark.fr/fonctionnalites/assistant-ark,REDIRECT_308,faible,la priorisation est le role d ARK
https://courtiark.fr/fr/reduire-double-saisie-cabinet-courtage,fichier statique du depot,200,Réduire la double saisie dans un cabinet de courtage — COURTIA,https://courtiark.fr/fr/reduire-double-saisie-cabinet-courtage,"index, follow",non,oui,"indexee (historique, d'apres le rapport Search Console)",/fr/*,page heritee sans correspondance identifiable,https://courtiark.fr/guides/reduire-saisie-manuelle-courtier,REDIRECT_308,faible,equivalent actuel exact
https://courtiark.fr/fr/relance-client-assurance,fichier statique du depot,308,"Relances clients pour courtiers : suivre, préparer, envoyer — COURTIA",https://courtiark.fr/fr/relance-client-assurance,"index, follow",non,oui,"indexee (historique, d'apres le rapport Search Console)",/fr/*,doublon semantique de l'ancien plan,https://courtiark.fr/fonctionnalites/relance-devis-assurance,REDIRECT_308,haute,"correspondance par sujet, a confirmer si le contenu diverge"
https://courtiark.fr/fr/rendez-vous-courtier-assurance,fichier statique du depot,200,Rendez-vous et agenda d&#x27;un cabinet de courtage — COURTIA,https://courtiark.fr/fr/rendez-vous-courtier-assurance,"index, follow",non,oui,"indexee (historique, d'apres le rapport Search Console)",/fr/*,page heritee sans correspondance identifiable,https://courtiark.fr/fonctionnalites/gestion-clients,REDIRECT_308,faible,les rendez-vous vivent dans la fiche client
https://courtiark.fr/fr/reporting-pilotage-cabinet-courtage,fichier statique du depot,200,"Piloter un cabinet de courtage : indicateurs réels, décisions utiles — COURTIA",https://courtiark.fr/fr/reporting-pilotage-cabinet-courtage,"index, follow",non,oui,"indexee (historique, d'apres le rapport Search Console)",/fr/*,doublon semantique de l'ancien plan,https://courtiark.fr/fonctionnalites/reporting-courtier,REDIRECT_308,haute,"correspondance par sujet, a confirmer si le contenu diverge"
https://courtiark.fr/fr/sante-portefeuille-courtier-assurance,fichier statique du depot,200,Santé du portefeuille : quels dossiers risquent de partir — COURTIA,https://courtiark.fr/fr/sante-portefeuille-courtier-assurance,"index, follow",non,oui,"indexee (historique, d'apres le rapport Search Console)",/fr/*,doublon semantique de l'ancien plan,https://courtiark.fr/fonctionnalites/gestion-portefeuille-assurance,REDIRECT_308,haute,"correspondance par sujet, a confirmer si le contenu diverge"
https://courtiark.fr/fr/sinistres-courtier-assurance,fichier statique du depot,200,Suivi des sinistres en cabinet de courtage — COURTIA,https://courtiark.fr/fr/sinistres-courtier-assurance,"index, follow",non,oui,"indexee (historique, d'apres le rapport Search Console)",/fr/*,doublon semantique de l'ancien plan,https://courtiark.fr/crm-courtier-assurance,REDIRECT_308,faible,"correspondance par sujet, a confirmer si le contenu diverge"
https://courtiark.fr/fr/sources-courtia,fichier statique du depot,200,Nos sources — COURTIA,https://courtiark.fr/fr/sources-courtia,"index, follow",non,oui,"indexee (historique, d'apres le rapport Search Console)",/fr/*,page heritee sans correspondance identifiable,https://courtiark.fr/a-propos,REDIRECT_308,faible,informations d entite : page a propos
https://courtiark.fr/fr/tarifs-logiciel-courtier,fichier statique du depot,308,Tarifs du logiciel de courtage COURTIA — France (EUR),https://courtiark.fr/fr/tarifs-logiciel-courtier,"index, follow",non,oui,"indexee (historique, d'apres le rapport Search Console)",/fr/*,doublon semantique de l'ancien plan,https://courtiark.fr/tarifs,REDIRECT_308,haute,"correspondance par sujet, a confirmer si le contenu diverge"
https://courtiark.fr/fr/whatsapp-courtier-assurance,fichier statique du depot,200,WhatsApp dans un cabinet de courtage : canal client suivi — COURTIA,https://courtiark.fr/fr/whatsapp-courtier-assurance,"index, follow",non,oui,"indexee (historique, d'apres le rapport Search Console)",/fr/*,contenu unique sans equivalent,,KEEP,faible,page conservee : pas d'equivalent dans l'architecture actuelle
https://courtiark.fr/fr/workflows-courtier-assurance,fichier statique du depot,200,Processus pour courtiers en assurance : la bibliothèque — COURTIA,https://courtiark.fr/fr/workflows-courtier-assurance,"index, follow",non,oui,"indexee (historique, d'apres le rapport Search Console)",/fr/*,doublon semantique de l'ancien plan,https://courtiark.fr/automatisation-courtier-assurance,REDIRECT_308,moyenne,"correspondance par sujet, a confirmer si le contenu diverge"
https://courtiark.fr/fr/workflows/collecte-de-pieces,fichier statique du depot,200,Processus : collecte de pièces — bibliothèque courtier,https://courtiark.fr/fr/workflows/collecte-de-pieces,"index, follow",non,oui,"indexee (historique, d'apres le rapport Search Console)",/fr/*,doublon semantique de l'ancien plan,https://courtiark.fr/automatisation-courtier-assurance,REDIRECT_308,moyenne,"correspondance par sujet, a confirmer si le contenu diverge"
https://courtiark.fr/fr/workflows/mandat-et-kyc,fichier statique du depot,200,Processus : mandat et vérification du client — bibliothèque courtier,https://courtiark.fr/fr/workflows/mandat-et-kyc,"index, follow",non,oui,"indexee (historique, d'apres le rapport Search Console)",/fr/*,doublon semantique de l'ancien plan,https://courtiark.fr/automatisation-courtier-assurance,REDIRECT_308,moyenne,"correspondance par sujet, a confirmer si le contenu diverge"
https://courtiark.fr/fr/workflows/nouveau-prospect,fichier statique du depot,200,Processus : traiter un nouveau prospect — bibliothèque courtier,https://courtiark.fr/fr/workflows/nouveau-prospect,"index, follow",non,oui,"indexee (historique, d'apres le rapport Search Console)",/fr/*,doublon semantique de l'ancien plan,https://courtiark.fr/fonctionnalites/prospection-assurance,REDIRECT_308,haute,"correspondance par sujet, a confirmer si le contenu diverge"
https://courtiark.fr/fr/workflows/relance-de-devis,fichier statique du depot,200,Processus : relancer un devis sans y penser — bibliothèque courtier,https://courtiark.fr/fr/workflows/relance-de-devis,"index, follow",non,oui,"indexee (historique, d'apres le rapport Search Console)",/fr/*,doublon semantique de l'ancien plan,https://courtiark.fr/fonctionnalites/relance-devis-assurance,REDIRECT_308,haute,"correspondance par sujet, a confirmer si le contenu diverge"
https://courtiark.fr/fr/workflows/renouvellement,fichier statique du depot,200,Processus : renouvellement par paliers — bibliothèque courtier,https://courtiark.fr/fr/workflows/renouvellement,"index, follow",non,oui,"indexee (historique, d'apres le rapport Search Console)",/fr/*,doublon semantique de l'ancien plan,https://courtiark.fr/fonctionnalites/renouvellements-assurance,REDIRECT_308,haute,"correspondance par sujet, a confirmer si le contenu diverge"
https://courtiark.fr/fr/workflows/sinistre,fichier statique du depot,200,Processus : suivre un sinistre jusqu&#x27;à la clôture — bibliothèque courtier,https://courtiark.fr/fr/workflows/sinistre,"index, follow",non,oui,"indexee (historique, d'apres le rapport Search Console)",/fr/*,doublon semantique de l'ancien plan,https://courtiark.fr/automatisation-courtier-assurance,REDIRECT_308,moyenne,"correspondance par sujet, a confirmer si le contenu diverge"
https://courtiark.fr/landing,fichier statique du depot,308,COURTIA — CRM intelligent pour courtiers en assurance,,,non,oui,"indexee (historique, d'apres le rapport Search Console)",racine/autre,page heritee sans correspondance identifiable,https://courtiark.fr/,REDIRECT_308,faible,l ancienne landing portait exactement l intention de l accueil actuel
